Gender,LearningStyle,Extracurricular,Internet,OnlineCourses,EduTech,Resources,FinalGrade,Age,StudyHours,Attendance,Motivation,Discussions,AssignmentCompletion,ExamScore,StressLevel
0,2,0,1,19,0,1,3,19,19,64,0,1,59,40,1
0,3,0,1,8,0,1,2,23,19,64,0,0,90,66,1
0,1,0,1,11,1,1,0,28,19,64,0,0,67,99,1
0,2,1,1,19,0,1,3,19,19,64,0,1,59,40,1
0,3,1,1,8,0,1,2,23,19,64,0,0,90,66,1
0,1,1,1,11,1,1,0,28,19,64,0,0,67,99,1
0,2,1,1,19,0,0,3,19,19,64,0,1,59,40,1
0,3,1,1,8,0,0,2,23,19,64,0,0,90,66,1
0,1,1,1,11,1,0,0,28,19,64,0,0,67,99,1
0,2,1,1,19,0,1,3,19,19,64,1,1,59,40,1
0,3,1,1,8,0,1,2,23,19,64,1,0,90,66,1
0,1,1,1,11,1,1,0,28,19,64,1,0,67,99,1
0,2,0,1,19,0,2,3,19,19,64,1,1,59,40,1
0,3,0,1,8,0,2,2,23,19,64,1,0,90,66,1
0,1,0,1,11,1,2,0,28,19,64,1,0,67,99,1
1,0,1,1,14,1,1,3,29,24,98,1,0,65,46,2
1,0,1,1,0,1,1,1,27,24,98,1,1,71,83,0
1,1,1,1,16,1,1,0,25,24,98,1,1,61,95,0
1,0,0,1,14,1,0,3,29,24,98,2,0,65,46,2
1,0,0,1,0,1,0,1,27,24,98,2,1,71,83,0
1,1,0,1,16,1,0,0,25,24,98,2,1,61,95,0
1,0,0,1,14,1,0,3,29,24,98,1,0,65,46,2
1,0,0,1,0,1,0,1,27,24,98,1,1,71,83,0
1,1,0,1,16,1,0,0,25,24,98,1,1,61,95,0
1,0,1,1,14,1,1,3,29,24,98,2,0,65,46,2
1,0,1,1,0,1,1,1,27,24,98,2,1,71,83,0
1,1,1,1,16,1,1,0,25,24,98,2,1,61,95,0
1,0,0,0,14,1,0,3,29,24,98,0,0,65,46,2
1,0,0,0,0,1,0,1,27,24,98,0,1,71,83,0
1,1,0,0,16,1,0,0,25,24,98,0,1,61,95,0
1,0,1,1,9,1,1,3,20,29,89,1,1,75,54,2
1,2,1,1,15,1,1,3,23,29,89,1,1,59,42,2
1,0,1,1,1,1,1,2,23,29,89,1,0,96,62,2
1,0,1,1,9,1,0,3,20,29,89,0,1,75,54,2
1,2,1,1,15,1,0,3,23,29,89,0,1,59,42,2
1,0,1,1,1,1,0,2,23,29,89,0,0,96,62,2
0,3,1,1,4,1,1,3,19,19,92,1,1,63,40,2
0,2,1,1,14,1,1,0,26,19,92,1,0,86,94,2
0,3,0,1,4,1,2,3,19,19,92,1,1,63,40,2
0,2,0,1,14,1,2,0,26,19,92,1,0,86,94,2
0,3,1,1,4,1,2,3,19,19,92,1,1,63,40,2
0,2,1,1,14,1,2,0,26,19,92,1,0,86,94,2
0,3,0,1,4,1,1,3,19,19,92,2,1,63,40,2
0,2,0,1,14,1,1,0,26,19,92,2,0,86,94,2
1,2,1,1,2,1,0,3,21,29,84,0,1,57,48,2
1,2,1,1,6,1,0,2,28,29,84,0,0,74,60,0
1,2,1,1,2,1,1,3,21,29,84,1,1,57,48,2
1,2,1,1,6,1,1,2,28,29,84,1,0,74,60,0
1,2,1,1,9,1,2,2,18,25,78,1,0,91,58,2
1,2,1,1,9,1,0,2,18,25,78,1,0,91,58,2
1,3,0,1,14,0,2,0,19,17,94,2,1,74,92,2
1,3,0,1,14,0,1,0,19,17,94,0,1,74,92,2
1,3,0,1,14,0,1,0,19,17,94,1,1,74,92,2
1,3,1,1,14,0,1,0,19,17,94,1,1,74,92,2
1,3,0,1,14,0,0,0,19,17,94,2,1,74,92,2
1,3,1,1,14,0,0,0,19,17,94,0,1,74,92,2
1,3,1,1,14,0,2,0,19,17,94,1,1,74,92,2
1,2,1,1,16,0,1,2,27,23,98,1,0,65,58,2
1,1,1,1,15,0,1,0,27,23,98,1,1,100,93,2
1,2,0,1,16,0,0,2,27,23,98,1,0,65,58,2
1,1,0,1,15,0,0,0,27,23,98,1,1,100,93,2
1,2,0,1,16,0,2,2,27,23,98,1,0,65,58,2
1,1,0,1,15,0,2,0,27,23,98,1,1,100,93,2
1,2,1,1,16,0,2,2,27,23,98,0,0,65,58,2
1,1,1,1,15,0,2,0,27,23,98,0,1,100,93,2
1,1,0,0,5,0,2,1,18,17,80,1,1,68,73,2
1,3,0,0,3,1,2,2,24,17,80,1,1,64,69,0
1,0,0,0,18,1,2,0,23,17,80,1,1,68,87,1
1,0,0,0,4,1,2,0,27,17,80,1,0,64,88,0
1,1,0,0,0,1,2,1,29,17,80,1,1,73,78,0
1,1,0,1,5,0,1,1,18,17,80,1,1,68,73,2
1,3,0,1,3,1,1,2,24,17,80,1,1,64,69,0
1,0,0,1,18,1,1,0,23,17,80,1,1,68,87,1
1,0,0,1,4,1,1,0,27,17,80,1,0,64,88,0
1,1,0,1,0,1,1,1,29,17,80,1,1,73,78,0
1,1,0,1,5,0,2,1,18,17,80,1,1,68,73,2
1,3,0,1,3,1,2,2,24,17,80,1,1,64,69,0
1,0,0,1,18,1,2,0,23,17,80,1,1,68,87,1
1,0,0,1,4,1,2,0,27,17,80,1,0,64,88,0
1,1,0,1,0,1,2,1,29,17,80,1,1,73,78,0
1,1,1,1,20,1,2,0,27,17,97,0,0,64,87,1
1,2,1,1,13,1,2,1,25,17,97,0,1,70,82,1
1,1,0,1,20,1,1,0,27,17,97,1,0,64,87,1
1,2,0,1,13,1,1,1,25,17,97,1,1,70,82,1
1,1,0,1,20,1,2,0,27,17,97,2,0,64,87,1
1,2,0,1,13,1,2,1,25,17,97,2,1,70,82,1
1,1,1,0,20,1,2,0,27,17,97,1,0,64,87,1
1,2,1,0,13,1,2,1,25,17,97,1,1,70,82,1
1,1,0,1,20,1,2,0,27,17,97,1,0,64,87,1
1,2,0,1,13,1,2,1,25,17,97,1,1,70,82,1
1,1,1,1,20,1,0,0,27,17,97,1,0,64,87,1
1,2,1,1,13,1,0,1,25,17,97,1,1,70,82,1
1,1,1,1,20,1,1,0,27,17,97,1,0,64,87,1
1,2,1,1,13,1,1,1,25,17,97,1,1,70,82,1
1,1,0,0,20,1,0,0,27,17,97,2,0,64,87,1
1,2,0,0,13,1,0,1,25,17,97,2,1,70,82,1
1,1,1,1,20,1,1,0,27,17,97,0,0,64,87,1
1,2,1,1,13,1,1,1,25,17,97,0,1,70,82,1
1,2,1,1,1,0,1,0,27,21,83,0,0,66,86,1
1,0,1,1,18,1,1,0,27,21,83,0,1,77,96,1
1,2,1,1,1,0,1,0,27,21,83,2,0,66,86,1
1,0,1,1,18,1,1,0,27,21,83,2,1,77,96,1
1,2,0,1,1,0,0,0,27,21,83,0,0,66,86,1
1,0,0,1,18,1,0,0,27,21,83,0,1,77,96,1
1,2,1,1,1,0,0,0,27,21,83,0,0,66,86,1
1,0,1,1,18,1,0,0,27,21,83,0,1,77,96,1
1,2,1,1,1,0,2,0,27,21,83,2,0,66,86,1
1,0,1,1,18,1,2,0,27,21,83,2,1,77,96,1
1,2,0,1,1,0,2,0,27,21,83,1,0,66,86,1
1,0,0,1,18,1,2,0,27,21,83,1,1,77,96,1
1,3,1,1,9,1,1,3,18,9,82,1,0,55,40,2
1,3,1,1,5,1,1,3,25,9,82,1,0,73,46,2
1,2,1,1,16,1,2,2,27,10,78,1,0,71,68,2
1,3,1,1,9,1,2,1,20,10,78,1,0,85,78,2
0,3,0,1,0,1,1,3,19,17,68,1,1,75,42,1
0,2,0,1,15,1,1,2,24,17,68,1,1,87,64,2
0,3,0,1,11,1,1,3,20,17,68,1,1,88,49,1
0,3,1,1,0,1,1,3,19,17,68,1,1,75,42,1
0,2,1,1,15,1,1,2,24,17,68,1,1,87,64,2
0,3,1,1,11,1,1,3,20,17,68,1,1,88,49,1
0,3,0,1,0,1,1,3,19,17,68,2,1,75,42,1
0,2,0,1,15,1,1,2,24,17,68,2,1,87,64,2
0,3,0,1,11,1,1,3,20,17,68,2,1,88,49,1
0,3,1,1,0,1,2,3,19,17,68,1,1,75,42,1
0,2,1,1,15,1,2,2,24,17,68,1,1,87,64,2
0,3,1,1,11,1,2,3,20,17,68,1,1,88,49,1
0,3,1,1,0,1,0,3,19,17,68,2,1,75,42,1
0,2,1,1,15,1,0,2,24,17,68,2,1,87,64,2
0,3,1,1,11,1,0,3,20,17,68,2,1,88,49,1
0,3,1,1,1,1,1,3,22,22,70,1,1,74,40,2
0,3,0,1,1,1,1,3,22,22,70,0,1,74,40,2
0,3,1,1,1,1,2,3,22,22,70,2,1,74,40,2
0,3,1,1,1,1,1,3,22,22,70,0,1,74,40,2
0,3,1,1,1,1,2,3,22,22,70,1,1,74,40,2
0,2,1,1,12,0,1,2,23,15,80,0,0,50,56,1
0,2,1,1,18,1,1,0,21,15,80,0,1,87,89,0
0,1,1,1,5,1,1,1,23,15,80,0,1,56,75,2
0,2,0,1,12,0,2,2,23,15,80,1,0,50,56,1
0,2,0,1,18,1,2,0,21,15,80,1,1,87,89,0
0,1,0,1,5,1,2,1,23,15,80,1,1,56,75,2
0,2,0,1,12,0,0,2,23,15,80,2,0,50,56,1
0,2,0,1,18,1,0,0,21,15,80,2,1,87,89,0
0,1,0,1,5,1,0,1,23,15,80,2,1,56,75,2
0,2,0,1,12,0,1,2,23,15,80,1,0,50,56,1
0,2,0,1,18,1,1,0,21,15,80,1,1,87,89,0
0,1,0,1,5,1,1,1,23,15,80,1,1,56,75,2
0,2,1,1,12,0,1,2,23,15,80,1,0,50,56,1
0,2,1,1,18,1,1,0,21,15,80,1,1,87,89,0
0,1,1,1,5,1,1,1,23,15,80,1,1,56,75,2
1,0,1,1,8,1,2,1,21,12,75,1,1,66,71,2
1,2,1,1,13,1,2,3,22,12,75,1,1,55,48,1
0,0,0,1,12,1,1,0,28,29,78,2,1,67,91,2
0,0,1,1,12,1,2,0,28,29,78,1,1,67,91,2
1,3,0,1,5,1,2,2,25,19,99,1,1,91,56,0
1,3,0,1,5,1,1,2,25,19,99,1,1,91,56,0
1,3,0,1,5,1,2,2,25,19,99,0,1,91,56,0
1,3,1,1,5,1,2,2,25,19,99,0,1,91,56,0
1,3,0,1,5,1,0,2,25,19,99,1,1,91,56,0
1,3,1,1,5,1,1,2,25,19,99,0,1,91,56,0
1,3,1,1,5,1,1,2,25,19,99,1,1,91,56,0
1,3,0,1,5,1,0,2,25,19,99,2,1,91,56,0
1,3,1,1,5,1,2,2,25,19,99,1,1,91,56,0
0,3,0,1,14,1,2,0,22,20,74,0,1,93,97,2
0,1,0,1,13,0,2,2,24,20,74,0,1,68,67,1
0,0,0,1,5,0,2,2,29,20,74,0,0,80,65,0
0,3,1,1,14,1,1,0,22,20,74,0,1,93,97,2
0,1,1,1,13,0,1,2,24,20,74,0,1,68,67,1
0,0,1,1,5,0,1,2,29,20,74,0,0,80,65,0
0,3,1,0,14,1,2,0,22,20,74,1,1,93,97,2
0,1,1,0,13,0,2,2,24,20,74,1,1,68,67,1
0,0,1,0,5,0,2,2,29,20,74,1,0,80,65,0
0,3,1,1,14,1,1,0,22,20,74,2,1,93,97,2
0,1,1,1,13,0,1,2,24,20,74,2,1,68,67,1
0,0,1,1,5,0,1,2,29,20,74,2,0,80,65,0
0,3,1,1,14,1,0,0,22,20,74,2,1,93,97,2
0,1,1,1,13,0,0,2,24,20,74,2,1,68,67,1
0,0,1,1,5,0,0,2,29,20,74,2,0,80,65,0
1,2,1,1,15,0,1,1,25,11,78,2,1,59,77,1
1,0,1,1,7,1,1,1,27,11,78,2,0,69,77,2
1,0,1,1,5,1,1,0,18,11,78,2,0,62,90,2
1,2,1,1,14,1,1,0,19,11,78,2,1,80,98,2
1,3,1,1,19,1,1,1,21,11,78,2,1,96,83,1
1,2,1,1,15,0,2,1,25,11,78,1,1,59,77,1
1,0,1,1,7,1,2,1,27,11,78,1,0,69,77,2
1,0,1,1,5,1,2,0,18,11,78,1,0,62,90,2
1,2,1,1,14,1,2,0,19,11,78,1,1,80,98,2
1,3,1,1,19,1,2,1,21,11,78,1,1,96,83,1
0,2,1,1,4,0,2,1,28,17,65,1,0,88,72,0
0,1,1,1,8,1,2,2,21,17,65,1,0,79,58,2
0,2,1,1,4,0,0,1,28,17,65,1,0,88,72,0
0,1,1,1,8,1,0,2,21,17,65,1,0,79,58,2
0,2,0,1,4,0,1,1,28,17,65,1,0,88,72,0
0,1,0,1,8,1,1,2,21,17,65,1,0,79,58,2
1,2,1,1,20,0,0,3,26,21,62,2,1,65,46,2
1,2,0,1,20,0,0,3,26,21,62,2,1,65,46,2
1,2,0,1,20,0,1,3,26,21,62,1,1,65,46,2
0,0,0,1,18,0,1,2,19,13,91,1,1,64,63,1
0,3,0,1,4,0,1,1,25,13,91,1,0,73,77,2
0,0,0,1,5,0,1,0,21,13,91,1,1,98,100,2
0,1,0,1,14,1,1,0,29,13,91,1,1,66,90,2
0,1,0,1,3,1,1,3,28,13,91,1,1,85,46,2
0,2,0,1,10,0,1,2,19,13,91,1,0,89,61,2
0,0,1,1,18,0,1,2,19,13,91,1,1,64,63,1
0,3,1,1,4,0,1,1,25,13,91,1,0,73,77,2
0,0,1,1,5,0,1,0,21,13,91,1,1,98,100,2
0,1,1,1,14,1,1,0,29,13,91,1,1,66,90,2
0,1,1,1,3,1,1,3,28,13,91,1,1,85,46,2
0,2,1,1,10,0,1,2,19,13,91,1,0,89,61,2
1,2,1,1,3,1,2,1,28,22,83,1,0,96,75,2
1,2,1,1,3,1,1,1,28,22,83,2,0,96,75,2
1,2,1,0,3,1,1,1,28,22,83,2,0,96,75,2
1,2,1,1,3,1,0,1,28,22,83,1,0,96,75,2
0,1,0,1,0,0,1,3,19,16,90,1,1,90,52,2
0,1,0,0,0,0,1,3,19,16,90,2,1,90,52,2
0,1,1,1,0,0,2,3,19,16,90,1,1,90,52,2
0,1,1,1,0,0,2,3,19,16,90,2,1,90,52,2
1,1,0,1,14,1,2,1,22,18,66,0,0,50,73,1
1,2,0,1,3,1,2,2,27,18,66,0,0,57,60,0
1,1,0,1,14,1,1,1,22,18,66,1,0,50,73,1
1,2,0,1,3,1,1,2,27,18,66,1,0,57,60,0
1,1,0,1,14,1,2,1,22,18,66,1,0,50,73,1
1,2,0,1,3,1,2,2,27,18,66,1,0,57,60,0
1,1,1,1,14,1,2,1,22,18,66,1,0,50,73,1
1,2,1,1,3,1,2,2,27,18,66,1,0,57,60,0
1,1,1,0,14,1,1,1,22,18,66,0,0,50,73,1
1,2,1,0,3,1,1,2,27,18,66,0,0,57,60,0
1,1,1,0,14,1,2,1,22,18,66,1,0,50,73,1
1,2,1,0,3,1,2,2,27,18,66,1,0,57,60,0
1,1,1,1,14,1,1,1,22,18,66,2,0,50,73,1
1,2,1,1,3,1,1,2,27,18,66,2,0,57,60,0
1,1,1,1,14,1,1,1,22,18,66,1,0,50,73,1
1,2,1,1,3,1,1,2,27,18,66,1,0,57,60,0
0,1,0,1,4,0,1,2,27,16,83,1,1,52,66,1
0,1,0,1,0,1,1,2,26,16,83,1,0,96,56,0
0,1,1,1,4,0,2,2,27,16,83,0,1,52,66,1
0,1,1,1,0,1,2,2,26,16,83,0,0,96,56,0
0,1,1,1,4,0,1,2,27,16,83,1,1,52,66,1
0,1,1,1,0,1,1,2,26,16,83,1,0,96,56,0
0,1,1,1,4,0,1,2,27,16,83,2,1,52,66,1
0,1,1,1,0,1,1,2,26,16,83,2,0,96,56,0
0,1,1,1,4,0,1,2,27,16,83,0,1,52,66,1
0,1,1,1,0,1,1,2,26,16,83,0,0,96,56,0
0,1,0,1,4,0,1,2,27,16,83,0,1,52,66,1
0,1,0,1,0,1,1,2,26,16,83,0,0,96,56,0
1,2,1,1,1,1,2,1,28,31,70,1,0,52,71,2
1,3,1,1,14,1,1,1,21,20,69,1,1,87,79,0
1,3,1,1,20,0,1,0,18,20,69,1,0,82,97,2
1,3,1,1,14,1,2,1,21,20,69,1,1,87,79,0
1,3,1,1,20,0,2,0,18,20,69,1,0,82,97,2
1,3,0,1,14,1,2,1,21,20,69,0,1,87,79,0
1,3,0,1,20,0,2,0,18,20,69,0,0,82,97,2
1,3,1,1,14,1,1,1,21,20,69,2,1,87,79,0
1,3,1,1,20,0,1,0,18,20,69,2,0,82,97,2
0,0,0,1,17,1,1,3,18,14,60,1,0,88,52,2
0,0,1,1,17,1,0,3,18,14,60,0,0,88,52,2
0,3,0,1,0,0,1,3,25,25,65,1,1,62,51,1
0,3,0,1,4,1,1,2,28,25,65,1,1,100,55,0
0,3,1,1,0,0,2,3,25,25,65,2,1,62,51,1
0,3,1,1,4,1,2,2,28,25,65,2,1,100,55,0
0,3,1,1,0,0,0,3,25,25,65,1,1,62,51,1
0,3,1,1,4,1,0,2,28,25,65,1,1,100,55,0
0,3,1,1,0,0,1,3,25,25,65,1,1,62,51,1
0,3,1,1,4,1,1,2,28,25,65,1,1,100,55,0
0,3,1,0,0,0,2,3,25,25,65,0,1,62,51,1
0,3,1,0,4,1,2,2,28,25,65,0,1,100,55,0
0,3,1,1,1,1,0,3,20,21,65,0,1,54,54,0
0,1,1,1,12,0,0,1,24,21,65,0,1,96,78,2
0,3,1,0,1,1,2,3,20,21,65,0,1,54,54,0
0,1,1,0,12,0,2,1,24,21,65,0,1,96,78,2
0,2,0,1,20,0,1,0,28,8,99,0,1,99,97,1
0,1,0,1,15,1,1,3,23,8,99,0,1,89,54,1
0,3,0,1,17,0,1,0,20,8,99,0,1,59,91,0
0,2,1,1,20,0,2,0,28,8,99,1,1,99,97,1
0,1,1,1,15,1,2,3,23,8,99,1,1,89,54,1
0,3,1,1,17,0,2,0,20,8,99,1,1,59,91,0
0,1,1,1,7,0,1,0,28,12,72,1,1,58,100,1
0,2,1,1,13,1,1,3,26,12,72,1,1,51,42,2
0,1,1,1,16,1,1,1,29,12,72,1,0,61,73,1
0,1,1,1,7,0,0,0,28,12,72,2,1,58,100,1
0,2,1,1,13,1,0,3,26,12,72,2,1,51,42,2
0,1,1,1,16,1,0,1,29,12,72,2,0,61,73,1
0,1,0,1,7,0,1,0,28,12,72,2,1,58,100,1
0,2,0,1,13,1,1,3,26,12,72,2,1,51,42,2
0,1,0,1,16,1,1,1,29,12,72,2,0,61,73,1
0,1,0,1,7,0,1,0,28,12,72,0,1,58,100,1
0,2,0,1,13,1,1,3,26,12,72,0,1,51,42,2
0,1,0,1,16,1,1,1,29,12,72,0,0,61,73,1
1,0,1,1,0,1,1,0,21,21,65,0,0,93,95,1
1,0,1,0,0,1,0,0,21,21,65,2,0,93,95,1
1,0,0,1,0,1,1,0,21,21,65,2,0,93,95,1
1,0,0,1,0,1,2,0,21,21,65,0,0,93,95,1
1,0,1,1,0,1,1,0,21,21,65,1,0,93,95,1
1,0,0,1,0,1,1,0,21,21,65,1,0,93,95,1
1,0,1,1,0,1,2,0,21,21,65,2,0,93,95,1
1,0,0,1,0,1,2,0,21,21,65,1,0,93,95,1
1,2,0,1,5,1,1,2,29,24,68,0,1,78,61,1
1,2,0,1,5,1,1,2,29,24,68,1,1,78,61,1
1,2,1,1,5,1,1,2,29,24,68,2,1,78,61,1
1,2,1,1,5,1,1,2,29,24,68,0,1,78,61,1
1,2,1,1,5,1,2,2,29,24,68,0,1,78,61,1
1,2,1,1,5,1,1,2,29,24,68,1,1,78,61,1
1,2,1,0,5,1,1,2,29,24,68,1,1,78,61,1
1,2,1,1,5,1,0,2,29,24,68,0,1,78,61,1
0,0,1,1,3,1,1,2,23,21,84,0,0,79,56,2
0,0,0,1,3,1,0,2,23,21,84,0,0,79,56,2
0,0,0,1,3,1,1,2,23,21,84,1,0,79,56,2
0,0,1,1,3,1,2,2,23,21,84,0,0,79,56,2
0,0,1,1,3,1,0,2,23,21,84,0,0,79,56,2
1,0,1,1,0,1,2,0,21,18,94,1,1,83,93,2
1,1,1,1,9,1,2,3,29,18,94,1,1,55,51,2
1,0,1,1,0,1,1,0,21,18,94,2,1,83,93,2
1,1,1,1,9,1,1,3,29,18,94,2,1,55,51,2
1,0,1,1,0,1,2,0,21,18,94,0,1,83,93,2
1,1,1,1,9,1,2,3,29,18,94,0,1,55,51,2
1,0,1,1,0,1,1,0,21,18,94,1,1,83,93,2
1,1,1,1,9,1,1,3,29,18,94,1,1,55,51,2
1,0,0,1,0,1,1,0,21,18,94,0,1,83,93,2
1,1,0,1,9,1,1,3,29,18,94,0,1,55,51,2
1,0,1,0,0,1,1,0,21,18,94,0,1,83,93,2
1,1,1,0,9,1,1,3,29,18,94,0,1,55,51,2
1,0,1,1,3,1,1,1,25,11,98,0,0,77,81,0
1,2,1,1,18,1,1,3,25,11,98,0,1,94,52,2
1,0,1,1,4,0,1,0,26,11,98,0,0,58,87,2
1,0,1,1,3,1,2,1,25,11,98,2,0,77,81,0
1,2,1,1,18,1,2,3,25,11,98,2,1,94,52,2
1,0,1,1,4,0,2,0,26,11,98,2,0,58,87,2
1,2,1,1,18,1,1,1,28,16,70,1,1,94,84,0
1,0,1,1,13,1,1,1,22,16,70,1,0,89,83,2
1,2,1,1,13,1,1,0,19,16,70,1,1,53,86,2
1,2,1,1,18,1,2,1,28,16,70,2,1,94,84,0
1,0,1,1,13,1,2,1,22,16,70,2,0,89,83,2
1,2,1,1,13,1,2,0,19,16,70,2,1,53,86,2
0,1,1,1,6,0,1,2,24,17,78,1,1,84,59,0
0,3,1,1,20,1,1,0,26,17,78,1,0,90,85,2
0,1,1,1,13,0,1,0,29,17,78,1,1,58,85,2
0,1,0,1,6,0,2,2,24,17,78,1,1,84,59,0
0,3,0,1,20,1,2,0,26,17,78,1,0,90,85,2
0,1,0,1,13,0,2,0,29,17,78,1,1,58,85,2
0,1,0,0,6,0,1,2,24,17,78,1,1,84,59,0
0,3,0,0,20,1,1,0,26,17,78,1,0,90,85,2
0,1,0,0,13,0,1,0,29,17,78,1,1,58,85,2
0,1,1,1,6,0,1,2,24,17,78,0,1,84,59,0
0,3,1,1,20,1,1,0,26,17,78,0,0,90,85,2
0,1,1,1,13,0,1,0,29,17,78,0,1,58,85,2
0,2,1,1,13,1,0,0,28,26,61,1,0,69,99,2
0,2,1,1,13,1,1,0,28,26,61,2,0,69,99,2
0,2,1,0,13,1,2,0,28,26,61,1,0,69,99,2
1,0,1,1,20,1,1,3,23,22,86,0,0,60,47,2
1,3,1,1,17,1,1,2,24,22,86,0,1,73,55,2
1,1,1,1,19,1,1,0,19,22,86,0,0,100,87,0
1,3,1,1,18,1,1,0,24,22,86,0,1,86,96,2
1,0,0,1,20,1,0,3,23,22,86,1,0,60,47,2
1,3,0,1,17,1,0,2,24,22,86,1,1,73,55,2
1,1,0,1,19,1,0,0,19,22,86,1,0,100,87,0
1,3,0,1,18,1,0,0,24,22,86,1,1,86,96,2
1,0,1,1,20,1,1,3,23,22,86,2,0,60,47,2
1,3,1,1,17,1,1,2,24,22,86,2,1,73,55,2
1,1,1,1,19,1,1,0,19,22,86,2,0,100,87,0
1,3,1,1,18,1,1,0,24,22,86,2,1,86,96,2
1,0,1,1,20,1,1,3,23,22,86,1,0,60,47,2
1,3,1,1,17,1,1,2,24,22,86,1,1,73,55,2
1,1,1,1,19,1,1,0,19,22,86,1,0,100,87,0
1,3,1,1,18,1,1,0,24,22,86,1,1,86,96,2
1,0,0,1,20,1,1,3,23,22,86,0,0,60,47,2
1,3,0,1,17,1,1,2,24,22,86,0,1,73,55,2
1,1,0,1,19,1,1,0,19,22,86,0,0,100,87,0
1,3,0,1,18,1,1,0,24,22,86,0,1,86,96,2
1,0,0,1,20,1,1,3,23,22,86,2,0,60,47,2
1,3,0,1,17,1,1,2,24,22,86,2,1,73,55,2
1,1,0,1,19,1,1,0,19,22,86,2,0,100,87,0
1,3,0,1,18,1,1,0,24,22,86,2,1,86,96,2
1,3,0,1,15,1,1,1,24,9,77,1,1,63,76,0
1,2,0,1,14,1,1,2,18,9,77,1,1,61,65,0
1,1,0,1,8,1,1,2,28,9,77,1,0,51,66,2
1,3,0,1,15,1,1,1,24,9,77,0,1,63,76,0
1,2,0,1,14,1,1,2,18,9,77,0,1,61,65,0
1,1,0,1,8,1,1,2,28,9,77,0,0,51,66,2
1,3,1,1,15,1,2,1,24,9,77,1,1,63,76,0
1,2,1,1,14,1,2,2,18,9,77,1,1,61,65,0
1,1,1,1,8,1,2,2,28,9,77,1,0,51,66,2
1,3,0,1,15,1,0,1,24,9,77,1,1,63,76,0
1,2,0,1,14,1,0,2,18,9,77,1,1,61,65,0
1,1,0,1,8,1,0,2,28,9,77,1,0,51,66,2
1,0,1,1,10,1,1,3,20,22,71,0,0,71,52,2
1,0,0,1,10,1,1,3,20,22,71,2,0,71,52,2
1,0,0,1,10,1,1,3,20,22,71,0,0,71,52,2
1,0,1,1,10,1,1,3,20,22,71,1,0,71,52,2
1,0,1,1,10,1,2,3,20,22,71,1,0,71,52,2
1,0,1,1,10,1,0,3,20,22,71,1,0,71,52,2
1,0,0,1,13,0,1,0,26,18,68,1,0,93,92,2
1,3,0,1,13,0,1,0,18,18,68,1,0,55,98,0
1,0,0,1,13,0,2,0,26,18,68,0,0,93,92,2
1,3,0,1,13,0,2,0,18,18,68,0,0,55,98,0
1,0,1,1,13,0,2,0,26,18,68,0,0,93,92,2
1,3,1,1,13,0,2,0,18,18,68,0,0,55,98,0
1,0,1,1,13,0,2,0,26,18,68,2,0,93,92,2
1,3,1,1,13,0,2,0,18,18,68,2,0,55,98,0
1,0,1,1,13,0,1,0,26,18,68,2,0,93,92,2
1,3,1,1,13,0,1,0,18,18,68,2,0,55,98,0
1,0,1,1,13,0,0,0,26,18,68,1,0,93,92,2
1,3,1,1,13,0,0,0,18,18,68,1,0,55,98,0
1,0,0,1,13,0,2,0,26,18,68,1,0,93,92,2
1,3,0,1,13,0,2,0,18,18,68,1,0,55,98,0
1,1,1,1,2,1,1,0,26,16,86,1,1,92,94,1
1,2,1,1,7,1,1,0,18,16,86,1,1,100,98,1
1,1,1,1,7,1,1,0,29,16,86,1,0,60,92,2
1,1,0,1,2,1,2,0,26,16,86,1,1,92,94,1
1,2,0,1,7,1,2,0,18,16,86,1,1,100,98,1
1,1,0,1,7,1,2,0,29,16,86,1,0,60,92,2
1,1,1,1,2,1,1,0,26,16,86,0,1,92,94,1
1,2,1,1,7,1,1,0,18,16,86,0,1,100,98,1
1,1,1,1,7,1,1,0,29,16,86,0,0,60,92,2
1,1,1,1,2,1,1,0,26,16,86,2,1,92,94,1
1,2,1,1,7,1,1,0,18,16,86,2,1,100,98,1
1,1,1,1,7,1,1,0,29,16,86,2,0,60,92,2
1,1,0,1,2,1,1,0,26,16,86,2,1,92,94,1
1,2,0,1,7,1,1,0,18,16,86,2,1,100,98,1
1,1,0,1,7,1,1,0,29,16,86,2,0,60,92,2
1,1,0,1,2,1,0,0,26,16,86,0,1,92,94,1
1,2,0,1,7,1,0,0,18,16,86,0,1,100,98,1
1,1,0,1,7,1,0,0,29,16,86,0,0,60,92,2
0,0,0,1,5,0,0,2,22,24,77,1,1,99,66,0
0,1,0,1,5,1,0,3,19,24,77,1,0,82,51,2
0,3,0,1,8,1,0,2,26,24,77,1,0,76,62,0
0,2,0,1,2,0,0,2,19,24,77,1,1,71,62,1
0,0,0,1,5,0,2,2,22,24,77,2,1,99,66,0
0,1,0,1,5,1,2,3,19,24,77,2,0,82,51,2
0,3,0,1,8,1,2,2,26,24,77,2,0,76,62,0
0,2,0,1,2,0,2,2,19,24,77,2,1,71,62,1
0,0,0,1,5,0,1,2,22,24,77,2,1,99,66,0
0,1,0,1,5,1,1,3,19,24,77,2,0,82,51,2
0,3,0,1,8,1,1,2,26,24,77,2,0,76,62,0
0,2,0,1,2,0,1,2,19,24,77,2,1,71,62,1
0,1,1,1,0,0,2,1,26,26,67,0,1,91,82,0
0,0,1,1,7,1,2,3,18,26,67,0,0,75,43,1
0,0,1,1,0,1,2,2,19,26,67,0,1,100,63,2
0,1,0,1,0,0,2,1,26,26,67,1,1,91,82,0
0,0,0,1,7,1,2,3,18,26,67,1,0,75,43,1
0,0,0,1,0,1,2,2,19,26,67,1,1,100,63,2
0,1,1,1,0,0,1,1,26,26,67,1,1,91,82,0
0,0,1,1,7,1,1,3,18,26,67,1,0,75,43,1
0,0,1,1,0,1,1,2,19,26,67,1,1,100,63,2
0,1,0,1,0,0,1,1,26,26,67,1,1,91,82,0
0,0,0,1,7,1,1,3,18,26,67,1,0,75,43,1
0,0,0,1,0,1,1,2,19,26,67,1,1,100,63,2
0,1,1,1,0,0,0,1,26,26,67,1,1,91,82,0
0,0,1,1,7,1,0,3,18,26,67,1,0,75,43,1
0,0,1,1,0,1,0,2,19,26,67,1,1,100,63,2
1,3,1,1,15,1,2,2,28,26,88,1,1,98,62,1
1,1,1,1,20,1,2,3,19,26,88,1,0,55,50,2
1,2,1,1,15,1,2,3,28,26,88,1,1,54,54,2
1,3,0,1,15,1,0,2,28,26,88,0,1,98,62,1
1,1,0,1,20,1,0,3,19,26,88,0,0,55,50,2
1,2,0,1,15,1,0,3,28,26,88,0,1,54,54,2
1,3,0,1,15,1,2,2,28,26,88,1,1,98,62,1
1,1,0,1,20,1,2,3,19,26,88,1,0,55,50,2
1,2,0,1,15,1,2,3,28,26,88,1,1,54,54,2
1,3,1,1,15,1,1,2,28,26,88,1,1,98,62,1
1,1,1,1,20,1,1,3,19,26,88,1,0,55,50,2
1,2,1,1,15,1,1,3,28,26,88,1,1,54,54,2
0,1,0,0,16,1,2,0,20,15,83,0,0,50,93,1
0,2,0,0,20,1,2,2,22,15,83,0,1,69,64,1
0,1,1,1,16,1,0,0,20,15,83,1,0,50,93,1
0,2,1,1,20,1,0,2,22,15,83,1,1,69,64,1
0,1,0,1,16,1,1,0,20,15,83,1,0,50,93,1
0,2,0,1,20,1,1,2,22,15,83,1,1,69,64,1
0,1,1,1,16,1,2,0,20,15,83,1,0,50,93,1
0,2,1,1,20,1,2,2,22,15,83,1,1,69,64,1
0,1,0,1,16,1,2,0,20,15,83,0,0,50,93,1
0,2,0,1,20,1,2,2,22,15,83,0,1,69,64,1
0,1,1,1,16,1,0,0,20,15,83,0,0,50,93,1
0,2,1,1,20,1,0,2,22,15,83,0,1,69,64,1
0,0,0,1,3,1,0,3,24,22,65,1,1,79,42,2
0,0,1,1,3,1,2,3,24,22,65,1,1,79,42,2
0,0,1,1,3,1,1,3,24,22,65,0,1,79,42,2
0,0,0,1,3,1,1,3,24,22,65,0,1,79,42,2
0,0,1,1,3,1,1,3,24,22,65,2,1,79,42,2
0,0,0,1,3,1,1,3,24,22,65,2,1,79,42,2
1,0,1,1,16,0,0,2,21,26,91,1,1,95,69,1
1,3,1,1,10,0,0,0,23,26,91,1,0,54,88,2
1,3,1,1,9,1,0,0,22,26,91,1,1,80,89,2
1,0,1,1,16,0,1,2,21,26,91,0,1,95,69,1
1,3,1,1,10,0,1,0,23,26,91,0,0,54,88,2
1,3,1,1,9,1,1,0,22,26,91,0,1,80,89,2
1,0,0,1,16,0,1,2,21,26,91,0,1,95,69,1
1,3,0,1,10,0,1,0,23,26,91,0,0,54,88,2
1,3,0,1,9,1,1,0,22,26,91,0,1,80,89,2
0,0,0,1,14,1,1,3,26,17,87,1,0,66,45,0
0,2,0,1,10,1,1,0,24,17,87,1,0,86,90,0
0,0,1,1,14,1,1,3,26,17,87,1,0,66,45,0
0,2,1,1,10,1,1,0,24,17,87,1,0,86,90,0
0,0,1,1,14,1,1,3,26,17,87,2,0,66,45,0
0,2,1,1,10,1,1,0,24,17,87,2,0,86,90,0
0,0,1,1,14,1,2,3,26,17,87,1,0,66,45,0
0,2,1,1,10,1,2,0,24,17,87,1,0,86,90,0
0,0,1,1,14,1,2,3,26,17,87,0,0,66,45,0
0,2,1,1,10,1,2,0,24,17,87,0,0,86,90,0
0,0,1,1,14,1,0,3,26,17,87,1,0,66,45,0
0,2,1,1,10,1,0,0,24,17,87,1,0,86,90,0
0,0,1,1,14,1,1,3,26,17,87,0,0,66,45,0
0,2,1,1,10,1,1,0,24,17,87,0,0,86,90,0
1,0,1,1,8,1,1,3,21,19,65,0,1,60,46,2
1,0,1,1,8,1,2,3,21,19,65,1,1,60,46,2
1,0,1,1,8,1,0,3,21,19,65,1,1,60,46,2
1,0,1,1,8,1,2,3,21,19,65,0,1,60,46,2
1,0,0,1,8,1,1,3,21,19,65,0,1,60,46,2
1,0,0,1,8,1,1,3,21,19,65,1,1,60,46,2
1,0,0,1,8,1,0,3,21,19,65,1,1,60,46,2
1,0,1,1,8,1,1,3,21,19,65,1,1,60,46,2
1,1,1,1,6,1,2,0,29,13,88,2,1,84,88,0
1,1,1,1,17,0,2,3,24,13,88,2,1,79,47,2
1,1,1,1,6,1,1,0,29,13,88,1,1,84,88,0
1,1,1,1,17,0,1,3,24,13,88,1,1,79,47,2
1,3,1,1,12,0,2,3,24,13,78,2,1,96,50,2
1,3,1,1,8,0,2,3,25,13,78,2,0,62,42,2
1,3,1,1,0,0,2,3,21,13,78,2,1,63,54,2
1,1,1,1,9,1,2,1,18,13,78,2,1,100,71,1
1,3,1,1,12,0,1,3,24,13,78,1,1,96,50,2
1,3,1,1,8,0,1,3,25,13,78,1,0,62,42,2
1,3,1,1,0,0,1,3,21,13,78,1,1,63,54,2
1,1,1,1,9,1,1,1,18,13,78,1,1,100,71,1
1,3,1,1,12,0,0,3,24,13,78,0,1,96,50,2
1,3,1,1,8,0,0,3,25,13,78,0,0,62,42,2
1,3,1,1,0,0,0,3,21,13,78,0,1,63,54,2
1,1,1,1,9,1,0,1,18,13,78,0,1,100,71,1
1,3,1,1,18,1,2,0,27,28,66,1,0,79,97,2
1,3,1,1,6,1,2,0,20,28,66,1,1,63,91,1
1,2,1,1,16,1,2,3,22,28,66,1,0,85,41,1
1,3,1,1,18,1,1,0,27,28,66,1,0,79,97,2
1,3,1,1,6,1,1,0,20,28,66,1,1,63,91,1
1,2,1,1,16,1,1,3,22,28,66,1,0,85,41,1
1,3,0,1,18,1,1,0,27,28,66,0,0,79,97,2
1,3,0,1,6,1,1,0,20,28,66,0,1,63,91,1
1,2,0,1,16,1,1,3,22,28,66,0,0,85,41,1
1,3,1,1,19,0,1,3,24,20,86,1,1,89,53,1
1,3,1,1,19,0,0,3,24,20,86,1,1,89,53,1
1,3,1,1,19,0,1,3,24,20,86,2,1,89,53,1
1,3,0,1,19,0,2,3,24,20,86,1,1,89,53,1
1,3,0,1,19,0,1,3,24,20,86,0,1,89,53,1
1,3,1,1,19,0,1,3,24,20,86,0,1,89,53,1
1,3,0,1,19,0,1,3,24,20,86,1,1,89,53,1
1,2,1,1,10,1,2,0,28,26,75,2,1,66,86,2
1,2,0,1,10,1,1,0,28,26,75,0,1,66,86,2
1,2,0,1,10,1,1,0,28,26,75,1,1,66,86,2
1,2,1,1,10,1,1,0,28,26,75,1,1,66,86,2
1,2,1,1,10,1,0,0,28,26,75,1,1,66,86,2
1,2,0,1,10,1,2,0,28,26,75,1,1,66,86,2
0,1,0,0,13,0,2,1,19,22,98,0,0,52,75,2
0,0,0,0,8,1,2,2,29,22,98,0,1,58,66,2
0,1,1,0,13,0,0,1,19,22,98,1,0,52,75,2
0,0,1,0,8,1,0,2,29,22,98,1,1,58,66,2
0,1,1,1,13,0,0,1,19,22,98,1,0,52,75,2
0,0,1,1,8,1,0,2,29,22,98,1,1,58,66,2
0,1,0,1,13,0,1,1,19,22,98,0,0,52,75,2
0,0,0,1,8,1,1,2,29,22,98,0,1,58,66,2
0,1,1,1,13,0,1,1,19,22,98,1,0,52,75,2
0,0,1,1,8,1,1,2,29,22,98,1,1,58,66,2
0,1,1,1,13,0,1,1,19,22,98,0,0,52,75,2
0,0,1,1,8,1,1,2,29,22,98,0,1,58,66,2
0,1,0,1,13,0,0,1,19,22,98,1,0,52,75,2
0,0,0,1,8,1,0,2,29,22,98,1,1,58,66,2
0,1,0,1,13,0,1,1,19,22,98,2,0,52,75,2
0,0,0,1,8,1,1,2,29,22,98,2,1,58,66,2
1,1,0,1,13,0,1,2,24,16,73,1,1,68,69,1
1,1,1,1,13,0,0,2,24,16,73,1,1,68,69,1
1,1,1,1,13,0,1,2,24,16,73,0,1,68,69,1
1,1,1,1,13,0,1,2,24,16,73,1,1,68,69,1
1,1,1,1,13,0,2,2,24,16,73,1,1,68,69,1
1,1,1,1,13,0,2,2,24,16,73,0,1,68,69,1
1,1,1,1,16,0,0,2,28,29,96,1,1,90,59,0
1,3,1,1,1,0,0,0,19,29,96,1,1,72,90,1
1,2,1,1,13,0,0,1,20,29,96,1,1,50,84,2
1,1,1,1,16,0,2,2,28,29,96,0,1,90,59,0
1,3,1,1,1,0,2,0,19,29,96,0,1,72,90,1
1,2,1,1,13,0,2,1,20,29,96,0,1,50,84,2
1,1,0,0,16,0,2,2,28,29,96,2,1,90,59,0
1,3,0,0,1,0,2,0,19,29,96,2,1,72,90,1
1,2,0,0,13,0,2,1,20,29,96,2,1,50,84,2
1,1,0,1,16,0,1,2,28,29,96,0,1,90,59,0
1,3,0,1,1,0,1,0,19,29,96,0,1,72,90,1
1,2,0,1,13,0,1,1,20,29,96,0,1,50,84,2
0,2,1,1,6,1,1,1,25,20,71,1,0,68,81,0
0,2,0,1,6,1,1,1,25,20,71,2,0,68,81,0
0,2,1,0,6,1,1,1,25,20,71,1,0,68,81,0
0,2,0,1,6,1,1,1,25,20,71,1,0,68,81,0
0,2,0,1,11,1,1,2,26,29,92,1,1,96,60,2
0,2,0,1,19,1,1,0,24,29,92,1,1,72,89,1
0,2,1,1,11,1,1,2,26,29,92,0,1,96,60,2
0,2,1,1,19,1,1,0,24,29,92,0,1,72,89,1
0,0,0,1,11,1,1,1,23,25,70,1,1,65,75,2
0,0,0,1,18,0,1,1,24,25,70,1,1,75,78,0
0,0,1,0,11,1,1,1,23,25,70,0,1,65,75,2
0,0,1,0,18,0,1,1,24,25,70,0,1,75,78,0
0,0,0,1,11,1,1,1,23,25,70,0,1,65,75,2
0,0,0,1,18,0,1,1,24,25,70,0,1,75,78,0
0,0,0,0,11,1,0,1,23,25,70,1,1,65,75,2
0,0,0,0,18,0,0,1,24,25,70,1,1,75,78,0
1,3,1,1,13,0,1,3,23,21,77,1,1,73,47,2
1,0,1,1,1,1,1,3,18,21,77,1,1,97,50,2
1,3,1,1,13,0,0,3,23,21,77,1,1,73,47,2
1,0,1,1,1,1,0,3,18,21,77,1,1,97,50,2
1,3,1,0,13,0,2,3,23,21,77,0,1,73,47,2
1,0,1,0,1,1,2,3,18,21,77,0,1,97,50,2
1,3,0,1,13,0,1,3,23,21,77,2,1,73,47,2
1,0,0,1,1,1,1,3,18,21,77,2,1,97,50,2
1,3,1,1,13,0,0,3,23,21,77,0,1,73,47,2
1,0,1,1,1,1,0,3,18,21,77,0,1,97,50,2
1,3,0,1,13,0,1,3,23,21,77,0,1,73,47,2
1,0,0,1,1,1,1,3,18,21,77,0,1,97,50,2
0,2,1,1,12,1,0,0,25,18,81,1,1,65,87,0
0,0,1,1,14,1,0,1,23,18,81,1,0,95,77,2
0,2,1,1,12,1,0,0,25,18,81,2,1,65,87,0
0,0,1,1,14,1,0,1,23,18,81,2,0,95,77,2
0,2,1,1,12,1,1,0,25,18,81,0,1,65,87,0
0,0,1,1,14,1,1,1,23,18,81,0,0,95,77,2
0,2,1,1,12,1,1,0,25,18,81,1,1,65,87,0
0,0,1,1,14,1,1,1,23,18,81,1,0,95,77,2
1,3,1,1,19,0,1,1,25,8,61,1,1,70,73,2
1,3,1,1,3,0,1,1,27,8,61,1,0,92,84,0
1,0,1,1,1,0,2,0,18,19,69,2,0,71,96,0
1,1,1,1,12,0,2,1,28,19,69,2,0,68,84,2
1,0,1,1,1,0,1,0,18,19,69,2,0,71,96,0
1,1,1,1,12,0,1,1,28,19,69,2,0,68,84,2
1,0,1,0,1,0,1,0,18,19,69,1,0,71,96,0
1,1,1,0,12,0,1,1,28,19,69,1,0,68,84,2
1,0,1,1,1,0,1,0,18,19,69,1,0,71,96,0
1,1,1,1,12,0,1,1,28,19,69,1,0,68,84,2
1,0,1,0,1,0,1,0,18,19,69,0,0,71,96,0
1,1,1,0,12,0,1,1,28,19,69,0,0,68,84,2
1,0,0,1,1,0,0,0,18,19,69,1,0,71,96,0
1,1,0,1,12,0,0,1,28,19,69,1,0,68,84,2
1,1,1,1,4,1,2,1,22,29,78,0,0,65,71,2
1,1,0,1,4,1,1,1,22,29,78,1,0,65,71,2
1,1,1,1,4,1,1,1,22,29,78,2,0,65,71,2
1,1,1,1,4,1,1,1,22,29,78,1,0,65,71,2
0,1,1,1,20,0,1,2,29,17,67,2,0,52,69,0
0,2,1,1,10,1,1,1,28,17,67,2,1,78,70,0
0,1,1,1,20,0,2,2,29,17,67,1,0,52,69,0
0,2,1,1,10,1,2,1,28,17,67,1,1,78,70,0
0,1,1,1,20,0,1,2,29,17,67,1,0,52,69,0
0,2,1,1,10,1,1,1,28,17,67,1,1,78,70,0
0,1,0,1,20,0,1,2,29,17,67,1,0,52,69,0
0,2,0,1,10,1,1,1,28,17,67,1,1,78,70,0
0,1,1,1,20,0,0,2,29,17,67,1,0,52,69,0
0,2,1,1,10,1,0,1,28,17,67,1,1,78,70,0
1,0,0,1,4,0,1,2,20,15,95,1,0,64,64,2
1,1,0,1,17,0,1,3,22,15,95,1,1,79,41,0
1,2,0,1,8,1,1,3,20,15,95,1,1,80,53,1
1,0,1,1,4,0,0,2,20,15,95,0,0,64,64,2
1,1,1,1,17,0,0,3,22,15,95,0,1,79,41,0
1,2,1,1,8,1,0,3,20,15,95,0,1,80,53,1
1,0,1,1,4,0,1,2,20,15,95,0,0,64,64,2
1,1,1,1,17,0,1,3,22,15,95,0,1,79,41,0
1,2,1,1,8,1,1,3,20,15,95,0,1,80,53,1
1,0,0,0,4,0,1,2,20,15,95,1,0,64,64,2
1,1,0,0,17,0,1,3,22,15,95,1,1,79,41,0
1,2,0,0,8,1,1,3,20,15,95,1,1,80,53,1
1,0,1,1,4,0,2,2,20,15,95,1,0,64,64,2
1,1,1,1,17,0,2,3,22,15,95,1,1,79,41,0
1,2,1,1,8,1,2,3,20,15,95,1,1,80,53,1
1,0,1,1,18,0,2,2,20,17,88,0,0,95,66,1
1,1,1,1,7,1,2,1,26,17,88,0,1,64,79,0
1,1,1,1,8,1,2,3,29,17,88,0,1,69,46,2
1,2,1,1,7,0,2,2,24,17,88,0,1,53,61,1
1,0,1,1,18,0,1,2,20,17,88,1,0,95,66,1
1,1,1,1,7,1,1,1,26,17,88,1,1,64,79,0
1,1,1,1,8,1,1,3,29,17,88,1,1,69,46,2
1,2,1,1,7,0,1,2,24,17,88,1,1,53,61,1
1,0,0,0,18,0,0,2,20,17,88,1,0,95,66,1
1,1,0,0,7,1,0,1,26,17,88,1,1,64,79,0
1,1,0,0,8,1,0,3,29,17,88,1,1,69,46,2
1,2,0,0,7,0,0,2,24,17,88,1,1,53,61,1
1,0,1,0,18,0,2,2,20,17,88,1,0,95,66,1
1,1,1,0,7,1,2,1,26,17,88,1,1,64,79,0
1,1,1,0,8,1,2,3,29,17,88,1,1,69,46,2
1,2,1,0,7,0,2,2,24,17,88,1,1,53,61,1
1,3,1,1,10,1,2,1,20,25,63,1,0,82,82,2
1,3,1,1,7,1,2,2,23,25,63,1,1,79,55,2
1,0,1,1,1,1,2,3,20,25,63,1,1,55,45,0
1,3,1,1,10,1,1,1,20,25,63,1,0,82,82,2
1,3,1,1,7,1,1,2,23,25,63,1,1,79,55,2
1,0,1,1,1,1,1,3,20,25,63,1,1,55,45,0
1,3,0,1,10,1,0,1,20,25,63,2,0,82,82,2
1,3,0,1,7,1,0,2,23,25,63,2,1,79,55,2
1,0,0,1,1,1,0,3,20,25,63,2,1,55,45,0
1,0,0,1,4,1,2,0,19,17,86,2,0,92,97,1
1,1,0,1,0,1,2,0,26,17,86,2,0,54,95,1
1,3,0,1,13,1,2,1,24,17,86,2,1,88,73,2
1,0,0,0,4,1,0,0,19,17,86,0,0,92,97,1
1,1,0,0,0,1,0,0,26,17,86,0,0,54,95,1
1,3,0,0,13,1,0,1,24,17,86,0,1,88,73,2
1,0,1,1,4,1,1,0,19,17,86,0,0,92,97,1
1,1,1,1,0,1,1,0,26,17,86,0,0,54,95,1
1,3,1,1,13,1,1,1,24,17,86,0,1,88,73,2
1,0,0,0,4,1,1,0,19,17,86,1,0,92,97,1
1,1,0,0,0,1,1,0,26,17,86,1,0,54,95,1
1,3,0,0,13,1,1,1,24,17,86,1,1,88,73,2
1,0,1,1,4,1,1,0,19,17,86,1,0,92,97,1
1,1,1,1,0,1,1,0,26,17,86,1,0,54,95,1
1,3,1,1,13,1,1,1,24,17,86,1,1,88,73,2
1,0,1,1,4,1,2,0,19,17,86,1,0,92,97,1
1,1,1,1,0,1,2,0,26,17,86,1,0,54,95,1
1,3,1,1,13,1,2,1,24,17,86,1,1,88,73,2
1,0,0,1,4,1,2,0,19,17,86,1,0,92,97,1
1,1,0,1,0,1,2,0,26,17,86,1,0,54,95,1
1,3,0,1,13,1,2,1,24,17,86,1,1,88,73,2
0,3,1,1,12,0,0,0,28,23,98,0,0,76,89,0
0,0,1,1,1,1,0,1,22,23,98,0,0,99,84,0
0,2,1,1,11,0,0,3,20,23,98,0,1,59,46,2
0,3,0,1,12,0,1,0,28,23,98,2,0,76,89,0
0,0,0,1,1,1,1,1,22,23,98,2,0,99,84,0
0,2,0,1,11,0,1,3,20,23,98,2,1,59,46,2
0,3,1,1,12,0,2,0,28,23,98,1,0,76,89,0
0,0,1,1,1,1,2,1,22,23,98,1,0,99,84,0
0,2,1,1,11,0,2,3,20,23,98,1,1,59,46,2
0,3,1,1,12,0,2,0,28,23,98,0,0,76,89,0
0,0,1,1,1,1,2,1,22,23,98,0,0,99,84,0
0,2,1,1,11,0,2,3,20,23,98,0,1,59,46,2
0,0,1,1,10,0,0,3,28,26,70,1,0,77,54,2
0,1,1,1,6,0,0,0,22,26,70,1,1,89,92,0
0,1,1,1,13,1,0,3,19,26,70,1,1,73,43,2
0,0,1,1,10,0,2,3,28,26,70,1,0,77,54,2
0,1,1,1,6,0,2,0,22,26,70,1,1,89,92,0
0,1,1,1,13,1,2,3,19,26,70,1,1,73,43,2
1,3,1,1,17,1,1,0,20,16,97,0,1,74,85,2
1,2,1,1,11,1,1,0,26,16,97,0,1,71,99,2
1,3,1,1,14,1,1,0,21,16,97,0,0,74,94,2
1,0,1,1,15,0,1,3,21,16,97,0,1,60,54,1
1,3,1,1,17,1,0,0,20,16,97,1,1,74,85,2
1,2,1,1,11,1,0,0,26,16,97,1,1,71,99,2
1,3,1,1,14,1,0,0,21,16,97,1,0,74,94,2
1,0,1,1,15,0,0,3,21,16,97,1,1,60,54,1
1,3,1,1,17,1,0,0,20,16,97,2,1,74,85,2
1,2,1,1,11,1,0,0,26,16,97,2,1,71,99,2
1,3,1,1,14,1,0,0,21,16,97,2,0,74,94,2
1,0,1,1,15,0,0,3,21,16,97,2,1,60,54,1
0,3,1,1,16,1,1,2,28,18,89,1,1,81,68,0
0,1,1,1,19,1,1,0,25,18,89,1,1,99,94,1
0,0,1,1,0,0,1,3,29,18,89,1,0,80,40,1
0,3,1,1,2,0,1,2,23,18,89,1,1,84,58,2
0,3,1,1,11,0,1,1,28,18,89,1,0,63,74,2
0,3,1,1,16,1,2,2,28,18,89,0,1,81,68,0
0,1,1,1,19,1,2,0,25,18,89,0,1,99,94,1
0,0,1,1,0,0,2,3,29,18,89,0,0,80,40,1
0,3,1,1,2,0,2,2,23,18,89,0,1,84,58,2
0,3,1,1,11,0,2,1,28,18,89,0,0,63,74,2
0,3,1,1,16,1,0,2,28,18,89,0,1,81,68,0
0,1,1,1,19,1,0,0,25,18,89,0,1,99,94,1
0,0,1,1,0,0,0,3,29,18,89,0,0,80,40,1
0,3,1,1,2,0,0,2,23,18,89,0,1,84,58,2
0,3,1,1,11,0,0,1,28,18,89,0,0,63,74,2
0,3,1,1,16,1,0,2,28,18,89,1,1,81,68,0
0,1,1,1,19,1,0,0,25,18,89,1,1,99,94,1
0,0,1,1,0,0,0,3,29,18,89,1,0,80,40,1
0,3,1,1,2,0,0,2,23,18,89,1,1,84,58,2
0,3,1,1,11,0,0,1,28,18,89,1,0,63,74,2
1,3,0,1,1,1,1,3,27,11,91,1,1,57,46,2
1,3,0,1,10,1,1,3,24,11,91,1,0,58,43,1
1,3,0,1,1,1,0,3,27,11,91,1,1,57,46,2
1,3,0,1,10,1,0,3,24,11,91,1,0,58,43,1
1,3,0,1,1,1,2,3,27,11,91,1,1,57,46,2
1,3,0,1,10,1,2,3,24,11,91,1,0,58,43,1
1,3,1,1,1,1,0,3,27,11,91,0,1,57,46,2
1,3,1,1,10,1,0,3,24,11,91,0,0,58,43,1
1,2,0,0,17,1,1,0,18,22,64,0,1,70,97,0
1,0,0,0,6,1,1,0,27,22,64,0,1,85,90,1
1,2,0,0,13,1,1,1,29,22,64,0,1,88,74,2
1,1,0,0,7,0,1,3,24,22,64,0,1,55,49,0
1,2,1,1,17,1,2,0,18,22,64,1,1,70,97,0
1,0,1,1,6,1,2,0,27,22,64,1,1,85,90,1
1,2,1,1,13,1,2,1,29,22,64,1,1,88,74,2
1,1,1,1,7,0,2,3,24,22,64,1,1,55,49,0
1,2,1,1,17,1,1,0,18,22,64,1,1,70,97,0
1,0,1,1,6,1,1,0,27,22,64,1,1,85,90,1
1,2,1,1,13,1,1,1,29,22,64,1,1,88,74,2
1,1,1,1,7,0,1,3,24,22,64,1,1,55,49,0
1,2,0,1,17,1,2,0,18,22,64,0,1,70,97,0
1,0,0,1,6,1,2,0,27,22,64,0,1,85,90,1
1,2,0,1,13,1,2,1,29,22,64,0,1,88,74,2
1,1,0,1,7,0,2,3,24,22,64,0,1,55,49,0
1,2,1,1,17,1,1,0,18,22,64,2,1,70,97,0
1,0,1,1,6,1,1,0,27,22,64,2,1,85,90,1
1,2,1,1,13,1,1,1,29,22,64,2,1,88,74,2
1,1,1,1,7,0,1,3,24,22,64,2,1,55,49,0
1,2,0,1,17,1,1,0,18,22,64,1,1,70,97,0
1,0,0,1,6,1,1,0,27,22,64,1,1,85,90,1
1,2,0,1,13,1,1,1,29,22,64,1,1,88,74,2
1,1,0,1,7,0,1,3,24,22,64,1,1,55,49,0
0,2,1,1,6,1,1,1,27,22,81,0,1,80,79,0
0,3,1,1,15,1,1,3,27,22,81,0,1,75,54,2
0,0,1,1,16,1,1,0,28,22,81,0,0,52,95,2
0,2,1,1,6,1,2,1,27,22,81,2,1,80,79,0
0,3,1,1,15,1,2,3,27,22,81,2,1,75,54,2
0,0,1,1,16,1,2,0,28,22,81,2,0,52,95,2
0,2,0,1,6,1,1,1,27,22,81,0,1,80,79,0
0,3,0,1,15,1,1,3,27,22,81,0,1,75,54,2
0,0,0,1,16,1,1,0,28,22,81,0,0,52,95,2
0,2,1,1,6,1,0,1,27,22,81,0,1,80,79,0
0,3,1,1,15,1,0,3,27,22,81,0,1,75,54,2
0,0,1,1,16,1,0,0,28,22,81,0,0,52,95,2
0,2,0,1,6,1,0,1,27,22,81,1,1,80,79,0
0,3,0,1,15,1,0,3,27,22,81,1,1,75,54,2
0,0,0,1,16,1,0,0,28,22,81,1,0,52,95,2
1,0,0,1,19,0,1,1,19,19,67,2,1,74,81,2
1,0,1,1,19,0,1,1,19,19,67,2,1,74,81,2
1,0,0,1,19,0,2,1,19,19,67,1,1,74,81,2
1,0,1,0,19,0,0,1,19,19,67,1,1,74,81,2
1,0,0,1,19,0,0,1,19,19,67,1,1,74,81,2
1,0,1,1,19,0,1,1,19,19,67,0,1,74,81,2
1,0,0,0,19,0,0,1,19,19,67,2,1,74,81,2
1,1,0,1,3,1,1,0,21,12,92,2,0,62,89,2
1,2,0,1,13,0,1,0,23,12,92,2,0,86,98,1
1,1,0,1,3,1,1,0,21,12,92,0,0,62,89,2
1,2,0,1,13,0,1,0,23,12,92,0,0,86,98,1
1,1,1,1,3,1,0,0,21,12,92,1,0,62,89,2
1,2,1,1,13,0,0,0,23,12,92,1,0,86,98,1
1,1,0,1,3,1,1,0,21,12,92,1,0,62,89,2
1,2,0,1,13,0,1,0,23,12,92,1,0,86,98,1
1,1,1,1,3,1,0,0,21,12,92,2,0,62,89,2
1,2,1,1,13,0,0,0,23,12,92,2,0,86,98,1
1,0,1,1,7,0,1,2,29,18,79,1,1,75,64,1
1,0,1,1,7,0,1,2,29,18,79,0,1,75,64,1
1,0,1,1,7,0,2,2,29,18,79,1,1,75,64,1
1,0,0,1,7,0,0,2,29,18,79,2,1,75,64,1
1,0,0,1,7,0,2,2,29,18,79,0,1,75,64,1
1,2,0,1,14,0,1,0,21,15,98,2,1,95,100,2
1,2,1,1,14,0,1,0,21,15,98,0,1,95,100,2
1,2,0,1,14,0,1,0,21,15,98,0,1,95,100,2
1,2,1,0,14,0,1,0,21,15,98,0,1,95,100,2
1,1,1,1,12,0,0,1,21,22,99,0,1,64,80,2
1,2,1,1,12,1,0,1,25,22,99,0,1,88,73,1
1,3,1,1,18,0,0,1,22,22,99,0,1,95,82,2
1,1,1,1,12,0,2,1,21,22,99,1,1,64,80,2
1,2,1,1,12,1,2,1,25,22,99,1,1,88,73,1
1,3,1,1,18,0,2,1,22,22,99,1,1,95,82,2
1,1,1,1,12,0,1,1,21,22,99,2,1,64,80,2
1,2,1,1,12,1,1,1,25,22,99,2,1,88,73,1
1,3,1,1,18,0,1,1,22,22,99,2,1,95,82,2
1,1,0,1,12,0,1,1,21,22,99,0,1,64,80,2
1,2,0,1,12,1,1,1,25,22,99,0,1,88,73,1
1,3,0,1,18,0,1,1,22,22,99,0,1,95,82,2
1,0,0,1,18,1,1,0,21,31,100,1,0,64,97,1
0,2,1,1,8,1,2,3,28,21,82,2,0,62,47,1
0,2,1,1,8,1,1,3,28,21,82,2,0,62,47,1
0,2,0,1,8,1,1,3,28,21,82,1,0,62,47,1
0,0,1,1,11,0,1,0,27,22,67,2,1,76,100,0
0,0,0,1,11,0,1,0,27,22,67,0,1,76,100,0
0,0,0,1,11,0,1,0,27,22,67,1,1,76,100,0
0,0,1,1,11,0,1,0,27,22,67,1,1,76,100,0
1,2,1,1,6,0,1,3,24,20,73,1,0,58,45,2
1,2,1,1,6,0,1,3,24,20,73,0,0,58,45,2
1,2,1,1,6,0,1,3,24,20,73,2,0,58,45,2
1,2,1,1,6,0,2,3,24,20,73,0,0,58,45,2
1,2,0,1,6,0,1,3,24,20,73,0,0,58,45,2
1,2,1,1,6,0,0,3,24,20,73,2,0,58,45,2
1,2,0,1,6,0,2,3,24,20,73,2,0,58,45,2
1,2,1,1,6,0,0,3,24,20,73,1,0,58,45,2
1,2,1,1,6,0,2,3,24,20,73,1,0,58,45,2
1,1,1,1,5,1,1,0,23,8,77,1,0,77,86,2
1,2,1,1,6,0,1,0,18,8,77,1,1,58,88,2
1,2,1,1,2,0,1,1,28,8,77,1,1,77,70,2
1,1,1,1,5,1,0,0,23,8,77,0,0,77,86,2
1,2,1,1,6,0,0,0,18,8,77,0,1,58,88,2
1,2,1,1,2,0,0,1,28,8,77,0,1,77,70,2
1,2,0,1,5,0,1,3,19,20,72,1,1,55,50,2
1,2,1,1,5,0,2,3,19,20,72,0,1,55,50,2
1,2,0,1,5,0,0,3,19,20,72,0,1,55,50,2
1,2,1,1,5,0,1,3,19,20,72,2,1,55,50,2
1,2,1,1,5,0,0,3,19,20,72,1,1,55,50,2
1,2,1,1,5,0,0,3,19,20,72,0,1,55,50,2
1,2,0,1,5,0,1,3,19,20,72,0,1,55,50,2
1,2,1,1,5,0,1,3,19,20,72,1,1,55,50,2
1,2,1,1,7,1,2,2,29,20,71,2,1,83,62,2
1,3,1,1,16,1,2,0,19,20,71,2,0,83,87,2
1,2,0,1,7,1,1,2,29,20,71,1,1,83,62,2
1,3,0,1,16,1,1,0,19,20,71,1,0,83,87,2
1,2,0,1,7,1,0,2,29,20,71,2,1,83,62,2
1,3,0,1,16,1,0,0,19,20,71,2,0,83,87,2
1,2,0,1,7,1,1,2,29,20,71,2,1,83,62,2
1,3,0,1,16,1,1,0,19,20,71,2,0,83,87,2
1,2,1,1,7,1,1,2,29,20,71,0,1,83,62,2
1,3,1,1,16,1,1,0,19,20,71,0,0,83,87,2
1,2,1,1,7,1,1,2,29,20,71,1,1,83,62,2
1,3,1,1,16,1,1,0,19,20,71,1,0,83,87,2
1,2,1,1,7,1,0,2,29,20,71,2,1,83,62,2
1,3,1,1,16,1,0,0,19,20,71,2,0,83,87,2
1,2,1,1,7,1,2,2,29,20,71,1,1,83,62,2
1,3,1,1,16,1,2,0,19,20,71,1,0,83,87,2
0,2,1,1,14,1,2,2,18,35,99,0,0,81,64,2
0,0,0,1,4,1,1,0,26,19,66,1,1,99,96,2
0,0,1,1,4,1,2,0,26,19,66,1,1,99,96,2
0,0,0,1,4,1,2,0,26,19,66,0,1,99,96,2
0,0,0,1,4,1,0,0,26,19,66,1,1,99,96,2
0,0,0,0,4,1,1,0,26,19,66,0,1,99,96,2
0,0,1,1,5,0,2,1,23,22,89,1,1,68,76,2
0,2,1,1,19,1,2,0,21,22,89,1,0,69,96,0
0,0,0,1,5,0,1,1,23,22,89,0,1,68,76,2
0,2,0,1,19,1,1,0,21,22,89,0,0,69,96,0
0,0,1,1,5,0,1,1,23,22,89,1,1,68,76,2
0,2,1,1,19,1,1,0,21,22,89,1,0,69,96,0
1,3,0,1,20,0,2,3,22,20,60,2,1,92,48,0
1,3,0,1,1,1,2,1,24,20,60,2,0,84,79,0
1,3,0,1,20,0,1,3,22,20,60,2,1,92,48,0
1,3,0,1,1,1,1,1,24,20,60,2,0,84,79,0
1,3,1,1,20,0,1,3,22,20,60,0,1,92,48,0
1,3,1,1,1,1,1,1,24,20,60,0,0,84,79,0
1,3,1,1,20,0,1,3,22,20,60,1,1,92,48,0
1,3,1,1,1,1,1,1,24,20,60,1,0,84,79,0
1,3,0,1,11,0,1,2,24,13,84,1,0,59,63,0
1,1,0,1,7,1,1,2,28,13,84,1,1,73,58,1
1,2,0,1,5,1,1,1,23,13,84,1,0,61,79,0
1,2,0,1,0,1,1,0,26,13,84,1,0,87,86,2
1,0,0,1,4,1,1,1,24,13,84,1,0,89,84,1
1,2,0,1,2,1,1,1,29,13,84,1,0,99,71,0
1,3,0,0,11,0,1,2,24,13,84,1,0,59,63,0
1,1,0,0,7,1,1,2,28,13,84,1,1,73,58,1
1,2,0,0,5,1,1,1,23,13,84,1,0,61,79,0
1,2,0,0,0,1,1,0,26,13,84,1,0,87,86,2
1,0,0,0,4,1,1,1,24,13,84,1,0,89,84,1
1,2,0,0,2,1,1,1,29,13,84,1,0,99,71,0
1,3,1,1,11,0,1,2,24,13,84,1,0,59,63,0
1,1,1,1,7,1,1,2,28,13,84,1,1,73,58,1
1,2,1,1,5,1,1,1,23,13,84,1,0,61,79,0
1,2,1,1,0,1,1,0,26,13,84,1,0,87,86,2
1,0,1,1,4,1,1,1,24,13,84,1,0,89,84,1
1,2,1,1,2,1,1,1,29,13,84,1,0,99,71,0
1,3,0,1,11,0,1,2,24,13,84,0,0,59,63,0
1,1,0,1,7,1,1,2,28,13,84,0,1,73,58,1
1,2,0,1,5,1,1,1,23,13,84,0,0,61,79,0
1,2,0,1,0,1,1,0,26,13,84,0,0,87,86,2
1,0,0,1,4,1,1,1,24,13,84,0,0,89,84,1
1,2,0,1,2,1,1,1,29,13,84,0,0,99,71,0
0,2,1,1,14,0,2,3,25,27,97,1,1,59,46,1
0,2,1,1,1,1,2,2,20,27,97,1,1,80,62,1
0,3,1,1,3,1,2,2,18,27,97,1,1,54,66,0
0,2,0,1,14,0,2,3,25,27,97,1,1,59,46,1
0,2,0,1,1,1,2,2,20,27,97,1,1,80,62,1
0,3,0,1,3,1,2,2,18,27,97,1,1,54,66,0
0,2,0,1,14,0,1,3,25,27,97,1,1,59,46,1
0,2,0,1,1,1,1,2,20,27,97,1,1,80,62,1
0,3,0,1,3,1,1,2,18,27,97,1,1,54,66,0
0,0,1,1,6,1,2,2,23,25,72,0,0,66,57,0
0,2,1,1,7,1,2,1,18,25,72,0,1,86,76,1
0,0,1,1,6,1,1,2,23,25,72,1,0,66,57,0
0,2,1,1,7,1,1,1,18,25,72,1,1,86,76,1
0,0,1,1,6,1,2,2,23,25,72,1,0,66,57,0
0,2,1,1,7,1,2,1,18,25,72,1,1,86,76,1
0,0,0,1,6,1,1,2,23,25,72,2,0,66,57,0
0,2,0,1,7,1,1,1,18,25,72,2,1,86,76,1
0,3,0,1,18,1,1,2,28,25,67,2,1,61,59,1
0,3,0,1,19,1,1,3,21,25,67,2,0,59,50,2
0,0,0,1,5,1,1,0,23,25,67,2,1,67,99,1
0,3,0,1,7,1,1,0,19,25,67,2,1,95,98,2
0,3,0,1,18,1,2,2,28,25,67,1,1,61,59,1
0,3,0,1,19,1,2,3,21,25,67,1,0,59,50,2
0,0,0,1,5,1,2,0,23,25,67,1,1,67,99,1
0,3,0,1,7,1,2,0,19,25,67,1,1,95,98,2
0,3,0,1,18,1,1,2,28,25,67,1,1,61,59,1
0,3,0,1,19,1,1,3,21,25,67,1,0,59,50,2
0,0,0,1,5,1,1,0,23,25,67,1,1,67,99,1
0,3,0,1,7,1,1,0,19,25,67,1,1,95,98,2
1,0,1,1,14,1,1,2,28,15,86,1,1,67,55,0
1,0,1,1,14,1,2,2,28,15,86,1,1,67,55,0
1,0,0,1,14,1,0,2,28,15,86,1,1,67,55,0
1,0,0,1,14,1,1,2,28,15,86,1,1,67,55,0
1,0,1,1,14,1,1,2,28,15,86,2,1,67,55,0
1,0,0,1,14,1,2,2,28,15,86,1,1,67,55,0
1,0,1,1,14,1,1,2,28,15,86,0,1,67,55,0
1,0,0,1,14,1,2,2,28,15,86,2,1,67,55,0
0,3,1,1,17,1,2,2,26,28,89,2,1,52,68,1
0,3,1,1,18,1,2,3,18,28,89,2,0,90,51,2
0,0,1,1,16,1,2,0,23,28,89,2,0,80,96,2
0,1,1,1,6,1,2,0,25,28,89,2,0,79,87,0
0,3,1,1,3,1,2,3,24,28,89,2,0,74,46,2
0,2,1,1,15,0,2,0,21,28,89,2,1,91,90,0
0,3,1,1,17,1,0,2,26,28,89,2,1,52,68,1
0,3,1,1,18,1,0,3,18,28,89,2,0,90,51,2
0,0,1,1,16,1,0,0,23,28,89,2,0,80,96,2
0,1,1,1,6,1,0,0,25,28,89,2,0,79,87,0
0,3,1,1,3,1,0,3,24,28,89,2,0,74,46,2
0,2,1,1,15,0,0,0,21,28,89,2,1,91,90,0
1,0,0,1,10,1,1,2,22,12,88,0,0,87,55,2
1,3,0,1,7,1,1,0,22,12,88,0,1,63,96,2
1,2,0,1,4,1,1,1,20,12,88,0,1,86,77,1
1,0,0,1,10,1,1,2,22,12,88,1,0,87,55,2
1,3,0,1,7,1,1,0,22,12,88,1,1,63,96,2
1,2,0,1,4,1,1,1,20,12,88,1,1,86,77,1
1,0,1,1,10,1,1,2,22,12,88,2,0,87,55,2
1,3,1,1,7,1,1,0,22,12,88,2,1,63,96,2
1,2,1,1,4,1,1,1,20,12,88,2,1,86,77,1
1,0,1,1,10,1,1,2,22,12,88,1,0,87,55,2
1,3,1,1,7,1,1,0,22,12,88,1,1,63,96,2
1,2,1,1,4,1,1,1,20,12,88,1,1,86,77,1
1,0,0,0,10,1,1,2,22,12,88,0,0,87,55,2
1,3,0,0,7,1,1,0,22,12,88,0,1,63,96,2
1,2,0,0,4,1,1,1,20,12,88,0,1,86,77,1
1,3,1,1,10,1,2,2,28,24,73,1,1,61,59,2
1,3,1,1,10,1,1,2,28,24,73,2,1,61,59,2
1,3,1,1,10,1,0,2,28,24,73,1,1,61,59,2
1,3,1,1,10,1,1,2,28,24,73,0,1,61,59,2
0,0,0,1,13,1,1,1,25,14,98,1,0,60,73,0
0,2,0,1,9,1,1,2,26,14,98,1,1,74,65,2
0,3,0,1,13,1,1,2,20,14,98,1,0,68,65,1
0,3,0,1,16,0,1,0,23,14,98,1,0,72,91,0
0,0,1,1,13,1,1,1,25,14,98,0,0,60,73,0
0,2,1,1,9,1,1,2,26,14,98,0,1,74,65,2
0,3,1,1,13,1,1,2,20,14,98,0,0,68,65,1
0,3,1,1,16,0,1,0,23,14,98,0,0,72,91,0
1,0,1,1,17,1,1,0,27,21,78,1,0,95,90,2
1,0,0,1,17,1,0,0,27,21,78,1,0,95,90,2
1,0,0,1,17,1,1,0,27,21,78,0,0,95,90,2
1,0,0,1,17,1,1,0,27,21,78,1,0,95,90,2
1,0,1,1,17,1,0,0,27,21,78,1,0,95,90,2
1,0,0,1,17,1,2,0,27,21,78,1,0,95,90,2
0,0,1,1,17,1,1,2,19,17,94,0,0,73,59,2
0,0,1,1,16,1,1,0,26,17,94,0,0,63,87,0
0,1,1,1,20,1,1,3,29,17,94,0,1,57,50,1
0,0,1,1,17,1,1,2,19,17,94,1,0,73,59,2
0,0,1,1,16,1,1,0,26,17,94,1,0,63,87,0
0,1,1,1,20,1,1,3,29,17,94,1,1,57,50,1
0,0,0,1,13,1,1,2,19,20,77,0,1,76,59,1
0,0,0,1,6,1,1,2,29,20,77,0,1,53,69,2
0,0,1,0,13,1,0,2,19,20,77,1,1,76,59,1
0,0,1,0,6,1,0,2,29,20,77,1,1,53,69,2
0,0,0,1,13,1,0,2,19,20,77,0,1,76,59,1
0,0,0,1,6,1,0,2,29,20,77,0,1,53,69,2
1,1,0,1,5,0,0,1,21,14,66,1,1,62,82,2
1,0,0,1,0,0,0,1,28,14,66,1,1,74,83,2
1,1,1,1,5,0,1,1,21,14,66,0,1,62,82,2
1,0,1,1,0,0,1,1,28,14,66,0,1,74,83,2
1,1,1,1,5,0,1,1,21,14,66,1,1,62,82,2
1,0,1,1,0,0,1,1,28,14,66,1,1,74,83,2
1,0,1,1,20,1,1,3,27,23,77,1,0,59,46,2
1,1,1,1,0,0,1,2,19,23,77,1,1,92,62,2
1,0,1,1,20,1,2,3,27,23,77,1,0,59,46,2
1,1,1,1,0,0,2,2,19,23,77,1,1,92,62,2
1,0,0,1,20,1,1,3,27,23,77,0,0,59,46,2
1,1,0,1,0,0,1,2,19,23,77,0,1,92,62,2
1,0,0,1,20,1,2,3,27,23,77,0,0,59,46,2
1,1,0,1,0,0,2,2,19,23,77,0,1,92,62,2
1,0,0,1,20,1,0,3,27,23,77,1,0,59,46,2
1,1,0,1,0,0,0,2,19,23,77,1,1,92,62,2
0,0,0,1,10,1,1,3,23,14,81,1,0,91,49,2
0,0,1,0,10,1,2,3,23,14,81,0,0,91,49,2
0,0,0,1,10,1,1,3,23,14,81,0,0,91,49,2
0,0,0,0,10,1,1,3,23,14,81,1,0,91,49,2
0,0,0,1,10,1,2,3,23,14,81,1,0,91,49,2
0,1,1,1,3,1,2,0,29,29,61,0,1,93,86,1
0,0,1,1,14,0,2,1,21,29,61,0,1,96,71,2
0,3,1,1,7,0,2,1,28,29,61,0,1,88,84,0
1,2,0,1,6,1,2,0,22,15,78,0,0,89,86,2
1,2,0,0,6,1,2,0,22,15,78,1,0,89,86,2
1,2,1,1,6,1,2,0,22,15,78,2,0,89,86,2
1,2,1,1,6,1,2,0,22,15,78,0,0,89,86,2
1,2,1,1,6,1,1,0,22,15,78,1,0,89,86,2
1,2,1,1,6,1,1,0,22,15,78,2,0,89,86,2
1,2,0,1,6,1,1,0,22,15,78,1,0,89,86,2
1,2,1,1,6,1,0,0,22,15,78,0,0,89,86,2
1,2,0,1,6,1,2,0,22,15,78,2,0,89,86,2
1,2,0,1,6,1,2,0,22,15,78,1,0,89,86,2
0,3,1,1,15,1,1,1,26,18,91,1,0,92,71,2
0,0,1,1,2,1,1,0,27,18,91,1,0,69,100,2
0,0,1,1,8,1,1,1,22,18,91,1,0,93,82,0
0,1,1,1,9,1,1,1,20,18,91,1,1,58,79,0
0,3,0,1,15,1,1,1,26,18,91,1,0,92,71,2
0,0,0,1,2,1,1,0,27,18,91,1,0,69,100,2
0,0,0,1,8,1,1,1,22,18,91,1,0,93,82,0
0,1,0,1,9,1,1,1,20,18,91,1,1,58,79,0
1,3,0,1,17,0,0,1,26,25,87,2,0,62,72,1
1,2,0,1,11,0,0,3,21,25,87,2,1,62,50,0
1,1,0,1,16,1,0,1,19,25,87,2,1,94,82,2
1,3,1,1,17,0,0,1,26,25,87,0,0,62,72,1
1,2,1,1,11,0,0,3,21,25,87,0,1,62,50,0
1,1,1,1,16,1,0,1,19,25,87,0,1,94,82,2
1,3,0,1,17,0,2,1,26,25,87,0,0,62,72,1
1,2,0,1,11,0,2,3,21,25,87,0,1,62,50,0
1,1,0,1,16,1,2,1,19,25,87,0,1,94,82,2
1,3,0,1,17,0,1,1,26,25,87,1,0,62,72,1
1,2,0,1,11,0,1,3,21,25,87,1,1,62,50,0
1,1,0,1,16,1,1,1,19,25,87,1,1,94,82,2
1,3,0,1,17,0,0,1,26,25,87,0,0,62,72,1
1,2,0,1,11,0,0,3,21,25,87,0,1,62,50,0
1,1,0,1,16,1,0,1,19,25,87,0,1,94,82,2
1,3,1,1,17,0,1,1,26,25,87,1,0,62,72,1
1,2,1,1,11,0,1,3,21,25,87,1,1,62,50,0
1,1,1,1,16,1,1,1,19,25,87,1,1,94,82,2
1,3,1,0,17,0,1,1,26,25,87,1,0,62,72,1
1,2,1,0,11,0,1,3,21,25,87,1,1,62,50,0
1,1,1,0,16,1,1,1,19,25,87,1,1,94,82,2
1,3,1,1,17,0,2,1,26,25,87,0,0,62,72,1
1,2,1,1,11,0,2,3,21,25,87,0,1,62,50,0
1,1,1,1,16,1,2,1,19,25,87,0,1,94,82,2
1,3,0,1,17,0,1,1,26,25,87,2,0,62,72,1
1,2,0,1,11,0,1,3,21,25,87,2,1,62,50,0
1,1,0,1,16,1,1,1,19,25,87,2,1,94,82,2
1,3,0,1,0,1,1,3,18,13,85,1,0,97,50,1
1,0,0,1,10,0,1,2,27,13,85,1,1,79,68,2
1,2,0,1,11,1,1,3,22,13,85,1,1,98,40,2
1,1,0,1,12,1,1,2,28,13,85,1,1,81,67,2
1,3,0,1,17,1,1,0,20,13,85,1,1,72,99,2
1,3,0,1,0,1,1,3,18,13,85,0,0,97,50,1
1,0,0,1,10,0,1,2,27,13,85,0,1,79,68,2
1,2,0,1,11,1,1,3,22,13,85,0,1,98,40,2
1,1,0,1,12,1,1,2,28,13,85,0,1,81,67,2
1,3,0,1,17,1,1,0,20,13,85,0,1,72,99,2
1,3,1,1,0,1,2,3,18,13,85,2,0,97,50,1
1,0,1,1,10,0,2,2,27,13,85,2,1,79,68,2
1,2,1,1,11,1,2,3,22,13,85,2,1,98,40,2
1,1,1,1,12,1,2,2,28,13,85,2,1,81,67,2
1,3,1,1,17,1,2,0,20,13,85,2,1,72,99,2
1,1,0,1,7,0,1,2,21,21,96,2,1,81,63,0
1,2,0,1,10,0,1,2,21,21,96,2,1,55,65,1
1,1,1,1,7,0,2,2,21,21,96,1,1,81,63,0
1,2,1,1,10,0,2,2,21,21,96,1,1,55,65,1
1,1,1,1,7,0,2,2,21,21,96,0,1,81,63,0
1,2,1,1,10,0,2,2,21,21,96,0,1,55,65,1
1,1,0,1,7,0,0,2,21,21,96,0,1,81,63,0
1,2,0,1,10,0,0,2,21,21,96,0,1,55,65,1
1,1,1,1,7,0,1,2,21,21,96,1,1,81,63,0
1,2,1,1,10,0,1,2,21,21,96,1,1,55,65,1
1,1,1,1,7,0,1,2,21,21,96,0,1,81,63,0
1,2,1,1,10,0,1,2,21,21,96,0,1,55,65,1
1,3,0,1,17,1,2,0,20,28,61,2,0,51,93,1
1,3,0,1,17,1,1,0,20,28,61,2,0,51,93,1
0,3,0,1,20,1,0,2,23,10,82,1,0,71,66,1
0,2,0,1,0,1,0,0,26,10,82,1,1,65,89,0
0,1,0,1,19,1,1,3,20,21,91,1,1,95,44,1
0,1,0,1,15,1,1,0,26,21,91,1,1,86,91,2
0,2,0,1,15,1,1,0,19,21,91,1,1,93,95,1
0,1,0,1,19,1,2,3,20,21,91,1,1,95,44,1
0,1,0,1,15,1,2,0,26,21,91,1,1,86,91,2
0,2,0,1,15,1,2,0,19,21,91,1,1,93,95,1
0,1,1,1,19,1,1,3,20,21,91,2,1,95,44,1
0,1,1,1,15,1,1,0,26,21,91,2,1,86,91,2
0,2,1,1,15,1,1,0,19,21,91,2,1,93,95,1
0,1,1,1,19,1,2,3,20,21,91,1,1,95,44,1
0,1,1,1,15,1,2,0,26,21,91,1,1,86,91,2
0,2,1,1,15,1,2,0,19,21,91,1,1,93,95,1
0,1,0,1,19,1,1,3,20,21,91,0,1,95,44,1
0,1,0,1,15,1,1,0,26,21,91,0,1,86,91,2
0,2,0,1,15,1,1,0,19,21,91,0,1,93,95,1
0,1,1,1,19,1,2,3,20,21,91,0,1,95,44,1
0,1,1,1,15,1,2,0,26,21,91,0,1,86,91,2
0,2,1,1,15,1,2,0,19,21,91,0,1,93,95,1
0,0,0,1,6,0,1,1,26,22,82,1,1,93,70,0
0,2,0,1,6,0,1,0,21,22,82,1,0,97,86,2
0,0,1,1,6,0,1,1,26,22,82,0,1,93,70,0
0,2,1,1,6,0,1,0,21,22,82,0,0,97,86,2
0,0,1,1,6,0,1,1,26,22,82,2,1,93,70,0
0,2,1,1,6,0,1,0,21,22,82,2,0,97,86,2
0,0,0,1,6,0,1,1,26,22,82,0,1,93,70,0
0,2,0,1,6,0,1,0,21,22,82,0,0,97,86,2
0,0,0,0,6,0,2,1,26,22,82,1,1,93,70,0
0,2,0,0,6,0,2,0,21,22,82,1,0,97,86,2
0,0,0,0,1,0,2,3,25,25,73,2,0,82,45,2
0,0,0,0,15,1,2,2,27,25,73,2,0,81,62,2
0,3,0,0,0,1,2,3,19,25,73,2,0,57,54,0
0,0,0,1,1,0,0,3,25,25,73,1,0,82,45,2
0,0,0,1,15,1,0,2,27,25,73,1,0,81,62,2
0,3,0,1,0,1,0,3,19,25,73,1,0,57,54,0
0,0,1,1,1,0,1,3,25,25,73,0,0,82,45,2
0,0,1,1,15,1,1,2,27,25,73,0,0,81,62,2
0,3,1,1,0,1,1,3,19,25,73,0,0,57,54,0
0,0,1,1,1,0,1,3,25,25,73,1,0,82,45,2
0,0,1,1,15,1,1,2,27,25,73,1,0,81,62,2
0,3,1,1,0,1,1,3,19,25,73,1,0,57,54,0
0,0,1,1,1,0,2,3,25,25,73,1,0,82,45,2
0,0,1,1,15,1,2,2,27,25,73,1,0,81,62,2
0,3,1,1,0,1,2,3,19,25,73,1,0,57,54,0
0,0,0,1,1,0,1,3,25,25,73,2,0,82,45,2
0,0,0,1,15,1,1,2,27,25,73,2,0,81,62,2
0,3,0,1,0,1,1,3,19,25,73,2,0,57,54,0
0,1,1,1,0,1,2,2,29,23,79,0,1,98,61,2
0,3,1,1,11,1,2,3,18,23,79,0,1,57,54,1
0,2,1,1,18,1,2,0,21,23,79,0,1,98,97,2
0,1,1,1,9,1,2,3,23,23,79,0,1,51,42,1
0,1,0,1,0,1,1,2,29,23,79,1,1,98,61,2
0,3,0,1,11,1,1,3,18,23,79,1,1,57,54,1
0,2,0,1,18,1,1,0,21,23,79,1,1,98,97,2
0,1,0,1,9,1,1,3,23,23,79,1,1,51,42,1
0,1,1,1,0,1,1,2,29,23,79,1,1,98,61,2
0,3,1,1,11,1,1,3,18,23,79,1,1,57,54,1
0,2,1,1,18,1,1,0,21,23,79,1,1,98,97,2
0,1,1,1,9,1,1,3,23,23,79,1,1,51,42,1
0,1,1,1,0,1,0,2,29,23,79,0,1,98,61,2
0,3,1,1,11,1,0,3,18,23,79,0,1,57,54,1
0,2,1,1,18,1,0,0,21,23,79,0,1,98,97,2
0,1,1,1,9,1,0,3,23,23,79,0,1,51,42,1
0,3,1,1,17,1,2,3,26,22,95,1,1,67,49,2
0,0,1,1,2,1,2,3,21,22,95,1,1,64,40,1
0,1,1,1,18,1,2,1,22,22,95,1,0,56,72,2
0,2,1,1,17,0,2,0,24,22,95,1,1,98,92,0
0,1,1,1,2,0,2,2,21,22,95,1,1,98,64,2
0,3,1,0,17,1,0,3,26,22,95,1,1,67,49,2
0,0,1,0,2,1,0,3,21,22,95,1,1,64,40,1
0,1,1,0,18,1,0,1,22,22,95,1,0,56,72,2
0,2,1,0,17,0,0,0,24,22,95,1,1,98,92,0
0,1,1,0,2,0,0,2,21,22,95,1,1,98,64,2
0,3,0,1,17,1,0,3,26,22,95,1,1,67,49,2
0,0,0,1,2,1,0,3,21,22,95,1,1,64,40,1
0,1,0,1,18,1,0,1,22,22,95,1,0,56,72,2
0,2,0,1,17,0,0,0,24,22,95,1,1,98,92,0
0,1,0,1,2,0,0,2,21,22,95,1,1,98,64,2
0,0,1,1,10,1,2,3,22,22,83,1,0,73,44,0
0,3,1,1,13,1,2,2,20,22,83,1,1,71,64,2
0,2,1,1,12,1,2,0,20,22,83,1,0,66,87,2
0,0,1,0,10,1,1,3,22,22,83,0,0,73,44,0
0,3,1,0,13,1,1,2,20,22,83,0,1,71,64,2
0,2,1,0,12,1,1,0,20,22,83,0,0,66,87,2
0,0,0,0,10,1,2,3,22,22,83,1,0,73,44,0
0,3,0,0,13,1,2,2,20,22,83,1,1,71,64,2
0,2,0,0,12,1,2,0,20,22,83,1,0,66,87,2
0,0,1,0,10,1,2,3,22,22,83,1,0,73,44,0
0,3,1,0,13,1,2,2,20,22,83,1,1,71,64,2
0,2,1,0,12,1,2,0,20,22,83,1,0,66,87,2
0,0,1,1,10,1,0,3,22,22,83,1,0,73,44,0
0,3,1,1,13,1,0,2,20,22,83,1,1,71,64,2
0,2,1,1,12,1,0,0,20,22,83,1,0,66,87,2
0,0,0,1,10,1,1,3,22,22,83,0,0,73,44,0
0,3,0,1,13,1,1,2,20,22,83,0,1,71,64,2
0,2,0,1,12,1,1,0,20,22,83,0,0,66,87,2
0,3,0,1,17,1,2,2,29,22,87,0,0,100,61,2
0,2,0,1,7,1,2,3,27,22,87,0,1,53,45,2
0,3,0,1,1,0,2,1,27,22,87,0,1,83,83,1
0,2,0,1,10,1,2,0,22,22,87,0,1,89,86,1
0,3,0,1,17,0,2,3,26,22,87,0,1,52,47,2
0,3,1,1,17,1,2,2,29,22,87,1,0,100,61,2
0,2,1,1,7,1,2,3,27,22,87,1,1,53,45,2
0,3,1,1,1,0,2,1,27,22,87,1,1,83,83,1
0,2,1,1,10,1,2,0,22,22,87,1,1,89,86,1
0,3,1,1,17,0,2,3,26,22,87,1,1,52,47,2
0,3,1,0,17,1,2,2,29,22,87,1,0,100,61,2
0,2,1,0,7,1,2,3,27,22,87,1,1,53,45,2
0,3,1,0,1,0,2,1,27,22,87,1,1,83,83,1
0,2,1,0,10,1,2,0,22,22,87,1,1,89,86,1
0,3,1,0,17,0,2,3,26,22,87,1,1,52,47,2
1,1,1,1,8,1,2,2,29,16,92,0,1,67,66,2
1,1,1,1,14,1,2,2,24,16,92,0,1,74,61,2
1,1,1,1,2,0,2,2,25,16,92,0,0,84,56,2
1,1,1,1,8,1,1,2,29,16,92,2,1,67,66,2
1,1,1,1,14,1,1,2,24,16,92,2,1,74,61,2
1,1,1,1,2,0,1,2,25,16,92,2,0,84,56,2
1,1,1,1,8,1,2,2,29,16,92,1,1,67,66,2
1,1,1,1,14,1,2,2,24,16,92,1,1,74,61,2
1,1,1,1,2,0,2,2,25,16,92,1,0,84,56,2
1,1,1,0,8,1,1,2,29,16,92,2,1,67,66,2
1,1,1,0,14,1,1,2,24,16,92,2,1,74,61,2
1,1,1,0,2,0,1,2,25,16,92,2,0,84,56,2
0,3,1,1,14,1,1,2,28,21,86,1,0,85,69,2
0,3,0,1,14,1,0,2,28,21,86,1,0,85,69,2
0,3,1,1,0,1,1,3,19,22,76,1,1,50,44,2
0,3,0,1,0,1,0,3,19,22,76,1,1,50,44,2
0,3,0,1,0,1,0,3,19,22,76,0,1,50,44,2
0,3,0,1,0,1,2,3,19,22,76,0,1,50,44,2
0,0,1,1,20,0,1,3,26,16,81,1,1,50,50,1
0,0,1,1,20,0,2,3,26,16,81,1,1,50,50,1
1,0,0,1,17,0,2,0,28,23,75,0,0,73,100,2
1,1,0,1,0,1,2,0,28,23,75,0,1,65,85,1
1,0,0,1,17,0,1,0,28,23,75,2,0,73,100,2
1,1,0,1,0,1,1,0,28,23,75,2,1,65,85,1
1,0,1,1,17,0,0,0,28,23,75,1,0,73,100,2
1,1,1,1,0,1,0,0,28,23,75,1,1,65,85,1
0,0,0,1,17,1,2,1,22,13,76,0,1,85,84,0
0,1,0,1,2,1,2,2,23,13,76,0,1,89,63,2
0,0,0,1,8,1,2,0,26,13,76,0,0,62,98,0
1,3,1,1,16,1,1,2,28,24,64,2,0,81,55,0
1,3,1,1,9,1,1,2,26,24,64,2,1,60,63,2
1,1,1,1,17,1,1,3,27,24,64,2,0,89,45,2
1,3,1,1,16,1,2,2,28,24,64,2,0,81,55,0
1,3,1,1,9,1,2,2,26,24,64,2,1,60,63,2
1,1,1,1,17,1,2,3,27,24,64,2,0,89,45,2
1,3,1,1,16,1,1,2,28,24,64,0,0,81,55,0
1,3,1,1,9,1,1,2,26,24,64,0,1,60,63,2
1,1,1,1,17,1,1,3,27,24,64,0,0,89,45,2
1,3,0,1,16,1,0,2,28,24,64,1,0,81,55,0
1,3,0,1,9,1,0,2,26,24,64,1,1,60,63,2
1,1,0,1,17,1,0,3,27,24,64,1,0,89,45,2
0,1,1,1,0,1,1,1,19,14,97,1,1,75,79,2
0,3,1,1,17,1,1,2,20,14,97,1,1,77,57,2
0,0,1,1,12,1,1,0,20,14,97,1,1,94,86,0
0,3,1,1,14,1,1,3,29,14,97,1,1,93,48,1
0,1,0,1,0,1,0,1,19,14,97,2,1,75,79,2
0,3,0,1,17,1,0,2,20,14,97,2,1,77,57,2
0,0,0,1,12,1,0,0,20,14,97,2,1,94,86,0
0,3,0,1,14,1,0,3,29,14,97,2,1,93,48,1
0,1,0,0,0,1,2,1,19,14,97,1,1,75,79,2
0,3,0,0,17,1,2,2,20,14,97,1,1,77,57,2
0,0,0,0,12,1,2,0,20,14,97,1,1,94,86,0
0,3,0,0,14,1,2,3,29,14,97,1,1,93,48,1
0,1,1,1,0,1,1,1,19,14,97,2,1,75,79,2
0,3,1,1,17,1,1,2,20,14,97,2,1,77,57,2
0,0,1,1,12,1,1,0,20,14,97,2,1,94,86,0
0,3,1,1,14,1,1,3,29,14,97,2,1,93,48,1
1,3,0,1,15,1,2,0,20,25,64,0,0,100,93,2
1,1,0,1,18,1,2,3,22,25,64,0,1,57,40,0
1,3,1,1,15,1,0,0,20,25,64,1,0,100,93,2
1,1,1,1,18,1,0,3,22,25,64,1,1,57,40,0
1,3,1,1,15,1,1,0,20,25,64,0,0,100,93,2
1,1,1,1,18,1,1,3,22,25,64,0,1,57,40,0
1,3,0,1,7,1,1,2,21,27,86,0,1,71,67,1
1,3,0,1,3,1,1,2,29,27,86,0,1,51,69,1
1,3,1,1,7,1,1,2,21,27,86,0,1,71,67,1
1,3,1,1,3,1,1,2,29,27,86,0,1,51,69,1
1,3,1,1,7,1,1,2,21,27,86,1,1,71,67,1
1,3,1,1,3,1,1,2,29,27,86,1,1,51,69,1
1,3,0,1,7,1,1,2,21,27,86,1,1,71,67,1
1,3,0,1,3,1,1,2,29,27,86,1,1,51,69,1
1,3,0,1,7,1,2,2,21,27,86,1,1,71,67,1
1,3,0,1,3,1,2,2,29,27,86,1,1,51,69,1
1,2,1,1,12,0,1,1,19,15,77,0,0,90,74,2
1,0,1,1,2,1,1,1,28,15,77,0,1,51,81,2
1,2,1,1,12,0,1,1,19,15,77,2,0,90,74,2
1,0,1,1,2,1,1,1,28,15,77,2,1,51,81,2
1,2,1,1,12,0,1,1,19,15,77,1,0,90,74,2
1,0,1,1,2,1,1,1,28,15,77,1,1,51,81,2
1,2,1,0,12,0,1,1,19,15,77,0,0,90,74,2
1,0,1,0,2,1,1,1,28,15,77,0,1,51,81,2
1,2,1,1,12,0,2,1,19,15,77,1,0,90,74,2
1,0,1,1,2,1,2,1,28,15,77,1,1,51,81,2
1,3,1,1,4,1,2,3,28,26,76,1,1,77,48,2
1,3,1,1,13,0,2,3,19,26,76,1,1,98,49,1
1,2,1,1,9,1,2,0,29,26,76,1,1,70,91,2
1,3,1,1,4,1,1,3,28,26,76,1,1,77,48,2
1,3,1,1,13,0,1,3,19,26,76,1,1,98,49,1
1,2,1,1,9,1,1,0,29,26,76,1,1,70,91,2
1,3,1,1,4,1,1,3,28,26,76,2,1,77,48,2
1,3,1,1,13,0,1,3,19,26,76,2,1,98,49,1
1,2,1,1,9,1,1,0,29,26,76,2,1,70,91,2
1,3,0,1,4,1,1,3,28,26,76,0,1,77,48,2
1,3,0,1,13,0,1,3,19,26,76,0,1,98,49,1
1,2,0,1,9,1,1,0,29,26,76,0,1,70,91,2
1,3,1,1,4,1,0,3,28,26,76,0,1,77,48,2
1,3,1,1,13,0,0,3,19,26,76,0,1,98,49,1
1,2,1,1,9,1,0,0,29,26,76,0,1,70,91,2
1,3,0,1,4,1,0,3,28,26,76,2,1,77,48,2
1,3,0,1,13,0,0,3,19,26,76,2,1,98,49,1
1,2,0,1,9,1,0,0,29,26,76,2,1,70,91,2
1,3,1,0,8,1,0,1,18,22,87,1,1,100,82,2
1,3,0,1,8,1,1,1,18,22,87,0,1,100,82,2
1,2,1,1,14,1,1,2,26,31,84,1,0,60,56,1
1,0,1,1,2,1,1,1,22,31,84,1,1,91,70,2
1,2,0,1,14,1,1,2,26,31,84,2,0,60,56,1
1,0,0,1,2,1,1,1,22,31,84,2,1,91,70,2
1,2,0,1,14,1,2,2,26,31,84,0,0,60,56,1
1,0,0,1,2,1,2,1,22,31,84,0,1,91,70,2
1,2,0,0,14,1,1,2,26,31,84,1,0,60,56,1
1,0,0,0,2,1,1,1,22,31,84,1,1,91,70,2
1,0,0,1,13,1,0,2,24,19,91,1,0,53,66,0
1,1,0,1,3,1,0,3,27,19,91,1,1,65,52,1
1,0,1,1,13,1,0,2,24,19,91,1,0,53,66,0
1,1,1,1,3,1,0,3,27,19,91,1,1,65,52,1
1,0,1,1,13,1,2,2,24,19,91,2,0,53,66,0
1,1,1,1,3,1,2,3,27,19,91,2,1,65,52,1
1,0,0,1,13,1,1,2,24,19,91,2,0,53,66,0
1,1,0,1,3,1,1,3,27,19,91,2,1,65,52,1
1,0,0,1,13,1,0,2,24,19,91,2,0,53,66,0
1,1,0,1,3,1,0,3,27,19,91,2,1,65,52,1
1,2,0,1,5,1,1,0,19,15,93,1,0,62,90,1
1,3,0,1,2,1,1,2,22,15,93,1,1,50,56,1
1,2,1,1,5,1,1,0,19,15,93,0,0,62,90,1
1,3,1,1,2,1,1,2,22,15,93,0,1,50,56,1
1,1,1,1,17,1,1,0,18,15,67,2,1,61,100,2
1,1,1,1,9,1,1,0,20,15,67,2,0,77,85,1
1,1,0,1,17,1,1,0,18,15,67,1,1,61,100,2
1,1,0,1,9,1,1,0,20,15,67,1,0,77,85,1
1,1,1,1,17,1,1,0,18,15,67,0,1,61,100,2
1,1,1,1,9,1,1,0,20,15,67,0,0,77,85,1
1,1,1,1,17,1,1,0,18,15,67,1,1,61,100,2
1,1,1,1,9,1,1,0,20,15,67,1,0,77,85,1
1,1,1,1,17,1,2,0,18,15,67,0,1,61,100,2
1,1,1,1,9,1,2,0,20,15,67,0,0,77,85,1
1,1,1,1,17,1,2,0,18,15,67,2,1,61,100,2
1,1,1,1,9,1,2,0,20,15,67,2,0,77,85,1
1,1,1,1,17,1,0,0,18,15,67,1,1,61,100,2
1,1,1,1,9,1,0,0,20,15,67,1,0,77,85,1
1,0,0,0,20,0,1,1,18,15,96,2,0,98,73,2
1,0,0,1,20,0,1,1,18,15,96,1,0,98,73,2
1,0,1,1,20,0,2,1,18,15,96,2,0,98,73,2
1,0,1,1,20,0,1,1,18,15,96,1,0,98,73,2
1,0,0,1,20,0,0,1,18,15,96,2,0,98,73,2
1,0,0,1,20,0,2,1,18,15,96,1,0,98,73,2
0,3,0,1,14,1,0,1,27,20,86,1,1,50,73,2
0,1,0,1,1,1,0,0,24,20,86,1,1,73,88,2
0,3,0,1,10,1,0,1,23,20,86,1,1,75,76,1
0,3,0,1,14,1,0,1,27,20,86,0,1,50,73,2
0,1,0,1,1,1,0,0,24,20,86,0,1,73,88,2
0,3,0,1,10,1,0,1,23,20,86,0,1,75,76,1
1,1,0,1,14,0,2,0,29,22,95,0,1,66,87,1
1,1,0,1,14,0,1,0,29,22,95,1,1,66,87,1
1,1,1,1,14,0,2,0,29,22,95,2,1,66,87,1
1,2,0,1,16,1,1,0,26,22,79,1,0,100,86,2
1,2,1,1,16,1,1,0,26,22,79,2,0,100,86,2
1,2,1,1,16,1,2,0,26,22,79,1,0,100,86,2
1,2,1,1,16,1,1,0,26,22,79,0,0,100,86,2
1,2,1,1,16,1,1,0,26,22,79,1,0,100,86,2
1,2,1,1,16,1,0,0,26,22,79,0,0,100,86,2
1,2,0,1,16,1,1,0,26,22,79,0,0,100,86,2
1,2,0,1,16,1,0,0,26,22,79,1,0,100,86,2
0,2,0,0,6,0,1,1,18,25,82,1,0,79,72,0
0,2,0,0,0,1,1,3,18,25,82,1,0,88,49,2
0,2,0,1,6,0,1,1,18,25,82,2,0,79,72,0
0,2,0,1,0,1,1,3,18,25,82,2,0,88,49,2
0,2,1,1,6,0,1,1,18,25,82,2,0,79,72,0
0,2,1,1,0,1,1,3,18,25,82,2,0,88,49,2
0,2,0,1,6,0,1,1,18,25,82,1,0,79,72,0
0,2,0,1,0,1,1,3,18,25,82,1,0,88,49,2
1,0,1,1,18,1,1,1,23,20,97,0,0,85,80,0
1,2,1,1,14,0,1,0,18,20,97,0,1,74,91,2
1,2,1,1,19,1,1,2,23,20,97,0,0,74,59,1
1,0,0,1,18,1,2,1,23,20,97,1,0,85,80,0
1,2,0,1,14,0,2,0,18,20,97,1,1,74,91,2
1,2,0,1,19,1,2,2,23,20,97,1,0,74,59,1
1,0,0,1,18,1,2,1,23,20,97,0,0,85,80,0
1,2,0,1,14,0,2,0,18,20,97,0,1,74,91,2
1,2,0,1,19,1,2,2,23,20,97,0,0,74,59,1
1,0,1,1,18,1,1,1,23,20,97,2,0,85,80,0
1,2,1,1,14,0,1,0,18,20,97,2,1,74,91,2
1,2,1,1,19,1,1,2,23,20,97,2,0,74,59,1
1,0,1,1,18,1,2,1,23,20,97,1,0,85,80,0
1,2,1,1,14,0,2,0,18,20,97,1,1,74,91,2
1,2,1,1,19,1,2,2,23,20,97,1,0,74,59,1
1,0,1,1,18,1,0,1,23,20,97,0,0,85,80,0
1,2,1,1,14,0,0,0,18,20,97,0,1,74,91,2
1,2,1,1,19,1,0,2,23,20,97,0,0,74,59,1
1,0,0,1,18,1,1,1,23,20,97,1,0,85,80,0
1,2,0,1,14,0,1,0,18,20,97,1,1,74,91,2
1,2,0,1,19,1,1,2,23,20,97,1,0,74,59,1
0,0,1,0,9,1,1,2,28,29,96,0,1,62,59,2
0,0,0,1,9,1,0,2,28,29,96,1,1,62,59,2
0,0,1,1,9,1,2,2,28,29,96,1,1,62,59,2
0,3,0,1,19,0,1,2,29,18,78,2,1,50,67,2
0,3,0,1,19,0,0,2,29,18,78,1,1,50,67,2
0,3,1,0,19,0,1,2,29,18,78,2,1,50,67,2
0,3,1,0,19,0,1,2,29,18,78,0,1,50,67,2
0,3,1,1,19,0,0,2,29,18,78,1,1,50,67,2
0,3,1,1,19,0,2,2,29,18,78,1,1,50,67,2
0,3,1,1,19,0,1,2,29,18,78,1,1,50,67,2
1,1,1,1,9,1,1,2,27,36,71,1,0,94,60,2
1,1,1,1,1,1,1,2,28,36,71,1,1,63,55,2
1,1,0,1,9,0,2,2,29,24,76,0,1,76,58,1
1,3,0,1,15,1,2,0,27,24,76,0,1,90,98,2
1,2,0,1,14,1,2,3,26,24,76,0,0,99,40,2
1,3,0,1,8,1,2,0,19,24,76,0,1,53,86,2
1,1,1,1,9,0,1,2,29,24,76,1,1,76,58,1
1,3,1,1,15,1,1,0,27,24,76,1,1,90,98,2
1,2,1,1,14,1,1,3,26,24,76,1,0,99,40,2
1,3,1,1,8,1,1,0,19,24,76,1,1,53,86,2
1,1,1,1,9,0,0,2,29,24,76,1,1,76,58,1
1,3,1,1,15,1,0,0,27,24,76,1,1,90,98,2
1,2,1,1,14,1,0,3,26,24,76,1,0,99,40,2
1,3,1,1,8,1,0,0,19,24,76,1,1,53,86,2
1,1,1,1,9,0,0,2,29,24,76,0,1,76,58,1
1,3,1,1,15,1,0,0,27,24,76,0,1,90,98,2
1,2,1,1,14,1,0,3,26,24,76,0,0,99,40,2
1,3,1,1,8,1,0,0,19,24,76,0,1,53,86,2
1,1,0,1,9,0,1,2,29,24,76,2,1,76,58,1
1,3,0,1,15,1,1,0,27,24,76,2,1,90,98,2
1,2,0,1,14,1,1,3,26,24,76,2,0,99,40,2
1,3,0,1,8,1,1,0,19,24,76,2,1,53,86,2
1,1,0,1,9,0,1,2,29,24,76,0,1,76,58,1
1,3,0,1,15,1,1,0,27,24,76,0,1,90,98,2
1,2,0,1,14,1,1,3,26,24,76,0,0,99,40,2
1,3,0,1,8,1,1,0,19,24,76,0,1,53,86,2
1,2,0,1,10,1,2,3,28,15,76,1,1,61,42,2
1,2,0,1,13,0,2,0,24,15,76,1,1,58,88,0
1,1,1,1,12,0,1,2,19,14,71,0,0,89,63,0
1,0,1,1,10,0,1,3,19,14,71,0,1,60,42,0
1,3,1,1,13,1,1,0,26,14,71,0,1,75,90,2
1,3,1,1,12,0,0,3,26,23,71,0,1,69,46,2
1,3,1,0,12,0,1,3,26,23,71,1,1,69,46,2
1,3,1,1,12,0,0,3,26,23,71,1,1,69,46,2
1,3,1,1,12,0,1,3,26,23,71,0,1,69,46,2
1,1,1,1,17,1,1,2,20,19,94,1,1,69,56,2
1,0,1,1,13,1,1,3,18,19,94,1,1,68,43,2
1,3,1,1,16,1,1,2,23,19,94,1,0,58,56,2
1,2,1,1,14,1,1,0,23,19,94,1,1,83,90,2
1,1,0,1,17,1,1,2,20,19,94,1,1,69,56,2
1,0,0,1,13,1,1,3,18,19,94,1,1,68,43,2
1,3,0,1,16,1,1,2,23,19,94,1,0,58,56,2
1,2,0,1,14,1,1,0,23,19,94,1,1,83,90,2
1,1,1,1,17,1,0,2,20,19,94,2,1,69,56,2
1,0,1,1,13,1,0,3,18,19,94,2,1,68,43,2
1,3,1,1,16,1,0,2,23,19,94,2,0,58,56,2
1,2,1,1,14,1,0,0,23,19,94,2,1,83,90,2
1,1,1,1,17,1,2,2,20,19,94,1,1,69,56,2
1,0,1,1,13,1,2,3,18,19,94,1,1,68,43,2
1,3,1,1,16,1,2,2,23,19,94,1,0,58,56,2
1,2,1,1,14,1,2,0,23,19,94,1,1,83,90,2
1,1,0,1,17,1,2,2,20,19,94,1,1,69,56,2
1,0,0,1,13,1,2,3,18,19,94,1,1,68,43,2
1,3,0,1,16,1,2,2,23,19,94,1,0,58,56,2
1,2,0,1,14,1,2,0,23,19,94,1,1,83,90,2
0,3,1,1,19,1,0,2,26,24,63,1,1,81,60,2
0,2,1,1,11,1,0,0,27,24,63,1,1,95,89,2
0,1,1,1,15,1,0,0,29,24,63,1,1,58,88,2
0,3,1,1,19,1,0,2,26,24,63,0,1,81,60,2
0,2,1,1,11,1,0,0,27,24,63,0,1,95,89,2
0,1,1,1,15,1,0,0,29,24,63,0,1,58,88,2
0,3,0,1,19,1,1,2,26,24,63,0,1,81,60,2
0,2,0,1,11,1,1,0,27,24,63,0,1,95,89,2
0,1,0,1,15,1,1,0,29,24,63,0,1,58,88,2
0,3,0,0,19,1,0,2,26,24,63,0,1,81,60,2
0,2,0,0,11,1,0,0,27,24,63,0,1,95,89,2
0,1,0,0,15,1,0,0,29,24,63,0,1,58,88,2
0,3,1,1,19,1,1,2,26,24,63,2,1,81,60,2
0,2,1,1,11,1,1,0,27,24,63,2,1,95,89,2
0,1,1,1,15,1,1,0,29,24,63,2,1,58,88,2
0,3,0,0,19,1,1,2,26,24,63,1,1,81,60,2
0,2,0,0,11,1,1,0,27,24,63,1,1,95,89,2
0,1,0,0,15,1,1,0,29,24,63,1,1,58,88,2
1,1,1,1,15,1,2,0,26,23,87,2,0,67,90,1
1,1,0,1,15,1,2,0,26,23,87,1,0,67,90,1
1,1,1,1,15,1,1,0,26,23,87,1,0,67,90,1
1,1,0,1,15,1,1,0,26,23,87,2,0,67,90,1
1,1,0,1,15,1,0,0,26,23,87,1,0,67,90,1
1,1,1,1,15,1,2,0,26,23,87,1,0,67,90,1
1,1,1,1,16,1,1,2,29,20,67,1,1,85,57,0
1,0,1,1,20,0,1,0,24,20,67,1,0,83,100,2
1,1,1,1,16,1,1,2,26,20,67,1,1,59,63,2
1,1,0,1,16,1,0,2,29,20,67,1,1,85,57,0
1,0,0,1,20,0,0,0,24,20,67,1,0,83,100,2
1,1,0,1,16,1,0,2,26,20,67,1,1,59,63,2
1,1,1,1,16,1,0,2,29,20,67,1,1,85,57,0
1,0,1,1,20,0,0,0,24,20,67,1,0,83,100,2
1,1,1,1,16,1,0,2,26,20,67,1,1,59,63,2
1,1,0,1,16,1,2,2,29,20,67,2,1,85,57,0
1,0,0,1,20,0,2,0,24,20,67,2,0,83,100,2
1,1,0,1,16,1,2,2,26,20,67,2,1,59,63,2
1,1,0,0,16,1,1,2,29,20,67,0,1,85,57,0
1,0,0,0,20,0,1,0,24,20,67,0,0,83,100,2
1,1,0,0,16,1,1,2,26,20,67,0,1,59,63,2
0,1,1,1,0,1,2,2,29,15,74,0,1,88,65,1
0,0,1,1,5,1,2,3,19,15,74,0,1,67,40,2
0,1,0,1,0,1,0,2,29,15,74,0,1,88,65,1
0,0,0,1,5,1,0,3,19,15,74,0,1,67,40,2
1,3,1,1,13,1,2,3,23,11,62,1,0,72,53,2
1,1,1,1,7,1,2,0,20,11,62,1,0,69,85,1
1,0,1,1,2,1,2,3,22,11,62,1,0,82,41,2
1,2,1,1,11,1,2,1,24,11,62,1,1,69,80,1
1,2,1,1,13,1,2,1,24,11,62,1,1,79,71,2
1,2,1,1,16,1,2,0,23,11,62,1,0,76,99,2
1,3,1,1,13,1,1,3,23,11,62,2,0,72,53,2
1,1,1,1,7,1,1,0,20,11,62,2,0,69,85,1
1,0,1,1,2,1,1,3,22,11,62,2,0,82,41,2
1,2,1,1,11,1,1,1,24,11,62,2,1,69,80,1
1,2,1,1,13,1,1,1,24,11,62,2,1,79,71,2
1,2,1,1,16,1,1,0,23,11,62,2,0,76,99,2
1,0,1,1,2,0,1,2,23,17,71,1,1,68,55,0
1,0,1,1,2,0,1,2,23,17,71,0,1,68,55,0
1,0,1,1,2,0,0,2,23,17,71,0,1,68,55,0
1,1,0,1,19,1,1,2,28,25,91,0,1,62,57,2
1,1,0,1,8,1,1,2,26,25,91,0,0,54,68,2
1,3,0,1,2,0,1,3,27,25,91,0,1,71,42,0
1,0,0,1,9,1,1,3,20,25,91,0,1,73,48,2
1,1,0,1,19,1,1,2,28,25,91,2,1,62,57,2
1,1,0,1,8,1,1,2,26,25,91,2,0,54,68,2
1,3,0,1,2,0,1,3,27,25,91,2,1,71,42,0
1,0,0,1,9,1,1,3,20,25,91,2,1,73,48,2
1,1,0,1,19,1,1,2,28,25,91,1,1,62,57,2
1,1,0,1,8,1,1,2,26,25,91,1,0,54,68,2
1,3,0,1,2,0,1,3,27,25,91,1,1,71,42,0
1,0,0,1,9,1,1,3,20,25,91,1,1,73,48,2
1,1,0,1,19,1,2,2,28,25,91,1,1,62,57,2
1,1,0,1,8,1,2,2,26,25,91,1,0,54,68,2
1,3,0,1,2,0,2,3,27,25,91,1,1,71,42,0
1,0,0,1,9,1,2,3,20,25,91,1,1,73,48,2
1,2,0,1,12,1,1,0,26,21,95,2,1,72,100,2
1,1,0,1,13,0,1,2,22,21,95,2,1,58,56,2
1,3,0,1,3,1,1,0,24,21,95,2,1,88,94,2
1,1,0,1,7,1,1,1,20,21,95,2,0,99,71,1
1,3,0,1,2,1,1,1,18,21,95,2,1,88,76,1
1,2,0,1,12,1,0,0,26,21,95,0,1,72,100,2
1,1,0,1,13,0,0,2,22,21,95,0,1,58,56,2
1,3,0,1,3,1,0,0,24,21,95,0,1,88,94,2
1,1,0,1,7,1,0,1,20,21,95,0,0,99,71,1
1,3,0,1,2,1,0,1,18,21,95,0,1,88,76,1
1,2,0,1,12,1,1,0,26,21,95,1,1,72,100,2
1,1,0,1,13,0,1,2,22,21,95,1,1,58,56,2
1,3,0,1,3,1,1,0,24,21,95,1,1,88,94,2
1,1,0,1,7,1,1,1,20,21,95,1,0,99,71,1
1,3,0,1,2,1,1,1,18,21,95,1,1,88,76,1
1,2,1,1,12,1,1,0,26,21,95,2,1,72,100,2
1,1,1,1,13,0,1,2,22,21,95,2,1,58,56,2
1,3,1,1,3,1,1,0,24,21,95,2,1,88,94,2
1,1,1,1,7,1,1,1,20,21,95,2,0,99,71,1
1,3,1,1,2,1,1,1,18,21,95,2,1,88,76,1
1,2,0,1,12,1,2,0,26,21,95,1,1,72,100,2
1,1,0,1,13,0,2,2,22,21,95,1,1,58,56,2
1,3,0,1,3,1,2,0,24,21,95,1,1,88,94,2
1,1,0,1,7,1,2,1,20,21,95,1,0,99,71,1
1,3,0,1,2,1,2,1,18,21,95,1,1,88,76,1
1,2,1,0,12,1,2,0,26,21,95,0,1,72,100,2
1,1,1,0,13,0,2,2,22,21,95,0,1,58,56,2
1,3,1,0,3,1,2,0,24,21,95,0,1,88,94,2
1,1,1,0,7,1,2,1,20,21,95,0,0,99,71,1
1,3,1,0,2,1,2,1,18,21,95,0,1,88,76,1
1,2,1,0,12,1,2,0,26,21,95,1,1,72,100,2
1,1,1,0,13,0,2,2,22,21,95,1,1,58,56,2
1,3,1,0,3,1,2,0,24,21,95,1,1,88,94,2
1,1,1,0,7,1,2,1,20,21,95,1,0,99,71,1
1,3,1,0,2,1,2,1,18,21,95,1,1,88,76,1
1,2,1,1,12,1,1,0,26,21,95,1,1,72,100,2
1,1,1,1,13,0,1,2,22,21,95,1,1,58,56,2
1,3,1,1,3,1,1,0,24,21,95,1,1,88,94,2
1,1,1,1,7,1,1,1,20,21,95,1,0,99,71,1
1,3,1,1,2,1,1,1,18,21,95,1,1,88,76,1
0,1,1,1,8,0,0,2,23,13,69,0,1,56,65,1
0,0,1,1,18,0,0,1,18,13,69,0,0,74,72,2
0,3,1,1,4,1,0,2,23,13,69,0,1,96,61,1
0,0,1,1,4,0,0,3,28,13,69,0,1,58,50,2
0,1,1,1,8,0,1,2,23,13,69,0,1,56,65,1
0,0,1,1,18,0,1,1,18,13,69,0,0,74,72,2
0,3,1,1,4,1,1,2,23,13,69,0,1,96,61,1
0,0,1,1,4,0,1,3,28,13,69,0,1,58,50,2
0,1,1,0,8,0,0,2,23,13,69,2,1,56,65,1
0,0,1,0,18,0,0,1,18,13,69,2,0,74,72,2
0,3,1,0,4,1,0,2,23,13,69,2,1,96,61,1
0,0,1,0,4,0,0,3,28,13,69,2,1,58,50,2
1,3,1,1,20,0,2,1,19,21,79,0,1,59,80,2
1,1,1,1,2,1,2,2,23,21,79,0,1,85,55,2
1,1,1,1,1,1,2,1,26,21,79,0,1,75,75,2
1,3,0,1,20,0,1,1,19,21,79,0,1,59,80,2
1,1,0,1,2,1,1,2,23,21,79,0,1,85,55,2
1,1,0,1,1,1,1,1,26,21,79,0,1,75,75,2
1,3,1,1,20,0,0,1,19,21,79,1,1,59,80,2
1,1,1,1,2,1,0,2,23,21,79,1,1,85,55,2
1,1,1,1,1,1,0,1,26,21,79,1,1,75,75,2
1,3,1,1,20,0,1,1,19,21,79,0,1,59,80,2
1,1,1,1,2,1,1,2,23,21,79,0,1,85,55,2
1,1,1,1,1,1,1,1,26,21,79,0,1,75,75,2
1,3,1,1,20,0,1,1,19,21,79,2,1,59,80,2
1,1,1,1,2,1,1,2,23,21,79,2,1,85,55,2
1,1,1,1,1,1,1,1,26,21,79,2,1,75,75,2
1,3,1,1,20,0,2,1,19,21,79,1,1,59,80,2
1,1,1,1,2,1,2,2,23,21,79,1,1,85,55,2
1,1,1,1,1,1,2,1,26,21,79,1,1,75,75,2
1,3,1,1,20,0,0,1,19,21,79,0,1,59,80,2
1,1,1,1,2,1,0,2,23,21,79,0,1,85,55,2
1,1,1,1,1,1,0,1,26,21,79,0,1,75,75,2
1,3,1,1,20,0,1,1,19,21,79,1,1,59,80,2
1,1,1,1,2,1,1,2,23,21,79,1,1,85,55,2
1,1,1,1,1,1,1,1,26,21,79,1,1,75,75,2
1,3,1,1,20,0,0,1,19,21,79,2,1,59,80,2
1,1,1,1,2,1,0,2,23,21,79,2,1,85,55,2
1,1,1,1,1,1,0,1,26,21,79,2,1,75,75,2
1,0,1,1,2,0,2,0,26,21,91,1,0,83,98,2
1,0,1,1,2,0,1,0,26,21,91,2,0,83,98,2
1,0,1,0,12,0,1,2,19,20,81,2,1,73,56,0
1,2,1,0,4,1,1,1,22,20,81,2,1,83,81,2
1,0,1,1,12,0,1,2,19,20,81,0,1,73,56,0
1,2,1,1,4,1,1,1,22,20,81,0,1,83,81,2
1,0,1,1,12,0,1,2,19,20,81,1,1,73,56,0
1,2,1,1,4,1,1,1,22,20,81,1,1,83,81,2
1,0,1,0,12,0,2,2,19,20,81,0,1,73,56,0
1,2,1,0,4,1,2,1,22,20,81,0,1,83,81,2
1,0,1,1,12,0,2,2,19,20,81,1,1,73,56,0
1,2,1,1,4,1,2,1,22,20,81,1,1,83,81,2
1,0,0,1,12,0,1,2,19,20,81,1,1,73,56,0
1,2,0,1,4,1,1,1,22,20,81,1,1,83,81,2
0,3,1,1,3,1,0,2,28,13,87,1,0,88,61,0
0,3,0,1,3,1,1,2,28,13,87,0,0,88,61,0
0,3,1,1,3,1,0,2,28,13,87,2,0,88,61,0
0,3,1,1,5,0,1,2,28,22,94,2,1,83,56,2
0,3,1,1,3,1,1,0,23,22,94,2,1,98,96,0
0,3,1,1,5,0,1,2,28,22,94,1,1,83,56,2
0,3,1,1,3,1,1,0,23,22,94,1,1,98,96,0
0,3,0,1,5,0,0,2,28,22,94,2,1,83,56,2
0,3,0,1,3,1,0,0,23,22,94,2,1,98,96,0
1,2,1,1,4,0,1,2,27,23,60,1,1,92,67,1
1,2,1,1,8,1,1,2,19,23,60,1,0,93,60,2
1,3,1,1,7,1,1,2,29,23,60,1,0,63,62,1
1,1,1,0,18,0,0,0,24,12,90,1,0,88,94,2
1,1,1,0,0,0,0,1,18,12,90,1,0,62,70,2
1,0,1,0,16,1,0,1,20,12,90,1,1,67,73,1
1,1,0,1,18,0,2,0,24,12,90,0,0,88,94,2
1,1,0,1,0,0,2,1,18,12,90,0,0,62,70,2
1,0,0,1,16,1,2,1,20,12,90,0,1,67,73,1
1,1,1,0,18,0,2,0,24,12,90,0,0,88,94,2
1,1,1,0,0,0,2,1,18,12,90,0,0,62,70,2
1,0,1,0,16,1,2,1,20,12,90,0,1,67,73,1
1,1,1,1,18,0,2,0,24,12,90,1,0,88,94,2
1,1,1,1,0,0,2,1,18,12,90,1,0,62,70,2
1,0,1,1,16,1,2,1,20,12,90,1,1,67,73,1
1,1,1,1,18,0,0,0,24,12,90,0,0,88,94,2
1,1,1,1,0,0,0,1,18,12,90,0,0,62,70,2
1,0,1,1,16,1,0,1,20,12,90,0,1,67,73,1
1,1,1,1,18,0,0,0,24,12,90,1,0,88,94,2
1,1,1,1,0,0,0,1,18,12,90,1,0,62,70,2
1,0,1,1,16,1,0,1,20,12,90,1,1,67,73,1
1,3,0,1,1,1,1,3,19,14,82,1,1,60,41,2
1,2,0,1,15,1,1,1,27,14,82,1,1,70,78,2
1,0,0,1,14,1,1,3,20,14,82,1,0,63,48,1
1,3,0,1,1,1,1,3,19,14,82,0,1,60,41,2
1,2,0,1,15,1,1,1,27,14,82,0,1,70,78,2
1,0,0,1,14,1,1,3,20,14,82,0,0,63,48,1
1,3,1,1,1,1,1,3,19,14,82,1,1,60,41,2
1,2,1,1,15,1,1,1,27,14,82,1,1,70,78,2
1,0,1,1,14,1,1,3,20,14,82,1,0,63,48,1
1,3,1,1,1,1,0,3,19,14,82,2,1,60,41,2
1,2,1,1,15,1,0,1,27,14,82,2,1,70,78,2
1,0,1,1,14,1,0,3,20,14,82,2,0,63,48,1
1,3,0,1,1,1,2,3,19,14,82,0,1,60,41,2
1,2,0,1,15,1,2,1,27,14,82,0,1,70,78,2
1,0,0,1,14,1,2,3,20,14,82,0,0,63,48,1
1,1,1,1,14,1,1,2,20,23,81,1,1,59,57,2
1,2,1,1,16,1,1,3,19,23,81,1,1,90,54,2
1,0,1,1,17,1,1,2,27,23,81,1,1,79,57,2
1,1,0,1,14,1,0,2,20,23,81,1,1,59,57,2
1,2,0,1,16,1,0,3,19,23,81,1,1,90,54,2
1,0,0,1,17,1,0,2,27,23,81,1,1,79,57,2
1,1,0,1,14,1,1,2,20,23,81,0,1,59,57,2
1,2,0,1,16,1,1,3,19,23,81,0,1,90,54,2
1,0,0,1,17,1,1,2,27,23,81,0,1,79,57,2
1,1,0,1,14,1,1,2,20,23,81,1,1,59,57,2
1,2,0,1,16,1,1,3,19,23,81,1,1,90,54,2
1,0,0,1,17,1,1,2,27,23,81,1,1,79,57,2
1,1,0,1,14,1,1,2,20,23,81,2,1,59,57,2
1,2,0,1,16,1,1,3,19,23,81,2,1,90,54,2
1,0,0,1,17,1,1,2,27,23,81,2,1,79,57,2
1,1,0,1,14,1,2,2,20,23,81,0,1,59,57,2
1,2,0,1,16,1,2,3,19,23,81,0,1,90,54,2
1,0,0,1,17,1,2,2,27,23,81,0,1,79,57,2
1,2,1,1,15,1,2,1,22,23,74,0,1,61,84,2
1,2,1,1,6,0,2,2,28,23,74,0,1,72,56,2
1,3,1,1,1,1,2,2,26,23,74,0,1,65,62,2
1,2,0,1,15,1,0,1,22,23,74,0,1,61,84,2
1,2,0,1,6,0,0,2,28,23,74,0,1,72,56,2
1,3,0,1,1,1,0,2,26,23,74,0,1,65,62,2
1,2,0,1,15,1,1,1,22,23,74,1,1,61,84,2
1,2,0,1,6,0,1,2,28,23,74,1,1,72,56,2
1,3,0,1,1,1,1,2,26,23,74,1,1,65,62,2
1,2,1,1,15,1,2,1,22,23,74,1,1,61,84,2
1,2,1,1,6,0,2,2,28,23,74,1,1,72,56,2
1,3,1,1,1,1,2,2,26,23,74,1,1,65,62,2
1,2,1,0,15,1,2,1,22,23,74,0,1,61,84,2
1,2,1,0,6,0,2,2,28,23,74,0,1,72,56,2
1,3,1,0,1,1,2,2,26,23,74,0,1,65,62,2
1,2,1,0,15,1,1,1,22,23,74,1,1,61,84,2
1,2,1,0,6,0,1,2,28,23,74,1,1,72,56,2
1,3,1,0,1,1,1,2,26,23,74,1,1,65,62,2
0,3,1,1,12,0,1,2,27,43,86,1,1,56,58,0
0,3,1,1,2,0,2,2,23,23,77,0,0,55,64,2
0,3,1,1,0,0,2,1,22,23,77,0,0,90,78,2
0,0,1,1,8,1,2,0,29,23,77,0,0,52,91,1
0,2,1,1,11,1,2,3,22,23,77,0,1,59,51,1
0,3,1,1,2,0,2,2,23,23,77,1,0,55,64,2
0,3,1,1,0,0,2,1,22,23,77,1,0,90,78,2
0,0,1,1,8,1,2,0,29,23,77,1,0,52,91,1
0,2,1,1,11,1,2,3,22,23,77,1,1,59,51,1
0,3,1,1,2,0,1,2,23,23,77,1,0,55,64,2
0,3,1,1,0,0,1,1,22,23,77,1,0,90,78,2
0,0,1,1,8,1,1,0,29,23,77,1,0,52,91,1
0,2,1,1,11,1,1,3,22,23,77,1,1,59,51,1
1,3,1,1,11,1,2,2,27,27,89,1,0,51,67,2
1,0,1,1,9,0,2,1,18,27,89,1,1,77,75,0
1,2,1,1,13,1,2,0,25,27,89,1,1,98,97,0
1,3,0,1,11,1,1,2,27,27,89,1,0,51,67,2
1,0,0,1,9,0,1,1,18,27,89,1,1,77,75,0
1,2,0,1,13,1,1,0,25,27,89,1,1,98,97,0
1,2,0,1,5,0,2,0,29,26,94,2,1,100,86,2
1,1,0,1,13,0,2,1,21,26,94,2,0,72,74,2
1,2,1,1,5,0,1,0,29,26,94,0,1,100,86,2
1,1,1,1,13,0,1,1,21,26,94,0,0,72,74,2
1,2,1,1,5,0,0,0,29,26,94,0,1,100,86,2
1,1,1,1,13,0,0,1,21,26,94,0,0,72,74,2
0,2,0,1,14,0,0,1,22,24,66,0,0,56,84,0
1,2,1,0,7,0,1,1,24,18,78,1,1,76,83,2
1,2,1,1,7,0,1,1,24,18,78,0,1,76,83,2
1,2,1,1,7,0,2,1,24,18,78,0,1,76,83,2
1,2,1,1,7,0,2,1,24,18,78,2,1,76,83,2
1,2,0,1,7,0,1,1,24,18,78,1,1,76,83,2
1,2,0,1,7,0,2,1,24,18,78,2,1,76,83,2
1,2,1,1,7,0,0,1,24,18,78,2,1,76,83,2
1,2,0,0,7,0,1,1,24,18,78,0,1,76,83,2
0,2,1,1,13,0,1,2,22,25,76,2,1,98,68,1
0,2,1,1,13,0,1,1,22,25,76,2,1,56,83,2
0,2,1,1,13,0,2,2,22,25,76,1,1,98,68,1
0,2,1,1,13,0,2,1,22,25,76,1,1,56,83,2
0,2,0,1,13,0,2,2,22,25,76,2,1,98,68,1
0,2,0,1,13,0,2,1,22,25,76,2,1,56,83,2
0,2,1,1,13,0,0,2,22,25,76,1,1,98,68,1
0,2,1,1,13,0,0,1,22,25,76,1,1,56,83,2
1,0,1,1,17,1,2,2,29,15,87,1,0,59,59,1
1,2,1,1,2,1,2,0,18,15,87,1,0,95,87,2
1,2,1,1,3,1,2,0,24,15,87,1,1,52,97,2
1,0,0,1,17,1,1,2,29,15,87,1,0,59,59,1
1,2,0,1,2,1,1,0,18,15,87,1,0,95,87,2
1,2,0,1,3,1,1,0,24,15,87,1,1,52,97,2
1,0,1,1,17,1,0,2,29,15,87,2,0,59,59,1
1,2,1,1,2,1,0,0,18,15,87,2,0,95,87,2
1,2,1,1,3,1,0,0,24,15,87,2,1,52,97,2
1,0,1,1,17,1,1,2,29,15,87,1,0,59,59,1
1,2,1,1,2,1,1,0,18,15,87,1,0,95,87,2
1,2,1,1,3,1,1,0,24,15,87,1,1,52,97,2
1,3,0,1,19,1,0,1,26,19,70,2,1,56,77,2
1,0,0,1,17,1,0,0,23,19,70,2,0,53,91,0
1,3,0,0,19,1,1,1,26,19,70,0,1,56,77,2
1,0,0,0,17,1,1,0,23,19,70,0,0,53,91,0
1,3,1,1,19,1,0,1,26,19,70,0,1,56,77,2
1,0,1,1,17,1,0,0,23,19,70,0,0,53,91,0
1,3,1,1,19,1,1,1,26,19,70,0,1,56,77,2
1,0,1,1,17,1,1,0,23,19,70,0,0,53,91,0
1,3,0,1,19,1,0,1,26,19,70,1,1,56,77,2
1,0,0,1,17,1,0,0,23,19,70,1,0,53,91,0
1,3,0,1,19,1,1,1,26,19,70,1,1,56,77,2
1,0,0,1,17,1,1,0,23,19,70,1,0,53,91,0
1,3,1,1,19,1,2,1,26,19,70,1,1,56,77,2
1,0,1,1,17,1,2,0,23,19,70,1,0,53,91,0
0,1,1,0,1,1,1,2,26,20,95,0,1,71,55,0
0,1,1,0,1,1,0,2,26,20,95,0,1,71,55,0
0,1,1,1,1,1,1,2,26,20,95,0,1,71,55,0
0,1,0,1,1,1,1,2,26,20,95,1,1,71,55,0
0,1,1,1,1,1,1,2,26,20,95,1,1,71,55,0
0,1,0,1,1,1,1,2,26,20,95,2,1,71,55,0
0,1,0,1,1,1,0,2,26,20,95,2,1,71,55,0
0,3,0,1,9,0,2,2,19,10,64,2,0,61,65,2
0,1,0,1,20,1,2,2,19,10,64,2,1,62,68,0
0,2,0,1,5,0,2,2,23,10,64,2,1,67,59,1
0,0,0,1,1,0,2,3,23,10,64,2,1,62,40,2
0,3,0,1,9,0,0,2,19,10,64,0,0,61,65,2
0,1,0,1,20,1,0,2,19,10,64,0,1,62,68,0
0,2,0,1,5,0,0,2,23,10,64,0,1,67,59,1
0,0,0,1,1,0,0,3,23,10,64,0,1,62,40,2
0,1,1,1,12,1,1,0,29,17,69,1,0,78,97,2
0,1,0,1,12,1,1,0,29,17,69,1,0,78,97,2
0,3,1,1,15,1,2,3,28,27,98,0,0,73,42,1
0,3,1,1,1,1,2,1,19,27,98,0,0,90,84,1
0,3,1,0,15,1,1,3,28,27,98,0,0,73,42,1
0,3,1,0,1,1,1,1,19,27,98,0,0,90,84,1
0,3,0,1,15,1,2,3,28,27,98,1,0,73,42,1
0,3,0,1,1,1,2,1,19,27,98,1,0,90,84,1
0,3,0,1,18,0,0,1,27,20,98,0,1,88,71,2
0,3,1,0,18,0,1,1,27,20,98,2,1,88,71,2
0,3,1,1,18,0,0,1,27,20,98,0,1,88,71,2
0,3,1,0,18,0,1,1,27,20,98,0,1,88,71,2
0,3,1,0,18,0,2,1,27,20,98,1,1,88,71,2
0,3,0,1,18,0,1,1,27,20,98,1,1,88,71,2
0,3,0,1,18,0,2,1,27,20,98,1,1,88,71,2
0,3,1,1,18,0,2,1,27,20,98,1,1,88,71,2
1,2,1,1,4,1,1,2,21,14,64,1,0,53,58,2
1,2,0,1,4,1,2,2,21,14,64,0,0,53,58,2
1,3,0,1,18,1,1,2,25,16,61,0,1,77,68,1
1,1,0,1,7,1,1,3,25,16,61,0,0,84,53,2
1,0,0,1,10,0,1,1,25,16,61,0,0,91,78,0
1,3,0,1,18,1,0,2,25,16,61,2,1,77,68,1
1,1,0,1,7,1,0,3,25,16,61,2,0,84,53,2
1,0,0,1,10,0,0,1,25,16,61,2,0,91,78,0
1,3,1,1,18,1,0,2,25,16,61,1,1,77,68,1
1,1,1,1,7,1,0,3,25,16,61,1,0,84,53,2
1,0,1,1,10,0,0,1,25,16,61,1,0,91,78,0
1,3,0,1,18,1,2,2,25,16,61,1,1,77,68,1
1,1,0,1,7,1,2,3,25,16,61,1,0,84,53,2
1,0,0,1,10,0,2,1,25,16,61,1,0,91,78,0
1,3,1,1,18,1,2,2,25,16,61,1,1,77,68,1
1,1,1,1,7,1,2,3,25,16,61,1,0,84,53,2
1,0,1,1,10,0,2,1,25,16,61,1,0,91,78,0
1,3,0,1,18,1,2,2,25,16,61,2,1,77,68,1
1,1,0,1,7,1,2,3,25,16,61,2,0,84,53,2
1,0,0,1,10,0,2,1,25,16,61,2,0,91,78,0
1,3,1,1,18,1,1,2,25,16,61,0,1,77,68,1
1,1,1,1,7,1,1,3,25,16,61,0,0,84,53,2
1,0,1,1,10,0,1,1,25,16,61,0,0,91,78,0
1,3,1,1,18,1,2,2,25,16,61,2,1,77,68,1
1,1,1,1,7,1,2,3,25,16,61,2,0,84,53,2
1,0,1,1,10,0,2,1,25,16,61,2,0,91,78,0
1,1,1,1,3,1,0,2,19,24,66,2,1,69,62,1
1,3,1,1,2,1,0,2,21,24,66,2,1,69,64,2
1,1,0,1,3,1,2,2,19,24,66,1,1,69,62,1
1,3,0,1,2,1,2,2,21,24,66,1,1,69,64,2
1,1,1,1,3,1,1,2,19,24,66,0,1,69,62,1
1,3,1,1,2,1,1,2,21,24,66,0,1,69,64,2
1,1,0,0,3,1,1,2,19,24,66,1,1,69,62,1
1,3,0,0,2,1,1,2,21,24,66,1,1,69,64,2
1,3,1,1,7,1,0,1,18,16,100,2,0,80,76,2
1,2,1,1,7,0,0,1,20,16,100,2,0,78,77,0
1,3,1,1,7,1,2,1,18,16,100,1,0,80,76,2
1,2,1,1,7,0,2,1,20,16,100,1,0,78,77,0
1,3,1,1,7,1,2,1,18,16,100,2,0,80,76,2
1,2,1,1,7,0,2,1,20,16,100,2,0,78,77,0
0,0,0,1,0,1,1,0,27,21,67,0,0,73,89,0
0,1,0,1,16,1,1,2,26,21,67,0,1,99,60,2
0,3,0,1,17,0,1,0,19,21,67,0,0,72,100,2
0,0,0,1,0,1,2,0,27,21,67,1,0,73,89,0
0,1,0,1,16,1,2,2,26,21,67,1,1,99,60,2
0,3,0,1,17,0,2,0,19,21,67,1,0,72,100,2
0,0,1,1,0,1,1,0,27,21,67,1,0,73,89,0
0,1,1,1,16,1,1,2,26,21,67,1,1,99,60,2
0,3,1,1,17,0,1,0,19,21,67,1,0,72,100,2
0,0,0,1,0,1,0,0,27,21,67,1,0,73,89,0
0,1,0,1,16,1,0,2,26,21,67,1,1,99,60,2
0,3,0,1,17,0,0,0,19,21,67,1,0,72,100,2
0,0,1,1,0,1,2,0,27,21,67,2,0,73,89,0
0,1,1,1,16,1,2,2,26,21,67,2,1,99,60,2
0,3,1,1,17,0,2,0,19,21,67,2,0,72,100,2
0,0,0,1,0,1,2,0,27,21,67,0,0,73,89,0
0,1,0,1,16,1,2,2,26,21,67,0,1,99,60,2
0,3,0,1,17,0,2,0,19,21,67,0,0,72,100,2
1,2,1,1,11,1,2,0,21,16,94,1,0,81,92,0
1,0,1,1,6,0,2,0,28,16,94,1,0,91,92,2
1,2,1,1,14,1,2,3,21,16,94,1,1,50,49,2
1,2,1,1,13,1,2,0,25,16,94,1,1,51,97,0
1,2,1,1,11,1,2,0,21,16,94,2,0,81,92,0
1,0,1,1,6,0,2,0,28,16,94,2,0,91,92,2
1,2,1,1,14,1,2,3,21,16,94,2,1,50,49,2
1,2,1,1,13,1,2,0,25,16,94,2,1,51,97,0
1,2,1,1,11,1,1,0,21,16,94,1,0,81,92,0
1,0,1,1,6,0,1,0,28,16,94,1,0,91,92,2
1,2,1,1,14,1,1,3,21,16,94,1,1,50,49,2
1,2,1,1,13,1,1,0,25,16,94,1,1,51,97,0
0,1,0,1,13,1,1,2,26,33,61,2,1,55,65,0
0,1,0,1,13,1,1,2,26,33,61,1,1,55,65,0
0,2,0,1,12,1,0,2,29,24,84,0,1,93,69,2
0,0,0,1,7,0,0,2,21,24,84,0,1,56,61,1
0,0,0,1,1,0,0,2,29,24,84,0,0,94,67,2
0,3,0,1,16,1,0,1,27,24,84,0,1,84,70,1
0,2,1,1,12,1,2,2,29,24,84,2,1,93,69,2
0,0,1,1,7,0,2,2,21,24,84,2,1,56,61,1
0,0,1,1,1,0,2,2,29,24,84,2,0,94,67,2
0,3,1,1,16,1,2,1,27,24,84,2,1,84,70,1
0,2,1,1,12,1,1,2,29,24,84,1,1,93,69,2
0,0,1,1,7,0,1,2,21,24,84,1,1,56,61,1
0,0,1,1,1,0,1,2,29,24,84,1,0,94,67,2
0,3,1,1,16,1,1,1,27,24,84,1,1,84,70,1
1,2,0,1,5,1,0,3,24,8,71,1,0,80,52,1
1,3,0,1,1,0,0,2,23,8,71,1,1,86,58,2
1,2,0,1,2,1,0,0,28,8,71,1,1,83,89,2
1,0,0,1,12,1,0,3,26,8,71,1,1,54,45,1
1,2,0,1,19,1,0,1,24,8,71,1,1,63,80,2
1,2,0,1,5,1,1,3,24,8,71,2,0,80,52,1
1,3,0,1,1,0,1,2,23,8,71,2,1,86,58,2
1,2,0,1,2,1,1,0,28,8,71,2,1,83,89,2
1,0,0,1,12,1,1,3,26,8,71,2,1,54,45,1
1,2,0,1,19,1,1,1,24,8,71,2,1,63,80,2
1,1,0,1,10,0,1,3,21,21,94,0,0,61,48,1
1,3,0,1,11,1,1,3,23,21,94,0,0,59,48,2
1,1,1,1,10,0,1,3,21,21,94,0,0,61,48,1
1,3,1,1,11,1,1,3,23,21,94,0,0,59,48,2
1,1,1,1,10,0,0,3,21,21,94,0,0,61,48,1
1,3,1,1,11,1,0,3,23,21,94,0,0,59,48,2
1,1,0,0,10,0,1,3,21,21,94,0,0,61,48,1
1,3,0,0,11,1,1,3,23,21,94,0,0,59,48,2
1,1,0,1,10,0,1,3,21,21,94,1,0,61,48,1
1,3,0,1,11,1,1,3,23,21,94,1,0,59,48,2
1,1,0,1,10,0,0,3,21,21,94,1,0,61,48,1
1,3,0,1,11,1,0,3,23,21,94,1,0,59,48,2
1,1,0,1,10,0,2,3,21,21,94,1,0,61,48,1
1,3,0,1,11,1,2,3,23,21,94,1,0,59,48,2
1,1,0,1,10,0,2,3,21,21,94,0,0,61,48,1
1,3,0,1,11,1,2,3,23,21,94,0,0,59,48,2
1,0,1,1,8,1,1,2,28,16,71,1,0,62,60,2
1,2,1,1,1,0,1,2,20,16,71,1,1,77,59,0
1,1,1,1,18,1,1,1,22,16,71,1,0,64,73,2
1,2,1,1,18,1,1,1,28,16,71,1,1,99,75,2
1,0,1,1,8,1,2,2,28,16,71,0,0,62,60,2
1,2,1,1,1,0,2,2,20,16,71,0,1,77,59,0
1,1,1,1,18,1,2,1,22,16,71,0,0,64,73,2
1,2,1,1,18,1,2,1,28,16,71,0,1,99,75,2
1,0,1,1,8,1,0,2,28,16,71,2,0,62,60,2
1,2,1,1,1,0,0,2,20,16,71,2,1,77,59,0
1,1,1,1,18,1,0,1,22,16,71,2,0,64,73,2
1,2,1,1,18,1,0,1,28,16,71,2,1,99,75,2
1,0,1,1,8,1,0,2,28,16,71,0,0,62,60,2
1,2,1,1,1,0,0,2,20,16,71,0,1,77,59,0
1,1,1,1,18,1,0,1,22,16,71,0,0,64,73,2
1,2,1,1,18,1,0,1,28,16,71,0,1,99,75,2
1,2,1,1,18,1,1,2,24,18,92,1,1,51,66,0
1,1,1,1,7,0,1,3,24,18,92,1,1,68,43,2
1,2,1,1,18,1,1,2,24,18,92,0,1,51,66,0
1,1,1,1,7,0,1,3,24,18,92,0,1,68,43,2
1,2,0,1,18,1,1,2,24,18,92,1,1,51,66,0
1,1,0,1,7,0,1,3,24,18,92,1,1,68,43,2
0,0,1,1,20,0,0,2,28,17,92,1,0,74,56,1
0,0,1,1,20,0,1,2,28,17,92,2,0,74,56,1
0,0,1,0,20,0,1,2,28,17,92,2,0,74,56,1
0,0,0,1,20,0,1,2,28,17,92,1,0,74,56,1
0,0,0,1,20,0,2,2,28,17,92,1,0,74,56,1
0,0,1,1,20,0,2,2,28,17,92,1,0,74,56,1
1,2,0,1,0,0,2,2,28,16,78,1,0,75,58,1
1,2,0,1,0,0,2,2,23,16,78,1,1,94,63,1
1,2,1,1,0,0,1,2,28,16,78,1,0,75,58,1
1,2,1,1,0,0,1,2,23,16,78,1,1,94,63,1
1,2,0,1,0,0,0,2,28,16,78,1,0,75,58,1
1,2,0,1,0,0,0,2,23,16,78,1,1,94,63,1
1,2,1,1,0,0,0,2,28,16,78,2,0,75,58,1
1,2,1,1,0,0,0,2,23,16,78,2,1,94,63,1
1,2,1,1,15,1,1,3,21,12,93,0,1,76,44,1
1,2,1,1,15,1,2,3,21,12,93,0,1,76,44,1
0,3,0,1,15,1,1,2,29,26,77,0,0,60,62,2
0,0,0,1,13,1,1,2,22,26,77,0,1,88,61,1
0,3,0,1,10,0,1,2,21,26,77,0,1,86,63,2
0,3,1,1,15,1,1,2,29,26,77,1,0,60,62,2
0,0,1,1,13,1,1,2,22,26,77,1,1,88,61,1
0,3,1,1,10,0,1,2,21,26,77,1,1,86,63,2
0,3,1,1,15,1,1,2,29,26,77,0,0,60,62,2
0,0,1,1,13,1,1,2,22,26,77,0,1,88,61,1
0,3,1,1,10,0,1,2,21,26,77,0,1,86,63,2
0,3,1,1,15,1,0,2,29,26,77,0,0,60,62,2
0,0,1,1,13,1,0,2,22,26,77,0,1,88,61,1
0,3,1,1,10,0,0,2,21,26,77,0,1,86,63,2
0,3,0,0,15,1,0,2,29,26,77,2,0,60,62,2
0,0,0,0,13,1,0,2,22,26,77,2,1,88,61,1
0,3,0,0,10,0,0,2,21,26,77,2,1,86,63,2
0,3,1,1,15,1,1,2,29,26,77,2,0,60,62,2
0,0,1,1,13,1,1,2,22,26,77,2,1,88,61,1
0,3,1,1,10,0,1,2,21,26,77,2,1,86,63,2
1,2,1,0,9,0,1,2,29,26,71,0,0,72,55,1
1,0,1,0,1,0,1,0,29,26,71,0,1,69,88,2
1,2,0,1,9,0,0,2,29,26,71,0,0,72,55,1
1,0,0,1,1,0,0,0,29,26,71,0,1,69,88,2
1,2,1,1,9,0,0,2,29,26,71,0,0,72,55,1
1,0,1,1,1,0,0,0,29,26,71,0,1,69,88,2
1,2,1,1,9,0,1,2,29,26,71,0,0,72,55,1
1,0,1,1,1,0,1,0,29,26,71,0,1,69,88,2
1,2,1,1,9,0,0,2,29,26,71,1,0,72,55,1
1,0,1,1,1,0,0,0,29,26,71,1,1,69,88,2
1,2,0,0,9,0,2,2,29,26,71,1,0,72,55,1
1,0,0,0,1,0,2,0,29,26,71,1,1,69,88,2
1,2,1,1,9,0,1,2,29,26,71,1,0,72,55,1
1,0,1,1,1,0,1,0,29,26,71,1,1,69,88,2
1,2,1,1,0,1,1,1,22,11,81,2,1,82,74,1
1,0,1,1,5,1,1,1,26,11,81,2,1,76,75,2
1,2,1,1,0,1,2,1,22,11,81,1,1,82,74,1
1,0,1,1,5,1,2,1,26,11,81,1,1,76,75,2
1,1,1,0,6,1,2,2,25,17,78,1,1,54,57,2
1,1,0,1,6,1,1,2,25,17,78,0,1,54,57,2
1,1,1,1,6,1,1,2,25,17,78,0,1,54,57,2
1,1,1,1,6,1,0,2,25,17,78,2,1,54,57,2
1,1,1,1,6,1,1,2,25,17,78,1,1,54,57,2
0,2,0,1,9,1,1,0,26,28,78,2,1,79,92,0
0,0,0,1,14,1,1,3,19,28,78,2,1,52,40,2
0,2,1,1,9,1,2,0,26,28,78,1,1,79,92,0
0,0,1,1,14,1,2,3,19,28,78,1,1,52,40,2
0,2,1,0,9,1,0,0,26,28,78,0,1,79,92,0
0,0,1,0,14,1,0,3,19,28,78,0,1,52,40,2
0,2,0,1,9,1,2,0,26,28,78,0,1,79,92,0
0,0,0,1,14,1,2,3,19,28,78,0,1,52,40,2
0,0,1,1,6,1,0,2,21,16,64,1,1,86,67,2
0,2,1,1,11,0,0,3,29,16,64,1,1,61,48,0
0,2,1,1,0,0,0,2,18,16,64,1,0,71,55,1
0,1,1,1,14,1,0,2,24,16,64,1,1,60,66,1
0,0,1,1,6,1,1,2,21,16,64,0,1,86,67,2
0,2,1,1,11,0,1,3,29,16,64,0,1,61,48,0
0,2,1,1,0,0,1,2,18,16,64,0,0,71,55,1
0,1,1,1,14,1,1,2,24,16,64,0,1,60,66,1
0,0,1,1,6,1,1,2,21,16,64,1,1,86,67,2
0,2,1,1,11,0,1,3,29,16,64,1,1,61,48,0
0,2,1,1,0,0,1,2,18,16,64,1,0,71,55,1
0,1,1,1,14,1,1,2,24,16,64,1,1,60,66,1
0,0,1,0,4,0,1,2,26,25,69,0,1,82,68,1
0,0,1,0,0,1,1,2,29,25,69,0,0,64,57,2
0,0,1,1,4,0,1,2,26,25,69,1,1,82,68,1
0,0,1,1,0,1,1,2,29,25,69,1,0,64,57,2
0,0,1,1,4,0,2,2,26,25,69,1,1,82,68,1
0,0,1,1,0,1,2,2,29,25,69,1,0,64,57,2
0,0,1,1,4,0,1,2,26,25,69,2,1,82,68,1
0,0,1,1,0,1,1,2,29,25,69,2,0,64,57,2
0,0,0,1,4,0,1,2,26,25,69,1,1,82,68,1
0,0,0,1,0,1,1,2,29,25,69,1,0,64,57,2
1,3,0,1,0,0,1,0,22,14,68,1,0,68,92,0
1,3,1,1,0,0,1,0,22,14,68,1,0,68,92,0
1,3,0,1,0,0,2,0,22,14,68,1,0,68,92,0
1,3,1,1,0,0,0,0,22,14,68,2,0,68,92,0
1,3,0,1,0,0,2,0,22,14,68,0,0,68,92,0
1,3,0,1,0,0,2,0,22,14,68,2,0,68,92,0
0,2,1,1,19,1,0,2,19,14,83,1,1,95,58,2
0,0,1,1,16,1,0,2,22,14,83,1,1,54,68,1
0,3,1,1,11,1,0,0,24,14,83,1,0,57,94,1
0,1,1,1,12,1,0,2,23,14,83,1,1,73,56,2
0,2,1,1,19,1,1,2,19,14,83,1,1,95,58,2
0,0,1,1,16,1,1,2,22,14,83,1,1,54,68,1
0,3,1,1,11,1,1,0,24,14,83,1,0,57,94,1
0,1,1,1,12,1,1,2,23,14,83,1,1,73,56,2
0,2,1,1,19,1,1,2,19,14,83,0,1,95,58,2
0,0,1,1,16,1,1,2,22,14,83,0,1,54,68,1
0,3,1,1,11,1,1,0,24,14,83,0,0,57,94,1
0,1,1,1,12,1,1,2,23,14,83,0,1,73,56,2
0,2,0,1,19,1,1,2,19,14,83,1,1,95,58,2
0,0,0,1,16,1,1,2,22,14,83,1,1,54,68,1
0,3,0,1,11,1,1,0,24,14,83,1,0,57,94,1
0,1,0,1,12,1,1,2,23,14,83,1,1,73,56,2
0,0,1,1,13,0,2,2,28,18,75,1,1,52,63,1
0,0,1,1,13,0,1,2,28,18,75,1,1,52,63,1
0,0,1,1,13,0,1,2,28,18,75,0,1,52,63,1
0,0,1,1,13,0,0,2,28,18,75,2,1,52,63,1
0,0,0,1,13,0,0,2,28,18,75,1,1,52,63,1
1,3,1,1,18,1,0,1,23,30,81,1,1,76,79,1
1,0,1,1,13,1,0,2,19,30,81,1,1,65,58,2
1,3,0,1,18,1,2,1,23,30,81,0,1,76,79,1
1,0,0,1,13,1,2,2,19,30,81,0,1,65,58,2
1,3,0,1,18,1,2,1,23,30,81,1,1,76,79,1
1,0,0,1,13,1,2,2,19,30,81,1,1,65,58,2
0,2,0,1,7,1,1,3,21,11,68,1,0,73,48,2
0,2,0,1,15,1,1,3,21,11,68,1,0,76,41,1
0,2,0,1,7,1,1,3,21,11,68,0,0,73,48,2
0,2,0,1,15,1,1,3,21,11,68,0,0,76,41,1
0,2,1,1,7,1,2,3,21,11,68,1,0,73,48,2
0,2,1,1,15,1,2,3,21,11,68,1,0,76,41,1
0,2,1,1,7,1,2,3,21,11,68,0,0,73,48,2
0,2,1,1,15,1,2,3,21,11,68,0,0,76,41,1
1,2,0,1,10,1,2,3,22,17,66,1,0,70,50,2
1,0,0,1,17,1,2,3,23,17,66,1,1,83,52,1
1,3,0,1,6,1,2,3,21,17,66,1,1,90,41,1
1,2,0,1,0,0,2,3,28,17,66,1,1,65,47,2
1,2,0,1,10,1,2,3,22,17,66,0,0,70,50,2
1,0,0,1,17,1,2,3,23,17,66,0,1,83,52,1
1,3,0,1,6,1,2,3,21,17,66,0,1,90,41,1
1,2,0,1,0,0,2,3,28,17,66,0,1,65,47,2
1,2,1,1,10,1,1,3,22,17,66,1,0,70,50,2
1,0,1,1,17,1,1,3,23,17,66,1,1,83,52,1
1,3,1,1,6,1,1,3,21,17,66,1,1,90,41,1
1,2,1,1,0,0,1,3,28,17,66,1,1,65,47,2
0,0,1,1,7,0,2,3,20,29,77,1,1,87,41,2
0,2,1,1,9,1,2,1,29,29,77,1,1,100,71,1
0,0,0,1,7,0,1,3,20,29,77,1,1,87,41,2
0,2,0,1,9,1,1,1,29,29,77,1,1,100,71,1
0,0,1,1,7,0,0,3,20,29,77,2,1,87,41,2
0,2,1,1,9,1,0,1,29,29,77,2,1,100,71,1
1,0,1,1,6,0,1,2,27,11,76,1,1,89,65,2
1,2,1,1,11,1,1,1,25,11,76,1,1,99,84,2
1,1,1,1,14,1,1,0,25,11,76,1,1,89,94,1
1,0,1,0,6,0,1,2,27,11,76,1,1,89,65,2
1,2,1,0,11,1,1,1,25,11,76,1,1,99,84,2
1,1,1,0,14,1,1,0,25,11,76,1,1,89,94,1
1,0,0,1,8,0,1,3,29,27,61,1,1,73,43,0
1,3,0,1,16,0,1,0,21,27,61,1,1,51,91,0
1,0,1,1,8,0,1,3,29,27,61,1,1,73,43,0
1,3,1,1,16,0,1,0,21,27,61,1,1,51,91,0
1,0,0,1,8,0,0,3,29,27,61,2,1,73,43,0
1,3,0,1,16,0,0,0,21,27,61,2,1,51,91,0
0,1,1,1,3,0,2,1,25,14,82,0,0,92,79,1
0,1,1,1,4,1,2,1,27,14,82,0,1,85,79,0
0,1,1,1,8,1,2,2,28,14,82,0,1,77,69,2
0,1,1,1,3,0,1,1,25,14,82,2,0,92,79,1
0,1,1,1,4,1,1,1,27,14,82,2,1,85,79,0
0,1,1,1,8,1,1,2,28,14,82,2,1,77,69,2
0,1,1,1,3,0,1,1,25,14,82,1,0,92,79,1
0,1,1,1,4,1,1,1,27,14,82,1,1,85,79,0
0,1,1,1,8,1,1,2,28,14,82,1,1,77,69,2
1,1,1,1,13,1,1,2,21,23,82,1,1,70,65,2
1,1,0,1,13,1,2,2,21,23,82,1,1,70,65,2
0,0,0,1,2,0,2,1,23,21,88,1,1,61,75,0
0,0,0,1,2,0,1,1,23,21,88,1,1,61,75,0
0,0,1,1,2,0,2,1,23,21,88,2,1,61,75,0
0,0,1,1,2,0,1,1,23,21,88,0,1,61,75,0
0,0,0,0,2,0,0,1,23,21,88,2,1,61,75,0
1,0,1,0,16,1,1,0,29,20,70,0,1,51,99,2
1,0,1,1,16,1,2,0,29,20,70,1,1,51,99,2
1,0,0,1,16,1,1,0,29,20,70,0,1,51,99,2
1,0,1,1,16,1,1,0,29,20,70,0,1,51,99,2
1,0,0,1,16,1,0,0,29,20,70,1,1,51,99,2
1,0,1,1,16,1,1,0,29,20,70,1,1,51,99,2
0,3,0,1,20,0,0,3,27,21,98,1,0,72,45,0
0,3,0,1,12,1,0,1,18,21,98,1,1,65,73,2
0,1,0,1,11,1,0,2,24,21,98,1,0,89,59,2
0,2,0,1,2,1,0,0,19,21,98,1,0,93,86,2
0,3,0,1,6,0,0,2,18,21,98,1,0,53,67,1
0,0,0,1,17,1,0,2,28,21,98,1,1,67,64,2
0,0,0,1,19,1,0,3,27,21,98,1,1,99,49,2
0,3,0,1,16,1,0,1,22,21,98,1,1,80,77,1
0,3,1,0,20,0,1,3,27,21,98,2,0,72,45,0
0,3,1,0,12,1,1,1,18,21,98,2,1,65,73,2
0,1,1,0,11,1,1,2,24,21,98,2,0,89,59,2
0,2,1,0,2,1,1,0,19,21,98,2,0,93,86,2
0,3,1,0,6,0,1,2,18,21,98,2,0,53,67,1
0,0,1,0,17,1,1,2,28,21,98,2,1,67,64,2
0,0,1,0,19,1,1,3,27,21,98,2,1,99,49,2
0,3,1,0,16,1,1,1,22,21,98,2,1,80,77,1
0,3,1,1,20,0,1,3,27,21,98,2,0,72,45,0
0,3,1,1,12,1,1,1,18,21,98,2,1,65,73,2
0,1,1,1,11,1,1,2,24,21,98,2,0,89,59,2
0,2,1,1,2,1,1,0,19,21,98,2,0,93,86,2
0,3,1,1,6,0,1,2,18,21,98,2,0,53,67,1
0,0,1,1,17,1,1,2,28,21,98,2,1,67,64,2
0,0,1,1,19,1,1,3,27,21,98,2,1,99,49,2
0,3,1,1,16,1,1,1,22,21,98,2,1,80,77,1
0,3,1,1,20,0,1,3,27,21,98,1,0,72,45,0
0,3,1,1,12,1,1,1,18,21,98,1,1,65,73,2
0,1,1,1,11,1,1,2,24,21,98,1,0,89,59,2
0,2,1,1,2,1,1,0,19,21,98,1,0,93,86,2
0,3,1,1,6,0,1,2,18,21,98,1,0,53,67,1
0,0,1,1,17,1,1,2,28,21,98,1,1,67,64,2
0,0,1,1,19,1,1,3,27,21,98,1,1,99,49,2
0,3,1,1,16,1,1,1,22,21,98,1,1,80,77,1
1,1,0,1,9,1,0,3,19,24,65,0,1,60,41,1
1,1,0,1,15,0,0,1,22,24,65,0,0,79,78,2
1,0,0,1,4,1,0,3,21,24,65,0,1,98,47,1
1,1,0,1,9,1,2,3,19,24,65,0,1,60,41,1
1,1,0,1,15,0,2,1,22,24,65,0,0,79,78,2
1,0,0,1,4,1,2,3,21,24,65,0,1,98,47,1
1,1,0,1,9,1,2,3,19,24,65,1,1,60,41,1
1,1,0,1,15,0,2,1,22,24,65,1,0,79,78,2
1,0,0,1,4,1,2,3,21,24,65,1,1,98,47,1
1,1,1,1,9,1,1,3,19,24,65,0,1,60,41,1
1,1,1,1,15,0,1,1,22,24,65,0,0,79,78,2
1,0,1,1,4,1,1,3,21,24,65,0,1,98,47,1
0,0,0,1,3,0,2,1,22,30,80,1,1,63,78,2
0,0,0,1,19,1,2,1,28,30,80,1,0,55,78,2
0,3,0,1,8,0,2,0,19,30,80,1,0,90,100,2
0,0,0,1,7,1,2,3,21,30,80,1,0,89,44,2
0,0,0,1,3,0,2,1,22,30,80,2,1,63,78,2
0,0,0,1,19,1,2,1,28,30,80,2,0,55,78,2
0,3,0,1,8,0,2,0,19,30,80,2,0,90,100,2
0,0,0,1,7,1,2,3,21,30,80,2,0,89,44,2
0,2,1,1,7,1,1,2,19,33,62,1,0,90,55,1
0,0,0,0,4,1,1,1,21,8,73,1,0,85,71,2
0,1,0,0,1,0,1,2,27,8,73,1,1,93,55,2
1,0,0,1,2,1,2,2,20,19,66,1,1,53,64,2
1,0,0,1,2,1,1,2,20,19,66,1,1,53,64,2
1,0,0,1,2,1,0,2,20,19,66,1,1,53,64,2
1,0,1,1,2,1,2,2,20,19,66,1,1,53,64,2
1,3,1,1,11,1,1,0,26,24,88,0,0,100,95,0
1,2,1,1,9,1,1,1,29,24,88,0,1,81,80,1
1,3,1,0,11,1,0,0,26,24,88,0,0,100,95,0
1,2,1,0,9,1,0,1,29,24,88,0,1,81,80,1
1,3,1,1,11,1,0,0,26,24,88,1,0,100,95,0
1,2,1,1,9,1,0,1,29,24,88,1,1,81,80,1
1,3,0,1,11,1,1,0,26,24,88,1,0,100,95,0
1,2,0,1,9,1,1,1,29,24,88,1,1,81,80,1
1,3,1,0,11,1,1,0,26,24,88,1,0,100,95,0
1,2,1,0,9,1,1,1,29,24,88,1,1,81,80,1
1,3,1,1,11,1,1,0,26,24,88,2,0,100,95,0
1,2,1,1,9,1,1,1,29,24,88,2,1,81,80,1
1,3,1,1,11,1,1,0,26,24,88,1,0,100,95,0
1,2,1,1,9,1,1,1,29,24,88,1,1,81,80,1
1,3,1,1,11,1,2,0,26,24,88,1,0,100,95,0
1,2,1,1,9,1,2,1,29,24,88,1,1,81,80,1
0,3,1,1,10,0,2,3,25,19,60,2,1,83,42,0
0,3,1,1,1,1,2,3,29,19,60,2,1,54,41,2
0,3,0,1,10,0,2,3,25,19,60,1,1,83,42,0
0,3,0,1,1,1,2,3,29,19,60,1,1,54,41,2
0,3,0,1,10,0,0,3,25,19,60,2,1,83,42,0
0,3,0,1,1,1,0,3,29,19,60,2,1,54,41,2
0,3,0,1,0,0,1,0,29,16,67,1,1,82,98,1
0,3,1,1,0,0,2,0,29,16,67,1,1,82,98,1
0,3,1,1,0,0,2,0,29,16,67,2,1,82,98,1
0,3,1,1,0,0,1,0,29,16,67,0,1,82,98,1
1,3,1,1,12,1,0,3,18,25,84,0,1,80,50,0
1,3,1,1,0,1,0,2,18,25,84,0,1,96,65,2
1,3,1,1,17,1,0,0,20,25,84,0,0,69,99,2
1,2,1,1,17,1,0,1,23,25,84,0,1,82,81,1
1,3,1,1,12,1,1,3,18,25,84,0,1,80,50,0
1,3,1,1,0,1,1,2,18,25,84,0,1,96,65,2
1,3,1,1,17,1,1,0,20,25,84,0,0,69,99,2
1,2,1,1,17,1,1,1,23,25,84,0,1,82,81,1
1,3,0,1,12,1,0,3,18,25,84,1,1,80,50,0
1,3,0,1,0,1,0,2,18,25,84,1,1,96,65,2
1,3,0,1,17,1,0,0,20,25,84,1,0,69,99,2
1,2,0,1,17,1,0,1,23,25,84,1,1,82,81,1
1,3,1,1,12,1,1,3,18,25,84,2,1,80,50,0
1,3,1,1,0,1,1,2,18,25,84,2,1,96,65,2
1,3,1,1,17,1,1,0,20,25,84,2,0,69,99,2
1,2,1,1,17,1,1,1,23,25,84,2,1,82,81,1
0,2,1,1,15,1,1,0,25,22,73,0,1,63,92,0
0,2,1,1,9,1,1,1,23,22,73,0,1,56,82,1
0,2,1,1,15,1,1,3,29,22,73,0,0,97,41,0
0,2,1,1,15,1,0,0,25,22,73,1,1,63,92,0
0,2,1,1,9,1,0,1,23,22,73,1,1,56,82,1
0,2,1,1,15,1,0,3,29,22,73,1,0,97,41,0
0,2,0,1,15,1,1,0,25,22,73,1,1,63,92,0
0,2,0,1,9,1,1,1,23,22,73,1,1,56,82,1
0,2,0,1,15,1,1,3,29,22,73,1,0,97,41,0
1,1,0,1,2,1,0,1,18,22,63,1,1,63,74,1
1,3,0,1,9,1,0,2,26,22,63,1,0,87,69,2
1,1,0,1,2,1,1,1,18,22,63,2,1,63,74,1
1,3,0,1,9,1,1,2,26,22,63,2,0,87,69,2
1,1,1,1,2,1,2,1,18,22,63,2,1,63,74,1
1,3,1,1,9,1,2,2,26,22,63,2,0,87,69,2
1,1,0,1,2,1,0,1,18,22,63,2,1,63,74,1
1,3,0,1,9,1,0,2,26,22,63,2,0,87,69,2
1,1,0,1,2,1,0,1,18,22,63,0,1,63,74,1
1,3,0,1,9,1,0,2,26,22,63,0,0,87,69,2
1,1,1,1,2,1,1,1,18,22,63,0,1,63,74,1
1,3,1,1,9,1,1,2,26,22,63,0,0,87,69,2
1,1,1,1,2,1,1,1,18,22,63,1,1,63,74,1
1,3,1,1,9,1,1,2,26,22,63,1,0,87,69,2
1,1,1,1,2,1,0,1,18,22,63,1,1,63,74,1
1,3,1,1,9,1,0,2,26,22,63,1,0,87,69,2
0,0,1,1,4,1,1,0,27,24,68,1,0,66,93,1
0,0,1,1,19,1,1,0,20,24,68,1,1,89,93,1
0,0,1,1,4,1,1,0,27,24,68,0,0,66,93,1
0,0,1,1,19,1,1,0,20,24,68,0,1,89,93,1
0,0,0,0,4,1,0,0,27,24,68,2,0,66,93,1
0,0,0,0,19,1,0,0,20,24,68,2,1,89,93,1
0,0,0,1,4,1,2,0,27,24,68,1,0,66,93,1
0,0,0,1,19,1,2,0,20,24,68,1,1,89,93,1
0,0,1,1,4,1,1,0,27,24,68,2,0,66,93,1
0,0,1,1,19,1,1,0,20,24,68,2,1,89,93,1
0,0,0,1,4,1,0,0,27,24,68,1,0,66,93,1
0,0,0,1,19,1,0,0,20,24,68,1,1,89,93,1
0,2,1,1,5,1,0,1,20,17,86,2,1,53,75,1
0,2,0,1,5,1,1,1,20,17,86,0,1,53,75,1
0,2,0,1,5,1,1,1,20,17,86,2,1,53,75,1
1,3,1,1,14,1,1,0,22,24,71,1,1,77,91,1
1,1,1,1,4,1,1,1,25,24,71,1,1,64,82,1
1,3,1,1,14,1,2,0,22,24,71,0,1,77,91,1
1,1,1,1,4,1,2,1,25,24,71,0,1,64,82,1
1,3,0,1,14,1,1,0,22,24,71,1,1,77,91,1
1,1,0,1,4,1,1,1,25,24,71,1,1,64,82,1
1,3,1,1,14,1,2,0,22,24,71,1,1,77,91,1
1,1,1,1,4,1,2,1,25,24,71,1,1,64,82,1
1,3,1,1,14,1,1,0,22,24,71,0,1,77,91,1
1,1,1,1,4,1,1,1,25,24,71,0,1,64,82,1
0,3,0,1,5,1,1,1,21,24,60,2,0,73,75,0
0,2,0,1,16,0,1,0,23,24,60,2,0,97,95,0
0,3,0,1,5,1,0,1,21,24,60,1,0,73,75,0
0,2,0,1,16,0,0,0,23,24,60,1,0,97,95,0
0,3,1,1,5,1,1,1,21,24,60,1,0,73,75,0
0,2,1,1,16,0,1,0,23,24,60,1,0,97,95,0
0,3,1,1,5,1,1,1,21,24,60,0,0,73,75,0
0,2,1,1,16,0,1,0,23,24,60,0,0,97,95,0
1,2,1,0,3,1,1,1,18,28,99,1,1,52,83,0
1,2,1,1,3,1,1,1,18,28,99,0,1,52,83,0
0,0,1,1,11,1,2,2,21,16,84,1,1,58,69,1
0,3,1,1,7,1,2,0,18,16,84,1,1,98,93,2
0,3,1,1,18,1,2,2,23,16,84,1,0,87,58,2
0,2,1,1,8,0,2,2,27,16,84,1,1,72,62,1
0,1,1,1,17,0,2,0,20,16,84,1,1,70,100,1
0,0,0,1,11,1,1,2,21,16,84,2,1,58,69,1
0,3,0,1,7,1,1,0,18,16,84,2,1,98,93,2
0,3,0,1,18,1,1,2,23,16,84,2,0,87,58,2
0,2,0,1,8,0,1,2,27,16,84,2,1,72,62,1
0,1,0,1,17,0,1,0,20,16,84,2,1,70,100,1
0,0,1,1,11,1,2,2,21,16,84,0,1,58,69,1
0,3,1,1,7,1,2,0,18,16,84,0,1,98,93,2
0,3,1,1,18,1,2,2,23,16,84,0,0,87,58,2
0,2,1,1,8,0,2,2,27,16,84,0,1,72,62,1
0,1,1,1,17,0,2,0,20,16,84,0,1,70,100,1
1,1,1,1,0,1,2,3,28,23,79,1,1,50,51,1
1,1,1,1,0,1,2,3,28,23,79,0,1,50,51,1
1,1,1,1,0,1,1,3,28,23,79,2,1,50,51,1
1,1,1,0,0,1,1,3,28,23,79,1,1,50,51,1
1,1,0,1,0,1,2,3,28,23,79,1,1,50,51,1
0,1,1,1,20,1,1,0,22,19,83,1,0,98,99,2
0,1,1,1,20,1,2,0,22,19,83,1,0,98,99,2
0,1,0,1,20,1,0,0,22,19,83,0,0,98,99,2
0,1,0,1,20,1,1,0,22,19,83,0,0,98,99,2
0,1,0,1,20,1,2,0,22,19,83,1,0,98,99,2
0,2,0,1,2,1,1,2,20,28,71,2,1,56,69,0
0,0,0,1,20,0,1,0,18,28,71,2,0,97,94,2
0,0,0,1,19,0,1,3,26,28,71,2,0,77,46,2
0,2,1,1,2,1,1,2,20,28,71,2,1,56,69,0
0,0,1,1,20,0,1,0,18,28,71,2,0,97,94,2
0,0,1,1,19,0,1,3,26,28,71,2,0,77,46,2
1,1,0,1,13,1,0,1,25,24,90,1,0,70,73,0
1,0,0,1,11,1,0,0,24,24,90,1,1,67,92,0
1,1,1,1,13,1,1,1,25,24,90,0,0,70,73,0
1,0,1,1,11,1,1,0,24,24,90,0,1,67,92,0
1,1,0,1,13,1,1,1,25,24,90,1,0,70,73,0
1,0,0,1,11,1,1,0,24,24,90,1,1,67,92,0
1,1,0,1,13,1,2,1,25,24,90,0,0,70,73,0
1,0,0,1,11,1,2,0,24,24,90,0,1,67,92,0
1,1,1,1,13,1,1,1,25,24,90,1,0,70,73,0
1,0,1,1,11,1,1,0,24,24,90,1,1,67,92,0
1,1,1,1,13,1,0,1,25,24,90,2,0,70,73,0
1,0,1,1,11,1,0,0,24,24,90,2,1,67,92,0
1,2,0,1,20,1,1,2,21,18,80,0,1,84,65,1
1,3,0,1,19,0,1,0,20,18,80,0,0,63,91,2
1,0,0,1,20,1,1,3,25,18,80,0,1,63,50,1
1,2,1,0,20,1,2,2,21,18,80,1,1,84,65,1
1,3,1,0,19,0,2,0,20,18,80,1,0,63,91,2
1,0,1,0,20,1,2,3,25,18,80,1,1,63,50,1
1,2,1,1,20,1,0,2,21,18,80,2,1,84,65,1
1,3,1,1,19,0,0,0,20,18,80,2,0,63,91,2
1,0,1,1,20,1,0,3,25,18,80,2,1,63,50,1
0,0,1,1,11,0,2,3,22,22,63,1,0,70,47,2
0,2,1,1,10,0,2,0,26,22,63,1,0,61,88,2
0,1,1,1,0,1,2,2,29,22,63,1,0,93,67,2
0,1,1,1,0,1,2,2,26,22,63,1,0,79,62,0
0,3,1,1,13,0,2,3,23,22,63,1,1,99,41,1
0,0,1,1,11,0,1,3,22,22,63,1,0,70,47,2
0,2,1,1,10,0,1,0,26,22,63,1,0,61,88,2
0,1,1,1,0,1,1,2,29,22,63,1,0,93,67,2
0,1,1,1,0,1,1,2,26,22,63,1,0,79,62,0
0,3,1,1,13,0,1,3,23,22,63,1,1,99,41,1
0,0,1,1,11,0,2,3,22,22,63,0,0,70,47,2
0,2,1,1,10,0,2,0,26,22,63,0,0,61,88,2
0,1,1,1,0,1,2,2,29,22,63,0,0,93,67,2
0,1,1,1,0,1,2,2,26,22,63,0,0,79,62,0
0,3,1,1,13,0,2,3,23,22,63,0,1,99,41,1
0,0,1,1,11,0,0,3,22,22,63,1,0,70,47,2
0,2,1,1,10,0,0,0,26,22,63,1,0,61,88,2
0,1,1,1,0,1,0,2,29,22,63,1,0,93,67,2
0,1,1,1,0,1,0,2,26,22,63,1,0,79,62,0
0,3,1,1,13,0,0,3,23,22,63,1,1,99,41,1
0,0,0,1,11,0,1,3,22,22,63,0,0,70,47,2
0,2,0,1,10,0,1,0,26,22,63,0,0,61,88,2
0,1,0,1,0,1,1,2,29,22,63,0,0,93,67,2
0,1,0,1,0,1,1,2,26,22,63,0,0,79,62,0
0,3,0,1,13,0,1,3,23,22,63,0,1,99,41,1
1,3,1,1,0,0,1,2,25,19,89,1,1,95,66,1
1,3,0,1,0,0,1,2,25,19,89,1,1,95,66,1
1,3,0,1,0,0,2,2,25,19,89,2,1,95,66,1
1,3,1,1,0,0,1,2,25,19,89,0,1,95,66,1
1,1,1,1,11,1,0,3,29,21,92,0,0,73,53,0
1,3,1,1,15,1,0,2,23,21,92,0,0,53,68,2
1,1,1,1,11,1,1,3,29,21,92,0,0,73,53,0
1,3,1,1,15,1,1,2,23,21,92,0,0,53,68,2
1,1,0,1,11,1,0,3,29,21,92,0,0,73,53,0
1,3,0,1,15,1,0,2,23,21,92,0,0,53,68,2
0,3,0,1,6,1,2,1,20,24,72,2,1,74,72,2
0,2,0,1,3,1,2,3,21,24,72,2,1,72,52,2
0,3,1,1,6,1,0,1,20,24,72,2,1,74,72,2
0,2,1,1,3,1,0,3,21,24,72,2,1,72,52,2
0,3,0,1,6,1,1,1,20,24,72,1,1,74,72,2
0,2,0,1,3,1,1,3,21,24,72,1,1,72,52,2
0,3,1,1,6,1,1,1,20,24,72,0,1,74,72,2
0,2,1,1,3,1,1,3,21,24,72,0,1,72,52,2
0,3,0,1,6,1,2,1,20,24,72,1,1,74,72,2
0,2,0,1,3,1,2,3,21,24,72,1,1,72,52,2
0,3,1,1,16,0,2,0,21,33,77,1,1,76,87,2
0,3,1,1,16,1,2,1,21,33,77,1,1,75,77,2
0,3,1,1,9,1,0,2,26,14,96,2,0,65,65,2
0,0,1,1,17,0,0,0,18,14,96,2,0,51,93,0
0,3,1,1,9,1,2,2,26,14,96,0,0,65,65,2
0,0,1,1,17,0,2,0,18,14,96,0,0,51,93,0
0,3,0,1,9,1,2,2,26,14,96,1,0,65,65,2
0,0,0,1,17,0,2,0,18,14,96,1,0,51,93,0
1,3,1,1,10,1,1,0,22,13,94,0,0,82,98,2
1,3,1,1,18,0,1,2,25,13,94,0,0,99,55,1
1,3,1,1,10,1,2,0,22,13,94,2,0,82,98,2
1,3,1,1,18,0,2,2,25,13,94,2,0,99,55,1
1,3,1,1,10,1,2,0,22,13,94,1,0,82,98,2
1,3,1,1,18,0,2,2,25,13,94,1,0,99,55,1
1,3,1,1,10,1,1,0,22,13,94,2,0,82,98,2
1,3,1,1,18,0,1,2,25,13,94,2,0,99,55,1
0,1,1,1,1,1,1,0,29,27,81,1,0,96,94,1
0,3,1,1,17,1,1,0,22,27,81,1,0,53,98,1
0,1,1,1,8,1,1,1,24,27,81,1,1,83,73,0
0,1,1,1,1,1,0,0,29,27,81,0,0,96,94,1
0,3,1,1,17,1,0,0,22,27,81,0,0,53,98,1
0,1,1,1,8,1,0,1,24,27,81,0,1,83,73,0
0,1,1,1,1,1,1,0,29,27,81,0,0,96,94,1
0,3,1,1,17,1,1,0,22,27,81,0,0,53,98,1
0,1,1,1,8,1,1,1,24,27,81,0,1,83,73,0
0,1,1,1,1,1,2,0,29,27,81,1,0,96,94,1
0,3,1,1,17,1,2,0,22,27,81,1,0,53,98,1
0,1,1,1,8,1,2,1,24,27,81,1,1,83,73,0
1,2,1,1,13,0,1,1,26,25,88,0,1,60,83,0
1,0,1,1,15,1,1,3,22,25,88,0,0,53,45,2
1,1,1,1,16,1,1,1,27,25,88,0,1,63,82,2
1,2,1,1,13,0,2,1,26,25,88,0,1,60,83,0
1,0,1,1,15,1,2,3,22,25,88,0,0,53,45,2
1,1,1,1,16,1,2,1,27,25,88,0,1,63,82,2
1,2,1,0,13,0,1,1,26,25,88,0,1,60,83,0
1,0,1,0,15,1,1,3,22,25,88,0,0,53,45,2
1,1,1,0,16,1,1,1,27,25,88,0,1,63,82,2
1,3,1,1,10,0,2,0,21,24,95,2,1,85,95,1
1,2,1,1,14,1,2,0,29,24,95,2,0,67,87,2
1,3,1,1,10,0,0,0,21,24,95,1,1,85,95,1
1,2,1,1,14,1,0,0,29,24,95,1,0,67,87,2
1,3,1,0,10,0,0,0,21,24,95,1,1,85,95,1
1,2,1,0,14,1,0,0,29,24,95,1,0,67,87,2
1,3,1,1,10,0,1,0,21,24,95,1,1,85,95,1
1,2,1,1,14,1,1,0,29,24,95,1,0,67,87,2
1,3,0,1,10,0,0,0,21,24,95,1,1,85,95,1
1,2,0,1,14,1,0,0,29,24,95,1,0,67,87,2
1,3,1,1,10,0,2,0,21,24,95,0,1,85,95,1
1,2,1,1,14,1,2,0,29,24,95,0,0,67,87,2
1,3,0,1,10,0,1,0,21,24,95,0,1,85,95,1
1,2,0,1,14,1,1,0,29,24,95,0,0,67,87,2
0,0,1,1,20,1,2,3,27,24,80,2,0,52,42,2
0,3,1,1,15,1,2,3,19,24,80,2,1,100,50,0
0,0,1,1,20,1,0,3,27,24,80,1,0,52,42,2
0,3,1,1,15,1,0,3,19,24,80,1,1,100,50,0
0,0,1,1,20,1,2,3,27,24,80,1,0,52,42,2
0,3,1,1,15,1,2,3,19,24,80,1,1,100,50,0
0,0,0,1,20,1,2,3,27,24,80,1,0,52,42,2
0,3,0,1,15,1,2,3,19,24,80,1,1,100,50,0
0,0,1,1,20,1,2,3,27,24,80,0,0,52,42,2
0,3,1,1,15,1,2,3,19,24,80,0,1,100,50,0
0,0,1,1,20,1,1,3,27,24,80,1,0,52,42,2
0,3,1,1,15,1,1,3,19,24,80,1,1,100,50,0
0,0,1,1,5,1,1,0,20,15,90,1,1,85,95,0
0,0,1,1,5,1,2,0,20,15,90,2,1,85,95,0
1,3,1,0,12,1,2,2,19,16,76,1,1,76,65,0
1,2,1,0,12,1,2,1,23,16,76,1,1,70,83,2
1,0,1,0,14,0,2,2,23,16,76,1,1,95,63,2
1,3,1,0,11,1,2,1,19,16,76,1,1,96,81,2
1,3,0,1,12,1,0,2,19,16,76,2,1,76,65,0
1,2,0,1,12,1,0,1,23,16,76,2,1,70,83,2
1,0,0,1,14,0,0,2,23,16,76,2,1,95,63,2
1,3,0,1,11,1,0,1,19,16,76,2,1,96,81,2
1,3,0,1,12,1,1,2,19,16,76,2,1,76,65,0
1,2,0,1,12,1,1,1,23,16,76,2,1,70,83,2
1,0,0,1,14,0,1,2,23,16,76,2,1,95,63,2
1,3,0,1,11,1,1,1,19,16,76,2,1,96,81,2
1,3,0,1,12,1,1,2,19,16,76,1,1,76,65,0
1,2,0,1,12,1,1,1,23,16,76,1,1,70,83,2
1,0,0,1,14,0,1,2,23,16,76,1,1,95,63,2
1,3,0,1,11,1,1,1,19,16,76,1,1,96,81,2
0,2,0,1,0,1,2,2,20,26,95,1,1,68,63,0
0,2,0,1,6,0,2,1,21,26,95,1,0,74,75,0
0,1,0,1,6,1,2,3,29,26,95,1,0,93,54,2
0,2,0,1,0,1,2,2,20,26,95,0,1,68,63,0
0,2,0,1,6,0,2,1,21,26,95,0,0,74,75,0
0,1,0,1,6,1,2,3,29,26,95,0,0,93,54,2
0,2,1,1,0,1,0,2,20,26,95,1,1,68,63,0
0,2,1,1,6,0,0,1,21,26,95,1,0,74,75,0
0,1,1,1,6,1,0,3,29,26,95,1,0,93,54,2
0,0,1,1,14,0,1,2,19,15,76,0,1,90,55,2
0,1,1,1,3,1,1,1,25,15,76,0,1,55,79,2
0,0,1,1,14,0,2,2,19,15,76,1,1,90,55,2
0,1,1,1,3,1,2,1,25,15,76,1,1,55,79,2
1,2,0,1,15,0,2,1,20,18,69,0,0,59,74,2
1,3,0,1,6,1,2,0,21,18,69,0,0,99,92,2
1,2,0,1,16,1,2,0,28,18,69,0,1,80,94,0
1,0,0,1,1,1,2,1,27,18,69,0,0,53,78,0
1,2,0,1,16,0,2,0,20,18,69,0,0,66,85,0
1,2,1,1,15,0,1,1,20,18,69,1,0,59,74,2
1,3,1,1,6,1,1,0,21,18,69,1,0,99,92,2
1,2,1,1,16,1,1,0,28,18,69,1,1,80,94,0
1,0,1,1,1,1,1,1,27,18,69,1,0,53,78,0
1,2,1,1,16,0,1,0,20,18,69,1,0,66,85,0
1,2,1,1,15,0,2,1,20,18,69,2,0,59,74,2
1,3,1,1,6,1,2,0,21,18,69,2,0,99,92,2
1,2,1,1,16,1,2,0,28,18,69,2,1,80,94,0
1,0,1,1,1,1,2,1,27,18,69,2,0,53,78,0
1,2,1,1,16,0,2,0,20,18,69,2,0,66,85,0
1,2,1,1,15,0,2,1,20,18,69,0,0,59,74,2
1,3,1,1,6,1,2,0,21,18,69,0,0,99,92,2
1,2,1,1,16,1,2,0,28,18,69,0,1,80,94,0
1,0,1,1,1,1,2,1,27,18,69,0,0,53,78,0
1,2,1,1,16,0,2,0,20,18,69,0,0,66,85,0
1,2,1,1,15,0,0,1,20,18,69,0,0,59,74,2
1,3,1,1,6,1,0,0,21,18,69,0,0,99,92,2
1,2,1,1,16,1,0,0,28,18,69,0,1,80,94,0
1,0,1,1,1,1,0,1,27,18,69,0,0,53,78,0
1,2,1,1,16,0,0,0,20,18,69,0,0,66,85,0
1,2,0,1,15,0,0,1,20,18,69,1,0,59,74,2
1,3,0,1,6,1,0,0,21,18,69,1,0,99,92,2
1,2,0,1,16,1,0,0,28,18,69,1,1,80,94,0
1,0,0,1,1,1,0,1,27,18,69,1,0,53,78,0
1,2,0,1,16,0,0,0,20,18,69,1,0,66,85,0
0,0,1,1,0,1,2,1,24,22,74,0,1,57,70,2
0,0,1,1,18,0,2,1,25,22,74,0,0,98,81,2
0,0,1,1,0,1,0,1,24,22,74,0,1,57,70,2
0,0,1,1,18,0,0,1,25,22,74,0,0,98,81,2
0,0,0,1,0,1,0,1,24,22,74,1,1,57,70,2
0,0,0,1,18,0,0,1,25,22,74,1,0,98,81,2
0,0,1,1,0,1,2,1,24,22,74,1,1,57,70,2
0,0,1,1,18,0,2,1,25,22,74,1,0,98,81,2
0,0,1,1,0,1,2,1,24,22,74,2,1,57,70,2
0,0,1,1,18,0,2,1,25,22,74,2,0,98,81,2
1,1,1,1,16,1,1,3,27,21,90,0,1,75,43,0
1,2,1,1,19,1,1,2,24,21,90,0,0,95,59,2
1,0,1,1,2,0,1,2,29,21,90,0,0,58,68,1
1,1,1,1,15,0,1,3,19,21,90,0,1,72,42,1
1,1,1,1,16,1,1,3,27,21,90,1,1,75,43,0
1,2,1,1,19,1,1,2,24,21,90,1,0,95,59,2
1,0,1,1,2,0,1,2,29,21,90,1,0,58,68,1
1,1,1,1,15,0,1,3,19,21,90,1,1,72,42,1
1,1,1,1,16,1,1,3,27,21,90,2,1,75,43,0
1,2,1,1,19,1,1,2,24,21,90,2,0,95,59,2
1,0,1,1,2,0,1,2,29,21,90,2,0,58,68,1
1,1,1,1,15,0,1,3,19,21,90,2,1,72,42,1
1,1,1,1,16,1,2,3,27,21,90,1,1,75,43,0
1,2,1,1,19,1,2,2,24,21,90,1,0,95,59,2
1,0,1,1,2,0,2,2,29,21,90,1,0,58,68,1
1,1,1,1,15,0,2,3,19,21,90,1,1,72,42,1
1,1,1,1,20,1,2,2,23,21,70,1,1,68,56,2
1,1,0,1,20,1,2,2,23,21,70,1,1,68,56,2
1,1,1,1,20,1,1,2,23,21,70,2,1,68,56,2
1,1,0,1,20,1,0,2,23,21,70,1,1,68,56,2
1,1,1,1,20,1,0,2,23,21,70,1,1,68,56,2
1,1,0,1,20,1,1,2,23,21,70,1,1,68,56,2
1,1,0,1,20,1,1,2,23,21,70,0,1,68,56,2
1,1,1,1,20,1,1,2,23,21,70,1,1,68,56,2
1,1,0,1,20,1,0,2,23,21,70,0,1,68,56,2
1,1,1,0,20,1,0,2,23,21,70,1,1,68,56,2
1,1,1,0,8,1,2,3,22,17,75,1,1,67,40,0
1,1,1,1,8,1,1,3,22,17,75,0,1,67,40,0
1,1,1,1,8,1,0,3,22,17,75,1,1,67,40,0
1,3,0,1,8,1,1,0,29,21,99,2,1,55,87,2
1,1,0,1,13,1,1,3,22,21,99,2,1,90,51,1
1,0,0,1,7,1,1,3,20,21,99,2,1,100,52,0
1,3,0,1,14,1,1,2,28,21,99,2,1,77,59,2
1,3,0,1,8,1,0,0,29,21,99,2,1,55,87,2
1,1,0,1,13,1,0,3,22,21,99,2,1,90,51,1
1,0,0,1,7,1,0,3,20,21,99,2,1,100,52,0
1,3,0,1,14,1,0,2,28,21,99,2,1,77,59,2
1,3,1,0,8,1,1,0,29,21,99,1,1,55,87,2
1,1,1,0,13,1,1,3,22,21,99,1,1,90,51,1
1,0,1,0,7,1,1,3,20,21,99,1,1,100,52,0
1,3,1,0,14,1,1,2,28,21,99,1,1,77,59,2
1,3,1,1,8,1,1,0,29,21,99,2,1,55,87,2
1,1,1,1,13,1,1,3,22,21,99,2,1,90,51,1
1,0,1,1,7,1,1,3,20,21,99,2,1,100,52,0
1,3,1,1,14,1,1,2,28,21,99,2,1,77,59,2
0,3,1,1,9,1,2,1,26,12,63,0,1,51,73,2
0,3,0,1,9,1,1,1,26,12,63,0,1,51,73,2
1,0,1,1,5,1,1,2,29,19,84,2,0,75,57,1
1,1,1,1,17,1,1,0,28,19,84,2,0,71,99,2
1,0,1,1,5,1,0,2,29,19,84,1,0,75,57,1
1,1,1,1,17,1,0,0,28,19,84,1,0,71,99,2
1,0,0,1,5,1,1,2,29,19,84,0,0,75,57,1
1,1,0,1,17,1,1,0,28,19,84,0,0,71,99,2
1,0,1,1,5,1,2,2,29,19,84,0,0,75,57,1
1,1,1,1,17,1,2,0,28,19,84,0,0,71,99,2
1,0,1,1,5,1,1,2,29,19,84,1,0,75,57,1
1,1,1,1,17,1,1,0,28,19,84,1,0,71,99,2
1,0,0,1,5,1,1,2,29,19,84,2,0,75,57,1
1,1,0,1,17,1,1,0,28,19,84,2,0,71,99,2
1,2,0,0,5,0,1,0,26,22,84,1,1,85,92,0
1,1,0,0,8,1,1,0,22,22,84,1,1,68,87,0
1,1,0,0,12,1,1,3,20,22,84,1,1,78,48,1
1,3,0,0,4,1,1,0,29,22,84,1,1,66,89,2
1,2,0,1,5,0,1,0,26,22,84,1,1,85,92,0
1,1,0,1,8,1,1,0,22,22,84,1,1,68,87,0
1,1,0,1,12,1,1,3,20,22,84,1,1,78,48,1
1,3,0,1,4,1,1,0,29,22,84,1,1,66,89,2
1,2,1,1,5,0,1,0,26,22,84,1,1,85,92,0
1,1,1,1,8,1,1,0,22,22,84,1,1,68,87,0
1,1,1,1,12,1,1,3,20,22,84,1,1,78,48,1
1,3,1,1,4,1,1,0,29,22,84,1,1,66,89,2
1,2,1,1,5,0,2,0,26,22,84,1,1,85,92,0
1,1,1,1,8,1,2,0,22,22,84,1,1,68,87,0
1,1,1,1,12,1,2,3,20,22,84,1,1,78,48,1
1,3,1,1,4,1,2,0,29,22,84,1,1,66,89,2
1,3,0,1,17,1,2,0,24,29,77,1,0,71,94,2
1,3,1,1,17,1,0,0,24,29,77,0,0,71,94,2
1,3,1,1,17,1,1,0,24,29,77,1,0,71,94,2
0,2,1,0,5,1,0,2,29,25,77,2,1,71,59,0
0,3,1,0,3,1,0,0,22,25,77,2,1,70,85,1
0,2,1,1,5,1,1,2,29,25,77,1,1,71,59,0
0,3,1,1,3,1,1,0,22,25,77,1,1,70,85,1
0,2,0,1,5,1,0,2,29,25,77,0,1,71,59,0
0,3,0,1,3,1,0,0,22,25,77,0,1,70,85,1
1,1,0,1,13,1,1,0,18,19,62,0,0,95,98,2
1,2,0,1,8,0,1,2,22,19,62,0,1,82,66,2
1,1,0,1,13,1,0,0,18,19,62,2,0,95,98,2
1,2,0,1,8,0,0,2,22,19,62,2,1,82,66,2
1,1,1,1,13,1,2,0,18,19,62,1,0,95,98,2
1,2,1,1,8,0,2,2,22,19,62,1,1,82,66,2
1,1,1,1,13,1,1,0,18,19,62,2,0,95,98,2
1,2,1,1,8,0,1,2,22,19,62,2,1,82,66,2
1,1,1,1,13,1,1,0,18,19,62,0,0,95,98,2
1,2,1,1,8,0,1,2,22,19,62,0,1,82,66,2
0,3,0,1,20,0,1,0,25,20,66,2,1,85,98,2
0,3,0,1,20,0,2,0,25,20,66,1,1,85,98,2
0,3,1,1,20,0,1,0,25,20,66,0,1,85,98,2
0,3,1,1,20,0,2,0,25,20,66,2,1,85,98,2
0,3,0,1,20,0,0,0,25,20,66,0,1,85,98,2
0,3,1,1,20,0,0,0,25,20,66,1,1,85,98,2
1,2,1,1,6,0,1,0,26,18,64,2,1,52,94,1
1,3,1,1,8,1,1,1,26,18,64,2,1,65,72,2
1,1,1,1,0,1,1,0,25,18,64,2,1,57,99,1
1,2,1,1,4,1,1,2,28,18,64,2,1,96,60,2
1,2,1,1,6,0,0,0,26,18,64,0,1,52,94,1
1,3,1,1,8,1,0,1,26,18,64,0,1,65,72,2
1,1,1,1,0,1,0,0,25,18,64,0,1,57,99,1
1,2,1,1,4,1,0,2,28,18,64,0,1,96,60,2
1,2,0,1,6,0,2,0,26,18,64,1,1,52,94,1
1,3,0,1,8,1,2,1,26,18,64,1,1,65,72,2
1,1,0,1,0,1,2,0,25,18,64,1,1,57,99,1
1,2,0,1,4,1,2,2,28,18,64,1,1,96,60,2
1,2,1,1,6,0,1,0,26,18,64,1,1,52,94,1
1,3,1,1,8,1,1,1,26,18,64,1,1,65,72,2
1,1,1,1,0,1,1,0,25,18,64,1,1,57,99,1
1,2,1,1,4,1,1,2,28,18,64,1,1,96,60,2
1,2,0,1,6,0,1,0,26,18,64,1,1,52,94,1
1,3,0,1,8,1,1,1,26,18,64,1,1,65,72,2
1,1,0,1,0,1,1,0,25,18,64,1,1,57,99,1
1,2,0,1,4,1,1,2,28,18,64,1,1,96,60,2
1,2,1,1,6,0,2,0,26,18,64,0,1,52,94,1
1,3,1,1,8,1,2,1,26,18,64,0,1,65,72,2
1,1,1,1,0,1,2,0,25,18,64,0,1,57,99,1
1,2,1,1,4,1,2,2,28,18,64,0,1,96,60,2
0,0,1,1,10,1,1,2,22,15,64,2,1,97,61,1
0,2,1,1,17,1,1,2,26,15,64,2,1,79,55,1
0,0,1,1,10,1,2,2,22,15,64,2,1,97,61,1
0,2,1,1,17,1,2,2,26,15,64,2,1,79,55,1
0,0,0,1,10,1,1,2,22,15,64,0,1,97,61,1
0,2,0,1,17,1,1,2,26,15,64,0,1,79,55,1
0,0,0,1,10,1,1,2,22,15,64,1,1,97,61,1
0,2,0,1,17,1,1,2,26,15,64,1,1,79,55,1
0,1,1,1,17,1,1,1,26,23,84,0,1,75,76,0
0,1,1,1,20,1,1,2,24,23,84,0,1,61,62,1
0,0,1,1,0,1,1,3,29,23,84,0,1,87,49,1
0,2,1,1,5,1,1,2,22,23,84,0,0,52,67,1
0,1,0,0,17,1,0,1,26,23,84,1,1,75,76,0
0,1,0,0,20,1,0,2,24,23,84,1,1,61,62,1
0,0,0,0,0,1,0,3,29,23,84,1,1,87,49,1
0,2,0,0,5,1,0,2,22,23,84,1,0,52,67,1
0,1,1,1,17,1,0,1,26,23,84,1,1,75,76,0
0,1,1,1,20,1,0,2,24,23,84,1,1,61,62,1
0,0,1,1,0,1,0,3,29,23,84,1,1,87,49,1
0,2,1,1,5,1,0,2,22,23,84,1,0,52,67,1
0,1,1,0,17,1,0,1,26,23,84,0,1,75,76,0
0,1,1,0,20,1,0,2,24,23,84,0,1,61,62,1
0,0,1,0,0,1,0,3,29,23,84,0,1,87,49,1
0,2,1,0,5,1,0,2,22,23,84,0,0,52,67,1
0,1,0,1,17,1,1,1,26,23,84,0,1,75,76,0
0,1,0,1,20,1,1,2,24,23,84,0,1,61,62,1
0,0,0,1,0,1,1,3,29,23,84,0,1,87,49,1
0,2,0,1,5,1,1,2,22,23,84,0,0,52,67,1
1,2,1,1,9,1,2,1,25,29,68,1,1,51,84,0
1,2,0,1,9,1,1,1,25,29,68,1,1,51,84,0
1,2,0,1,9,1,0,1,25,29,68,0,1,51,84,0
1,2,1,1,9,1,2,1,25,29,68,0,1,51,84,0
1,3,1,1,18,0,2,2,27,21,69,1,0,80,58,2
1,3,1,1,18,0,1,2,27,21,69,2,0,80,58,2
1,3,1,1,18,0,1,2,27,21,69,0,0,80,58,2
1,3,0,1,18,0,1,2,27,21,69,1,0,80,58,2
1,3,1,1,18,0,0,2,27,21,69,1,0,80,58,2
0,2,1,1,7,1,1,3,27,20,73,1,1,59,50,1
0,2,0,1,7,1,2,3,27,20,73,0,1,59,50,1
1,3,0,1,14,0,0,2,21,21,68,0,1,76,67,2
1,3,1,0,14,0,1,2,21,21,68,1,1,76,67,2
1,3,1,1,14,0,1,2,21,21,68,0,1,76,67,2
1,3,1,1,14,0,2,2,21,21,68,2,1,76,67,2
1,3,1,1,14,0,2,2,21,21,68,1,1,76,67,2
1,3,0,1,8,1,1,3,25,20,61,1,1,71,50,2
1,1,0,1,13,1,1,3,25,20,61,1,0,64,52,2
1,3,1,1,8,1,0,3,25,20,61,1,1,71,50,2
1,1,1,1,13,1,0,3,25,20,61,1,0,64,52,2
1,3,1,1,8,1,1,3,25,20,61,1,1,71,50,2
1,1,1,1,13,1,1,3,25,20,61,1,0,64,52,2
1,3,1,1,8,1,2,3,25,20,61,1,1,71,50,2
1,1,1,1,13,1,2,3,25,20,61,1,0,64,52,2
1,3,0,1,8,1,2,3,25,20,61,1,1,71,50,2
1,1,0,1,13,1,2,3,25,20,61,1,0,64,52,2
1,3,0,1,6,1,1,0,27,29,81,1,0,81,88,1
1,2,0,1,4,1,1,1,19,29,81,1,0,84,79,1
1,3,1,1,6,1,1,0,27,29,81,0,0,81,88,1
1,2,1,1,4,1,1,1,19,29,81,0,0,84,79,1
1,2,1,0,12,0,1,2,26,26,96,1,1,55,69,0
1,2,1,0,3,1,1,3,24,26,96,1,1,58,41,2
1,0,1,0,12,1,1,2,22,26,96,1,1,98,55,0
1,2,0,1,12,0,1,2,26,26,96,1,1,55,69,0
1,2,0,1,3,1,1,3,24,26,96,1,1,58,41,2
1,0,0,1,12,1,1,2,22,26,96,1,1,98,55,0
0,0,1,1,1,0,1,3,19,33,67,2,0,83,51,2
0,1,1,1,10,1,1,3,26,33,67,2,1,90,54,1
0,0,1,1,1,0,1,3,19,33,67,1,0,83,51,2
0,1,1,1,10,1,1,3,26,33,67,1,1,90,54,1
0,2,1,1,16,1,0,0,19,15,92,0,0,92,100,2
0,3,1,1,3,1,0,0,27,15,92,0,0,70,93,1
0,2,1,1,10,1,0,0,26,15,92,0,1,68,86,0
0,2,1,1,16,1,2,0,19,15,92,1,0,92,100,2
0,3,1,1,3,1,2,0,27,15,92,1,0,70,93,1
0,2,1,1,10,1,2,0,26,15,92,1,1,68,86,0
0,2,1,1,16,1,1,0,19,15,92,1,0,92,100,2
0,3,1,1,3,1,1,0,27,15,92,1,0,70,93,1
0,2,1,1,10,1,1,0,26,15,92,1,1,68,86,0
1,0,0,1,8,1,1,1,22,25,92,1,1,76,83,1
1,0,1,1,8,1,2,1,22,25,92,0,1,76,83,1
1,0,1,1,8,1,1,1,22,25,92,1,1,76,83,1
0,2,1,1,9,1,1,0,25,33,76,0,0,95,97,2
0,3,1,1,10,0,1,3,28,33,76,0,0,69,44,0
0,1,1,1,13,1,1,0,26,33,76,0,1,53,88,1
0,3,1,1,11,0,1,3,27,33,76,0,0,85,45,1
0,2,1,1,1,1,1,3,25,15,67,0,1,74,43,1
0,2,1,1,1,1,2,3,25,15,67,2,1,74,43,1
0,2,0,1,1,1,1,3,25,15,67,1,1,74,43,1
0,3,0,1,13,1,1,3,20,15,70,1,1,88,41,1
0,0,0,1,0,1,1,3,27,15,70,1,0,76,49,2
0,3,0,1,13,1,1,3,20,15,70,0,1,88,41,1
0,0,0,1,0,1,1,3,27,15,70,0,0,76,49,2
0,1,0,1,11,1,1,2,25,16,71,1,0,59,55,0
0,2,0,1,11,0,1,1,26,16,71,1,1,89,73,1
0,1,0,1,11,1,2,2,25,16,71,1,0,59,55,0
0,2,0,1,11,0,2,1,26,16,71,1,1,89,73,1
0,1,1,1,11,1,2,2,25,16,71,0,0,59,55,0
0,2,1,1,11,0,2,1,26,16,71,0,1,89,73,1
1,2,1,1,7,0,2,3,27,7,82,1,1,54,44,2
1,1,1,1,13,1,2,1,18,7,82,1,1,60,75,2
0,1,0,1,5,1,2,0,24,17,76,2,0,59,85,1
0,1,1,1,5,1,1,0,24,17,76,1,0,59,85,1
0,1,1,1,5,1,2,0,24,17,76,0,0,59,85,1
0,1,1,0,5,1,1,0,24,17,76,0,0,59,85,1
0,0,1,1,5,1,0,0,29,22,99,0,1,76,98,2
0,0,1,1,8,1,0,0,21,22,99,0,1,73,86,1
0,0,1,1,5,1,1,0,29,22,99,2,1,76,98,2
0,0,1,1,8,1,1,0,21,22,99,2,1,73,86,1
0,0,0,1,5,1,0,0,29,22,99,1,1,76,98,2
0,0,0,1,8,1,0,0,21,22,99,1,1,73,86,1
0,0,0,1,5,1,2,0,29,22,99,0,1,76,98,2
0,0,0,1,8,1,2,0,21,22,99,0,1,73,86,1
0,2,1,1,3,1,0,1,25,31,69,1,1,76,80,1
0,1,1,1,5,1,0,2,24,31,69,1,0,76,61,2
0,3,1,1,8,1,1,0,21,26,91,1,1,73,99,0
0,3,1,1,14,1,1,0,20,26,91,1,0,81,89,0
0,2,1,1,16,1,1,0,28,26,91,1,1,70,91,2
1,1,1,1,10,0,1,1,18,17,74,1,0,72,73,2
1,1,0,1,10,0,1,1,18,17,74,1,0,72,73,2
1,1,1,1,10,0,1,1,18,17,74,0,0,72,73,2
1,1,0,1,10,0,0,1,18,17,74,1,0,72,73,2
1,0,0,0,16,0,2,0,29,15,66,1,1,72,94,2
1,0,1,1,16,0,2,0,29,15,66,0,1,72,94,2
1,0,0,1,16,0,1,0,29,15,66,1,1,72,94,2
1,0,1,1,2,0,2,0,28,31,86,1,0,78,85,2
1,0,1,1,15,1,2,3,18,31,86,1,0,66,43,0
1,0,1,1,16,1,2,1,21,31,86,1,0,97,74,2
1,2,1,1,0,1,2,1,19,31,86,1,0,55,79,2
0,2,0,1,20,1,0,0,23,27,83,1,1,79,94,1
0,2,0,1,3,1,0,1,26,27,83,1,0,51,70,2
0,2,0,1,1,0,0,1,29,27,83,1,1,52,75,2
0,2,1,1,20,1,1,0,23,27,83,1,1,79,94,1
0,2,1,1,3,1,1,1,26,27,83,1,0,51,70,2
0,2,1,1,1,0,1,1,29,27,83,1,1,52,75,2
0,2,0,1,20,1,1,0,23,27,83,1,1,79,94,1
0,2,0,1,3,1,1,1,26,27,83,1,0,51,70,2
0,2,0,1,1,0,1,1,29,27,83,1,1,52,75,2
1,3,1,1,17,1,0,0,20,17,79,0,1,91,95,2
1,0,1,1,16,1,0,0,27,17,79,0,0,50,93,2
1,2,1,1,10,1,0,2,19,17,79,0,1,95,64,2
1,3,1,1,17,1,2,0,20,17,79,1,1,91,95,2
1,0,1,1,16,1,2,0,27,17,79,1,0,50,93,2
1,2,1,1,10,1,2,2,19,17,79,1,1,95,64,2
1,3,0,1,17,1,1,0,20,17,79,1,1,91,95,2
1,0,0,1,16,1,1,0,27,17,79,1,0,50,93,2
1,2,0,1,10,1,1,2,19,17,79,1,1,95,64,2
0,1,1,1,6,0,1,2,24,10,80,2,1,75,57,2
1,3,0,1,3,0,1,2,19,19,64,1,0,87,69,2
1,3,0,1,3,0,1,2,19,19,64,2,0,87,69,2
1,3,1,1,3,0,1,2,19,19,64,2,0,87,69,2
1,3,1,1,3,0,2,2,19,19,64,1,0,87,69,2
0,0,0,0,8,1,2,0,25,10,96,1,1,50,95,2
0,0,0,1,8,1,1,0,25,10,96,1,1,50,95,2
0,0,1,1,8,1,2,0,25,10,96,1,1,50,95,2
1,1,1,1,11,1,1,2,26,16,62,0,0,54,55,0
1,3,1,1,19,1,1,3,27,16,62,0,1,75,51,0
1,2,1,1,3,1,1,2,21,16,62,0,0,72,64,1
1,2,1,1,12,1,1,1,19,16,62,0,1,71,82,0
1,1,0,1,11,1,1,2,26,16,62,1,0,54,55,0
1,3,0,1,19,1,1,3,27,16,62,1,1,75,51,0
1,2,0,1,3,1,1,2,21,16,62,1,0,72,64,1
1,2,0,1,12,1,1,1,19,16,62,1,1,71,82,0
1,2,1,1,0,1,2,3,24,17,77,1,0,92,41,0
1,0,1,1,7,1,2,1,28,17,77,1,1,87,78,2
1,2,1,1,0,1,1,3,24,17,77,0,0,92,41,0
1,0,1,1,7,1,1,1,28,17,77,0,1,87,78,2
1,2,0,1,0,1,1,3,24,17,77,0,0,92,41,0
1,0,0,1,7,1,1,1,28,17,77,0,1,87,78,2
1,2,1,1,0,1,1,3,24,17,77,1,0,92,41,0
1,0,1,1,7,1,1,1,28,17,77,1,1,87,78,2
1,1,0,1,12,0,1,1,28,14,65,0,0,71,77,2
1,0,0,1,11,0,1,3,25,14,65,0,1,60,41,2
1,2,0,1,0,1,1,0,26,14,65,0,1,61,96,1
1,0,0,1,0,0,1,3,20,14,65,0,1,62,50,2
1,1,0,1,12,0,1,1,28,14,65,1,0,71,77,2
1,0,0,1,11,0,1,3,25,14,65,1,1,60,41,2
1,2,0,1,0,1,1,0,26,14,65,1,1,61,96,1
1,0,0,1,0,0,1,3,20,14,65,1,1,62,50,2
1,1,1,1,12,0,2,1,28,14,65,0,0,71,77,2
1,0,1,1,11,0,2,3,25,14,65,0,1,60,41,2
1,2,1,1,0,1,2,0,26,14,65,0,1,61,96,1
1,0,1,1,0,0,2,3,20,14,65,0,1,62,50,2
1,1,0,1,12,0,2,1,28,14,65,0,0,71,77,2
1,0,0,1,11,0,2,3,25,14,65,0,1,60,41,2
1,2,0,1,0,1,2,0,26,14,65,0,1,61,96,1
1,0,0,1,0,0,2,3,20,14,65,0,1,62,50,2
1,1,1,1,12,0,1,1,28,14,65,1,0,71,77,2
1,0,1,1,11,0,1,3,25,14,65,1,1,60,41,2
1,2,1,1,0,1,1,0,26,14,65,1,1,61,96,1
1,0,1,1,0,0,1,3,20,14,65,1,1,62,50,2
0,1,0,1,1,1,1,1,20,19,80,1,1,52,73,2
0,1,1,1,1,1,1,1,20,19,80,0,1,52,73,2
0,1,1,1,1,1,1,1,20,19,80,1,1,52,73,2
0,1,1,0,1,1,1,1,20,19,80,2,1,52,73,2
0,1,1,1,1,1,2,1,20,19,80,1,1,52,73,2
1,1,0,1,15,1,1,1,22,24,91,0,0,61,71,2
1,3,0,1,19,1,1,3,28,24,91,0,1,56,44,1
1,3,0,1,10,1,1,0,21,24,91,0,1,100,94,2
1,1,1,1,15,1,0,1,22,24,91,2,0,61,71,2
1,3,1,1,19,1,0,3,28,24,91,2,1,56,44,1
1,3,1,1,10,1,0,0,21,24,91,2,1,100,94,2
1,1,1,1,15,1,0,1,22,24,91,1,0,61,71,2
1,3,1,1,19,1,0,3,28,24,91,1,1,56,44,1
1,3,1,1,10,1,0,0,21,24,91,1,1,100,94,2
1,1,1,1,15,1,2,1,22,24,91,2,0,61,71,2
1,3,1,1,19,1,2,3,28,24,91,2,1,56,44,1
1,3,1,1,10,1,2,0,21,24,91,2,1,100,94,2
1,1,1,1,15,1,1,1,22,24,91,1,0,61,71,2
1,3,1,1,19,1,1,3,28,24,91,1,1,56,44,1
1,3,1,1,10,1,1,0,21,24,91,1,1,100,94,2
1,1,0,1,15,1,1,1,22,24,91,1,0,61,71,2
1,3,0,1,19,1,1,3,28,24,91,1,1,56,44,1
1,3,0,1,10,1,1,0,21,24,91,1,1,100,94,2
1,1,1,1,15,1,2,1,22,24,91,0,0,61,71,2
1,3,1,1,19,1,2,3,28,24,91,0,1,56,44,1
1,3,1,1,10,1,2,0,21,24,91,0,1,100,94,2
1,1,1,1,15,1,2,1,22,24,91,1,0,61,71,2
1,3,1,1,19,1,2,3,28,24,91,1,1,56,44,1
1,3,1,1,10,1,2,0,21,24,91,1,1,100,94,2
1,0,0,1,6,1,2,3,27,13,70,1,1,91,44,2
1,3,0,1,19,1,2,0,25,13,70,1,1,54,87,0
1,0,0,1,6,1,1,3,27,13,70,1,1,91,44,2
1,3,0,1,19,1,1,0,25,13,70,1,1,54,87,0
1,0,1,1,6,1,1,3,27,13,70,1,1,91,44,2
1,3,1,1,19,1,1,0,25,13,70,1,1,54,87,0
1,0,1,1,6,1,2,3,27,13,70,2,1,91,44,2
1,3,1,1,19,1,2,0,25,13,70,2,1,54,87,0
1,0,1,1,6,1,1,3,27,13,70,2,1,91,44,2
1,3,1,1,19,1,1,0,25,13,70,2,1,54,87,0
1,0,1,1,6,1,2,3,27,13,70,1,1,91,44,2
1,3,1,1,19,1,2,0,25,13,70,1,1,54,87,0
1,3,1,1,14,1,1,2,19,11,79,1,1,73,57,2
0,0,0,1,20,1,1,3,18,16,94,0,1,78,49,2
0,0,1,1,20,1,1,3,18,16,94,0,1,78,49,2
0,0,0,1,20,1,1,3,18,16,94,1,1,78,49,2
0,0,0,1,20,1,2,3,18,16,94,2,1,78,49,2
0,0,1,1,20,1,1,3,18,16,94,1,1,78,49,2
0,0,1,1,20,1,0,3,18,16,94,0,1,78,49,2
0,3,1,1,2,0,2,2,20,27,62,0,1,89,68,1
0,2,1,1,15,1,2,3,20,27,62,0,0,52,48,1
0,1,1,1,1,1,2,3,27,27,62,0,1,55,51,1
1,2,0,1,17,1,0,0,28,20,65,0,0,76,85,2
1,2,1,1,17,1,0,0,28,20,65,2,0,76,85,2
1,2,1,1,17,1,2,0,28,20,65,1,0,76,85,2
1,2,0,0,17,1,1,0,28,20,65,1,0,76,85,2
1,2,0,1,17,1,1,0,28,20,65,1,0,76,85,2
1,0,0,1,8,1,0,1,25,32,68,2,0,62,74,2
1,0,0,1,2,0,0,0,19,32,68,2,1,71,89,1
1,0,1,1,8,1,1,1,25,32,68,1,0,62,74,2
1,0,1,1,2,0,1,0,19,32,68,1,1,71,89,1
1,0,0,1,8,1,2,1,25,32,68,1,0,62,74,2
1,0,0,1,2,0,2,0,19,32,68,1,1,71,89,1
1,2,1,1,11,1,2,0,20,31,76,1,1,52,87,0
1,0,1,1,9,1,2,2,24,31,76,1,1,73,65,0
1,2,1,1,3,1,2,1,27,31,76,1,1,72,84,2
1,1,1,1,12,1,2,3,26,31,76,1,1,84,41,0
1,2,1,1,11,1,2,0,20,31,76,0,1,52,87,0
1,0,1,1,9,1,2,2,24,31,76,0,1,73,65,0
1,2,1,1,3,1,2,1,27,31,76,0,1,72,84,2
1,1,1,1,12,1,2,3,26,31,76,0,1,84,41,0
1,2,0,1,9,1,0,1,28,26,74,0,0,69,80,1
1,2,0,1,9,1,1,1,28,26,74,1,0,69,80,1
1,2,1,1,9,1,0,1,28,26,74,1,0,69,80,1
0,0,0,1,7,1,2,0,19,24,86,1,1,62,97,0
0,3,0,1,12,1,2,0,29,24,86,1,1,52,98,2
0,1,0,1,15,1,2,3,27,24,86,1,1,91,40,0
0,0,0,1,7,1,2,0,19,24,86,0,1,62,97,0
0,3,0,1,12,1,2,0,29,24,86,0,1,52,98,2
0,1,0,1,15,1,2,3,27,24,86,0,1,91,40,0
0,0,1,1,7,1,2,0,19,24,86,0,1,62,97,0
0,3,1,1,12,1,2,0,29,24,86,0,1,52,98,2
0,1,1,1,15,1,2,3,27,24,86,0,1,91,40,0
0,0,0,1,7,1,1,0,19,24,86,0,1,62,97,0
0,3,0,1,12,1,1,0,29,24,86,0,1,52,98,2
0,1,0,1,15,1,1,3,27,24,86,0,1,91,40,0
0,0,1,0,7,1,1,0,19,24,86,1,1,62,97,0
0,3,1,0,12,1,1,0,29,24,86,1,1,52,98,2
0,1,1,0,15,1,1,3,27,24,86,1,1,91,40,0
1,1,0,1,4,0,1,2,20,28,88,1,0,73,60,2
0,2,1,1,1,0,1,2,25,24,74,1,1,53,68,1
0,1,1,1,16,1,1,3,28,24,74,1,0,95,48,0
0,3,1,1,17,0,1,2,26,24,74,1,1,52,68,2
0,1,1,1,12,1,1,0,22,24,74,1,1,85,88,1
0,2,0,1,1,0,2,2,25,24,74,2,1,53,68,1
0,1,0,1,16,1,2,3,28,24,74,2,0,95,48,0
0,3,0,1,17,0,2,2,26,24,74,2,1,52,68,2
0,1,0,1,12,1,2,0,22,24,74,2,1,85,88,1
0,2,1,1,1,0,0,2,25,24,74,1,1,53,68,1
0,1,1,1,16,1,0,3,28,24,74,1,0,95,48,0
0,3,1,1,17,0,0,2,26,24,74,1,1,52,68,2
0,1,1,1,12,1,0,0,22,24,74,1,1,85,88,1
1,1,0,0,9,0,0,0,25,26,83,2,0,78,96,1
1,1,0,0,15,1,0,0,26,26,83,2,0,96,91,1
1,1,0,0,11,1,0,0,27,26,83,2,0,67,93,1
1,1,0,1,9,0,1,0,25,26,83,0,0,78,96,1
1,1,0,1,15,1,1,0,26,26,83,0,0,96,91,1
1,1,0,1,11,1,1,0,27,26,83,0,0,67,93,1
1,1,1,1,9,0,2,0,25,26,83,1,0,78,96,1
1,1,1,1,15,1,2,0,26,26,83,1,0,96,91,1
1,1,1,1,11,1,2,0,27,26,83,1,0,67,93,1
1,1,0,1,9,0,0,0,25,26,83,1,0,78,96,1
1,1,0,1,15,1,0,0,26,26,83,1,0,96,91,1
1,1,0,1,11,1,0,0,27,26,83,1,0,67,93,1
0,1,0,1,4,1,2,2,21,9,74,0,0,78,68,2
0,1,0,1,9,1,2,1,21,9,74,0,1,77,84,1
0,2,0,1,5,1,2,2,22,9,74,0,1,79,67,2
0,1,0,1,4,1,0,2,21,9,74,0,0,78,68,2
0,1,0,1,9,1,0,1,21,9,74,0,1,77,84,1
0,2,0,1,5,1,0,2,22,9,74,0,1,79,67,2
1,1,1,1,11,1,1,2,28,13,63,1,1,82,67,2
1,1,1,1,12,1,1,1,19,13,63,1,0,93,70,1
1,1,0,1,11,1,1,2,28,13,63,1,1,82,67,2
1,1,0,1,12,1,1,1,19,13,63,1,0,93,70,1
1,1,0,1,11,1,1,2,28,13,63,2,1,82,67,2
1,1,0,1,12,1,1,1,19,13,63,2,0,93,70,1
1,1,1,1,11,1,2,2,28,13,63,1,1,82,67,2
1,1,1,1,12,1,2,1,19,13,63,1,0,93,70,1
1,1,0,1,11,1,1,2,28,13,63,0,1,82,67,2
1,1,0,1,12,1,1,1,19,13,63,0,0,93,70,1
0,2,1,1,14,1,1,3,27,8,100,1,1,93,51,0
0,2,1,1,20,1,1,2,24,8,100,1,1,78,68,1
0,2,1,1,14,1,2,3,27,8,100,1,1,93,51,0
0,2,1,1,20,1,2,2,24,8,100,1,1,78,68,1
1,0,1,0,8,1,2,0,24,18,65,1,0,51,97,2
1,2,1,0,17,1,2,0,21,18,65,1,0,67,86,2
1,2,1,0,17,1,2,0,28,18,65,1,0,97,86,0
1,0,1,1,8,1,1,0,24,18,65,1,0,51,97,2
1,2,1,1,17,1,1,0,21,18,65,1,0,67,86,2
1,2,1,1,17,1,1,0,28,18,65,1,0,97,86,0
1,0,0,1,8,1,0,0,24,18,65,1,0,51,97,2
1,2,0,1,17,1,0,0,21,18,65,1,0,67,86,2
1,2,0,1,17,1,0,0,28,18,65,1,0,97,86,0
1,0,1,1,8,1,2,0,24,18,65,1,0,51,97,2
1,2,1,1,17,1,2,0,21,18,65,1,0,67,86,2
1,2,1,1,17,1,2,0,28,18,65,1,0,97,86,0
1,0,0,1,8,1,2,0,24,18,65,0,0,51,97,2
1,2,0,1,17,1,2,0,21,18,65,0,0,67,86,2
1,2,0,1,17,1,2,0,28,18,65,0,0,97,86,0
1,0,1,1,8,1,1,0,24,18,65,2,0,51,97,2
1,2,1,1,17,1,1,0,21,18,65,2,0,67,86,2
1,2,1,1,17,1,1,0,28,18,65,2,0,97,86,0
0,3,0,1,17,1,0,3,28,29,95,1,1,68,53,2
0,1,0,1,11,0,0,0,21,29,95,1,1,82,98,2
0,3,1,1,17,1,1,3,28,29,95,1,1,68,53,2
0,1,1,1,11,0,1,0,21,29,95,1,1,82,98,2
0,3,1,1,17,1,1,3,28,29,95,0,1,68,53,2
0,1,1,1,11,0,1,0,21,29,95,0,1,82,98,2
0,3,1,1,17,1,0,3,28,29,95,1,1,68,53,2
0,1,1,1,11,0,0,0,21,29,95,1,1,82,98,2
0,3,0,0,17,1,1,3,28,29,95,1,1,68,53,2
0,1,0,0,11,0,1,0,21,29,95,1,1,82,98,2
0,1,1,1,5,0,0,1,23,20,72,0,0,61,82,2
0,2,1,1,9,1,0,2,27,20,72,0,0,77,66,2
0,1,0,0,5,0,1,1,23,20,72,2,0,61,82,2
0,2,0,0,9,1,1,2,27,20,72,2,0,77,66,2
0,1,0,1,5,0,2,1,23,20,72,0,0,61,82,2
0,2,0,1,9,1,2,2,27,20,72,0,0,77,66,2
0,1,1,1,5,0,0,1,23,20,72,1,0,61,82,2
0,2,1,1,9,1,0,2,27,20,72,1,0,77,66,2
0,3,1,1,0,1,0,1,26,30,86,1,0,53,73,1
0,3,1,1,18,1,0,3,29,30,86,1,1,71,45,2
0,2,1,1,19,1,0,2,19,30,86,1,1,54,62,1
0,3,1,1,0,1,2,1,26,30,86,1,0,53,73,1
0,3,1,1,18,1,2,3,29,30,86,1,1,71,45,2
0,2,1,1,19,1,2,2,19,30,86,1,1,54,62,1
1,1,0,1,6,1,1,2,24,12,73,1,0,57,57,2
1,0,0,1,19,1,1,1,20,12,73,1,1,97,84,1
1,1,0,0,6,1,1,2,24,12,73,1,0,57,57,2
1,0,0,0,19,1,1,1,20,12,73,1,1,97,84,1
1,1,1,1,13,0,1,2,19,10,76,1,1,87,68,2
1,1,1,1,19,1,1,0,19,10,76,1,0,96,85,2
1,2,1,1,18,1,1,0,22,10,76,1,0,77,88,1
1,2,1,1,5,0,1,0,22,10,76,1,0,83,100,2
1,1,0,1,13,0,0,2,19,10,76,1,1,87,68,2
1,1,0,1,19,1,0,0,19,10,76,1,0,96,85,2
1,2,0,1,18,1,0,0,22,10,76,1,0,77,88,1
1,2,0,1,5,0,0,0,22,10,76,1,0,83,100,2
0,2,0,1,2,0,1,2,23,20,70,1,0,97,58,1
0,2,1,1,2,0,1,2,23,20,70,2,0,97,58,1
1,1,1,1,10,1,0,1,28,22,74,0,1,79,75,1
1,3,1,1,12,1,0,1,21,22,74,0,1,63,79,0
1,3,1,1,17,1,0,2,22,22,74,0,1,84,67,2
1,1,1,0,10,1,2,1,28,22,74,1,1,79,75,1
1,3,1,0,12,1,2,1,21,22,74,1,1,63,79,0
1,3,1,0,17,1,2,2,22,22,74,1,1,84,67,2
1,1,0,1,10,1,2,1,28,22,74,0,1,79,75,1
1,3,0,1,12,1,2,1,21,22,74,0,1,63,79,0
1,3,0,1,17,1,2,2,22,22,74,0,1,84,67,2
1,1,1,1,10,1,2,1,28,22,74,1,1,79,75,1
1,3,1,1,12,1,2,1,21,22,74,1,1,63,79,0
1,3,1,1,17,1,2,2,22,22,74,1,1,84,67,2
0,0,0,1,17,1,0,1,18,20,76,1,0,95,71,2
0,0,1,0,17,1,2,1,18,20,76,0,0,95,71,2
0,0,1,1,17,1,2,1,18,20,76,1,0,95,71,2
1,2,1,1,10,1,2,0,20,8,89,0,0,77,94,2
1,0,1,1,19,0,2,1,26,8,89,0,1,56,75,0
1,2,1,1,17,1,2,1,22,8,89,0,1,94,70,2
1,2,0,1,10,1,2,0,20,8,89,1,0,77,94,2
1,0,0,1,19,0,2,1,26,8,89,1,1,56,75,0
1,2,0,1,17,1,2,1,22,8,89,1,1,94,70,2
1,3,1,1,17,1,1,0,21,12,98,1,1,56,88,1
1,0,1,1,10,1,1,0,21,12,98,1,0,76,94,1
1,2,1,1,19,1,1,3,18,12,98,1,1,87,45,0
1,2,0,1,20,1,1,0,18,24,62,2,1,75,85,2
1,2,0,1,2,0,1,1,24,24,62,2,1,56,75,0
1,2,1,1,20,1,1,0,18,24,62,1,1,75,85,2
1,2,1,1,2,0,1,1,24,24,62,1,1,56,75,0
1,2,0,1,20,1,1,0,18,24,62,1,1,75,85,2
1,2,0,1,2,0,1,1,24,24,62,1,1,56,75,0
1,2,1,1,20,1,0,0,18,24,62,1,1,75,85,2
1,2,1,1,2,0,0,1,24,24,62,1,1,56,75,0
1,2,1,1,20,1,1,0,18,24,62,0,1,75,85,2
1,2,1,1,2,0,1,1,24,24,62,0,1,56,75,0
0,3,1,1,16,1,1,0,19,22,80,1,1,97,88,0
0,0,1,1,14,0,1,2,20,22,80,1,1,64,62,1
0,0,1,1,13,0,1,3,18,22,80,1,1,71,42,2
0,2,1,1,16,0,1,2,18,22,80,1,1,70,56,2
0,0,1,1,11,1,1,0,23,22,80,1,0,78,85,0
0,0,1,1,12,1,1,3,18,22,80,1,1,72,53,1
0,3,1,1,16,1,1,0,19,22,80,2,1,97,88,0
0,0,1,1,14,0,1,2,20,22,80,2,1,64,62,1
0,0,1,1,13,0,1,3,18,22,80,2,1,71,42,2
0,2,1,1,16,0,1,2,18,22,80,2,1,70,56,2
0,0,1,1,11,1,1,0,23,22,80,2,0,78,85,0
0,0,1,1,12,1,1,3,18,22,80,2,1,72,53,1
0,3,1,1,16,1,2,0,19,22,80,1,1,97,88,0
0,0,1,1,14,0,2,2,20,22,80,1,1,64,62,1
0,0,1,1,13,0,2,3,18,22,80,1,1,71,42,2
0,2,1,1,16,0,2,2,18,22,80,1,1,70,56,2
0,0,1,1,11,1,2,0,23,22,80,1,0,78,85,0
0,0,1,1,12,1,2,3,18,22,80,1,1,72,53,1
0,3,0,1,16,1,0,0,19,22,80,2,1,97,88,0
0,0,0,1,14,0,0,2,20,22,80,2,1,64,62,1
0,0,0,1,13,0,0,3,18,22,80,2,1,71,42,2
0,2,0,1,16,0,0,2,18,22,80,2,1,70,56,2
0,0,0,1,11,1,0,0,23,22,80,2,0,78,85,0
0,0,0,1,12,1,0,3,18,22,80,2,1,72,53,1
0,3,1,1,16,1,2,0,19,22,80,0,1,97,88,0
0,0,1,1,14,0,2,2,20,22,80,0,1,64,62,1
0,0,1,1,13,0,2,3,18,22,80,0,1,71,42,2
0,2,1,1,16,0,2,2,18,22,80,0,1,70,56,2
0,0,1,1,11,1,2,0,23,22,80,0,0,78,85,0
0,0,1,1,12,1,2,3,18,22,80,0,1,72,53,1
1,1,1,1,20,1,0,1,20,14,83,1,1,94,77,0
1,2,1,1,4,1,0,1,19,14,83,1,0,99,83,2
1,1,1,1,20,1,2,1,20,14,83,0,1,94,77,0
1,2,1,1,4,1,2,1,19,14,83,0,0,99,83,2
1,1,0,1,20,1,0,1,20,14,83,0,1,94,77,0
1,2,0,1,4,1,0,1,19,14,83,0,0,99,83,2
1,3,1,1,5,1,2,1,24,14,62,0,1,96,77,1
1,3,1,1,15,0,2,0,21,14,62,0,1,76,99,0
1,3,0,1,5,1,1,1,24,14,62,0,1,96,77,1
1,3,0,1,15,0,1,0,21,14,62,0,1,76,99,0
1,3,0,1,5,1,1,1,24,14,62,1,1,96,77,1
1,3,0,1,15,0,1,0,21,14,62,1,1,76,99,0
1,3,1,1,5,1,1,1,24,14,62,2,1,96,77,1
1,3,1,1,15,0,1,0,21,14,62,2,1,76,99,0
1,1,0,1,19,1,1,2,27,20,83,1,0,76,58,2
1,3,0,1,10,0,1,3,29,20,83,1,0,65,42,0
1,1,0,0,19,1,0,2,27,20,83,0,0,76,58,2
1,3,0,0,10,0,0,3,29,20,83,0,0,65,42,0
1,1,0,1,19,1,0,2,27,20,83,2,0,76,58,2
1,3,0,1,10,0,0,3,29,20,83,2,0,65,42,0
1,1,1,1,19,1,1,2,27,20,83,0,0,76,58,2
1,3,1,1,10,0,1,3,29,20,83,0,0,65,42,0
1,1,1,1,19,1,0,2,27,20,83,1,0,76,58,2
1,3,1,1,10,0,0,3,29,20,83,1,0,65,42,0
1,1,1,1,19,1,2,2,27,20,83,1,0,76,58,2
1,3,1,1,10,0,2,3,29,20,83,1,0,65,42,0
1,1,1,1,19,1,1,2,27,20,83,1,0,76,58,2
1,3,1,1,10,0,1,3,29,20,83,1,0,65,42,0
1,1,1,1,0,1,1,1,26,23,95,1,1,77,73,0
1,1,1,1,3,1,1,2,24,23,95,1,1,98,63,2
1,1,1,1,0,1,1,1,26,23,95,2,1,77,73,0
1,1,1,1,3,1,1,2,24,23,95,2,1,98,63,2
1,1,1,1,10,1,1,1,19,17,61,2,0,78,73,2
1,2,1,1,20,1,1,0,18,17,61,2,1,61,88,0
1,1,1,1,10,1,0,1,19,17,61,1,0,78,73,2
1,2,1,1,20,1,0,0,18,17,61,1,1,61,88,0
1,1,0,1,10,1,2,1,19,17,61,0,0,78,73,2
1,2,0,1,20,1,2,0,18,17,61,0,1,61,88,0
0,1,1,1,7,1,1,0,19,15,89,1,0,80,86,2
0,0,1,1,11,1,1,1,21,15,89,1,0,88,77,1
0,1,1,1,3,1,1,1,29,15,89,1,1,96,71,0
1,1,1,1,9,0,0,0,23,19,97,1,1,65,96,2
1,1,0,1,9,0,0,0,23,19,97,1,1,65,96,2
1,1,0,1,9,0,2,0,23,19,97,1,1,65,96,2
1,1,0,1,9,0,1,0,23,19,97,1,1,65,96,2
1,1,0,1,9,0,2,0,23,19,97,0,1,65,96,2
1,1,0,1,9,0,1,0,23,19,97,0,1,65,96,2
1,1,1,1,9,0,1,0,23,19,97,2,1,65,96,2
1,1,1,0,12,1,0,0,27,14,86,1,1,96,92,1
1,1,1,1,12,1,0,0,27,14,86,1,1,96,92,1
1,1,1,1,12,1,0,0,27,14,86,0,1,96,92,1
1,1,1,1,12,1,2,0,27,14,86,1,1,96,92,1
0,3,0,1,5,1,2,0,23,13,62,1,0,85,88,1
0,2,0,1,12,0,2,2,21,13,62,1,0,61,64,1
0,2,0,1,17,1,2,1,18,13,62,1,1,65,75,2
0,3,0,1,18,1,2,3,25,13,62,1,1,81,49,0
0,3,1,0,5,1,1,0,23,13,62,1,0,85,88,1
0,2,1,0,12,0,1,2,21,13,62,1,0,61,64,1
0,2,1,0,17,1,1,1,18,13,62,1,1,65,75,2
0,3,1,0,18,1,1,3,25,13,62,1,1,81,49,0
0,3,1,1,5,1,1,0,23,13,62,0,0,85,88,1
0,2,1,1,12,0,1,2,21,13,62,0,0,61,64,1
0,2,1,1,17,1,1,1,18,13,62,0,1,65,75,2
0,3,1,1,18,1,1,3,25,13,62,0,1,81,49,0
0,1,1,0,10,1,0,3,26,20,79,0,1,67,51,1
0,1,1,1,10,1,1,3,26,20,79,2,1,67,51,1
0,1,0,1,10,1,1,3,26,20,79,1,1,67,51,1
0,1,0,1,10,1,1,3,26,20,79,0,1,67,51,1
0,1,1,1,10,1,0,3,26,20,79,0,1,67,51,1
0,1,1,1,10,1,1,3,26,20,79,1,1,67,51,1
1,3,1,1,16,0,1,0,18,21,88,2,1,78,97,2
1,0,1,1,17,1,1,2,27,21,88,2,1,51,57,1
1,3,1,0,16,0,1,0,18,21,88,0,1,78,97,2
1,0,1,0,17,1,1,2,27,21,88,0,1,51,57,1
1,3,1,1,16,0,0,0,18,21,88,1,1,78,97,2
1,0,1,1,17,1,0,2,27,21,88,1,1,51,57,1
1,3,0,1,16,0,0,0,18,21,88,1,1,78,97,2
1,0,0,1,17,1,0,2,27,21,88,1,1,51,57,1
1,3,0,1,16,0,1,0,18,21,88,1,1,78,97,2
1,0,0,1,17,1,1,2,27,21,88,1,1,51,57,1
1,3,0,1,16,0,1,0,18,21,88,0,1,78,97,2
1,0,0,1,17,1,1,2,27,21,88,0,1,51,57,1
0,0,0,1,17,1,2,2,23,19,79,0,0,76,61,1
0,2,0,1,2,0,2,0,23,19,79,0,1,61,97,2
0,0,0,1,1,0,2,2,18,19,79,0,0,60,67,2
0,0,1,1,17,1,2,2,23,19,79,1,0,76,61,1
0,2,1,1,2,0,2,0,23,19,79,1,1,61,97,2
0,0,1,1,1,0,2,2,18,19,79,1,0,60,67,2
0,0,1,1,17,1,1,2,23,19,79,2,0,76,61,1
0,2,1,1,2,0,1,0,23,19,79,2,1,61,97,2
0,0,1,1,1,0,1,2,18,19,79,2,0,60,67,2
0,0,1,1,17,1,1,2,23,19,79,1,0,76,61,1
0,2,1,1,2,0,1,0,23,19,79,1,1,61,97,2
0,0,1,1,1,0,1,2,18,19,79,1,0,60,67,2
0,0,1,1,17,1,1,2,23,19,79,0,0,76,61,1
0,2,1,1,2,0,1,0,23,19,79,0,1,61,97,2
0,0,1,1,1,0,1,2,18,19,79,0,0,60,67,2
1,2,0,1,20,0,2,1,28,24,69,0,1,61,72,2
1,2,1,1,20,0,0,1,28,24,69,1,1,61,72,2
1,2,1,1,20,0,2,1,28,24,69,1,1,61,72,2
1,2,1,1,20,0,2,1,28,24,69,0,1,61,72,2
0,0,0,1,12,1,1,0,19,25,63,1,0,96,91,2
0,0,1,1,12,1,0,0,19,25,63,1,0,96,91,2
0,2,0,1,15,1,1,2,20,17,83,1,0,87,67,1
0,2,0,1,15,1,1,2,20,17,83,0,0,87,67,1
0,1,0,1,7,1,0,1,19,17,85,2,0,64,81,0
0,0,0,1,8,1,0,0,29,17,85,2,1,53,97,2
0,1,1,1,7,1,0,1,19,17,85,0,0,64,81,0
0,0,1,1,8,1,0,0,29,17,85,0,1,53,97,2
0,1,1,1,7,1,1,1,19,17,85,1,0,64,81,0
0,0,1,1,8,1,1,0,29,17,85,1,1,53,97,2
0,1,1,1,7,1,2,1,19,17,85,1,0,64,81,0
0,0,1,1,8,1,2,0,29,17,85,1,1,53,97,2
0,1,1,1,14,1,0,3,24,18,80,1,1,86,54,2
0,1,1,1,6,1,0,2,24,18,80,1,0,74,61,2
0,2,1,1,9,1,0,1,29,18,80,1,0,90,71,0
0,0,1,1,8,1,0,1,24,18,80,1,0,74,83,0
0,1,1,1,14,1,2,3,24,18,80,1,1,86,54,2
0,1,1,1,6,1,2,2,24,18,80,1,0,74,61,2
0,2,1,1,9,1,2,1,29,18,80,1,0,90,71,0
0,0,1,1,8,1,2,1,24,18,80,1,0,74,83,0
0,3,0,1,15,0,1,1,26,6,93,2,1,83,81,1
0,3,1,0,5,1,0,3,18,11,94,2,1,86,41,2
0,2,1,0,7,1,0,3,22,11,94,2,0,91,40,1
0,1,1,0,6,1,0,3,22,11,94,2,1,75,50,2
0,0,1,0,10,1,0,0,21,11,94,2,1,83,100,2
0,3,1,1,5,1,2,3,18,11,94,2,1,86,41,2
0,2,1,1,7,1,2,3,22,11,94,2,0,91,40,1
0,1,1,1,6,1,2,3,22,11,94,2,1,75,50,2
0,0,1,1,10,1,2,0,21,11,94,2,1,83,100,2
0,3,0,1,5,1,1,3,18,11,94,1,1,86,41,2
0,2,0,1,7,1,1,3,22,11,94,1,0,91,40,1
0,1,0,1,6,1,1,3,22,11,94,1,1,75,50,2
0,0,0,1,10,1,1,0,21,11,94,1,1,83,100,2
1,2,1,1,11,1,2,0,27,28,85,1,1,75,87,2
1,1,1,1,0,0,2,3,22,28,85,1,1,54,43,0
1,2,1,1,11,1,1,0,27,28,85,0,1,75,87,2
1,1,1,1,0,0,1,3,22,28,85,0,1,54,43,0
1,2,0,1,11,1,0,0,27,28,85,0,1,75,87,2
1,1,0,1,0,0,0,3,22,28,85,0,1,54,43,0
0,2,1,1,6,1,2,1,23,30,61,1,1,89,83,2
0,2,1,1,6,1,2,1,23,30,61,0,1,89,83,2
0,3,0,1,2,0,0,3,27,19,88,1,0,77,45,1
0,0,0,1,7,1,0,2,27,19,88,1,0,74,68,2
0,3,0,1,2,0,2,3,27,19,88,1,0,77,45,1
0,0,0,1,7,1,2,2,27,19,88,1,0,74,68,2
1,2,1,1,3,1,2,3,21,38,86,0,1,99,53,0
0,2,0,1,6,1,2,3,28,27,74,1,1,83,45,0
0,1,0,1,6,1,2,2,28,27,74,1,1,66,57,1
0,3,0,1,17,1,2,2,20,27,74,1,1,76,62,1
0,0,0,1,19,1,2,2,19,27,74,1,1,66,69,2
0,2,1,1,6,1,2,3,28,27,74,0,1,83,45,0
0,1,1,1,6,1,2,2,28,27,74,0,1,66,57,1
0,3,1,1,17,1,2,2,20,27,74,0,1,76,62,1
0,0,1,1,19,1,2,2,19,27,74,0,1,66,69,2
0,0,1,1,10,1,1,1,26,14,65,1,1,72,75,2
0,0,1,1,7,0,1,0,20,14,65,1,1,93,96,1
0,0,1,1,10,1,2,1,26,14,65,0,1,72,75,2
0,0,1,1,7,0,2,0,20,14,65,0,1,93,96,1
0,2,1,1,5,0,2,1,19,21,60,0,0,79,76,1
0,3,1,1,11,1,2,3,27,21,60,0,1,50,40,1
0,0,1,1,15,1,2,1,19,21,60,0,0,63,74,2
0,2,1,1,19,1,2,2,18,21,60,0,1,56,63,1
0,2,0,1,5,0,0,1,19,21,60,1,0,79,76,1
0,3,0,1,11,1,0,3,27,21,60,1,1,50,40,1
0,0,0,1,15,1,0,1,19,21,60,1,0,63,74,2
0,2,0,1,19,1,0,2,18,21,60,1,1,56,63,1
1,3,1,1,6,0,1,0,28,15,97,1,0,82,98,0
1,1,1,1,13,1,1,0,24,15,97,1,0,53,97,1
1,0,1,1,19,1,1,3,19,15,97,1,1,69,41,2
1,3,0,1,6,0,2,0,28,15,97,2,0,82,98,0
1,1,0,1,13,1,2,0,24,15,97,2,0,53,97,1
1,0,0,1,19,1,2,3,19,15,97,2,1,69,41,2
0,0,0,1,15,0,2,1,28,11,65,1,0,91,78,0
0,0,0,1,1,1,2,0,21,11,65,1,1,70,97,2
0,0,1,1,15,0,0,1,28,11,65,1,0,91,78,0
0,0,1,1,1,1,0,0,21,11,65,1,1,70,97,2
0,2,1,1,15,1,1,1,18,14,73,1,1,90,75,0
0,1,1,1,18,1,1,3,22,14,73,1,0,81,40,2
0,3,1,1,1,1,1,2,22,14,73,1,1,95,69,1
0,3,1,1,14,0,1,2,28,14,73,1,0,98,68,1
0,3,1,1,12,1,1,1,28,14,73,1,1,60,75,0
0,2,1,1,2,0,1,0,18,14,73,1,0,98,93,2
0,1,1,1,1,0,1,2,28,14,73,1,0,53,68,2
0,2,1,1,15,1,0,1,18,14,73,0,1,90,75,0
0,1,1,1,18,1,0,3,22,14,73,0,0,81,40,2
0,3,1,1,1,1,0,2,22,14,73,0,1,95,69,1
0,3,1,1,14,0,0,2,28,14,73,0,0,98,68,1
0,3,1,1,12,1,0,1,28,14,73,0,1,60,75,0
0,2,1,1,2,0,0,0,18,14,73,0,0,98,93,2
0,1,1,1,1,0,0,2,28,14,73,0,0,53,68,2
0,2,1,1,15,1,2,1,18,14,73,1,1,90,75,0
0,1,1,1,18,1,2,3,22,14,73,1,0,81,40,2
0,3,1,1,1,1,2,2,22,14,73,1,1,95,69,1
0,3,1,1,14,0,2,2,28,14,73,1,0,98,68,1
0,3,1,1,12,1,2,1,28,14,73,1,1,60,75,0
0,2,1,1,2,0,2,0,18,14,73,1,0,98,93,2
0,1,1,1,1,0,2,2,28,14,73,1,0,53,68,2
0,2,0,1,15,1,1,1,18,14,73,2,1,90,75,0
0,1,0,1,18,1,1,3,22,14,73,2,0,81,40,2
0,3,0,1,1,1,1,2,22,14,73,2,1,95,69,1
0,3,0,1,14,0,1,2,28,14,73,2,0,98,68,1
0,3,0,1,12,1,1,1,28,14,73,2,1,60,75,0
0,2,0,1,2,0,1,0,18,14,73,2,0,98,93,2
0,1,0,1,1,0,1,2,28,14,73,2,0,53,68,2
0,2,1,1,15,1,1,1,18,14,73,2,1,90,75,0
0,1,1,1,18,1,1,3,22,14,73,2,0,81,40,2
0,3,1,1,1,1,1,2,22,14,73,2,1,95,69,1
0,3,1,1,14,0,1,2,28,14,73,2,0,98,68,1
0,3,1,1,12,1,1,1,28,14,73,2,1,60,75,0
0,2,1,1,2,0,1,0,18,14,73,2,0,98,93,2
0,1,1,1,1,0,1,2,28,14,73,2,0,53,68,2
0,1,0,1,7,0,2,3,22,30,75,2,1,96,40,1
0,1,0,1,9,1,2,2,22,30,75,2,0,60,63,0
0,0,0,1,14,1,2,0,19,30,75,2,0,77,92,0
0,1,0,1,8,1,2,2,23,30,75,2,1,55,69,0
0,0,0,1,4,1,2,2,22,30,75,2,1,57,64,1
0,1,1,1,5,1,0,2,27,20,61,1,0,68,56,2
0,2,1,1,1,0,0,1,29,20,61,1,1,91,70,0
0,1,1,1,10,1,0,1,25,20,61,1,1,72,82,2
0,2,1,1,20,1,0,0,28,20,61,1,0,69,91,2
0,1,1,1,5,1,0,2,27,20,61,0,0,68,56,2
0,2,1,1,1,0,0,1,29,20,61,0,1,91,70,0
0,1,1,1,10,1,0,1,25,20,61,0,1,72,82,2
0,2,1,1,20,1,0,0,28,20,61,0,0,69,91,2
0,1,1,1,5,1,2,2,27,20,61,1,0,68,56,2
0,2,1,1,1,0,2,1,29,20,61,1,1,91,70,0
0,1,1,1,10,1,2,1,25,20,61,1,1,72,82,2
0,2,1,1,20,1,2,0,28,20,61,1,0,69,91,2
0,1,0,1,5,1,2,2,27,20,61,1,0,68,56,2
0,2,0,1,1,0,2,1,29,20,61,1,1,91,70,0
0,1,0,1,10,1,2,1,25,20,61,1,1,72,82,2
0,2,0,1,20,1,2,0,28,20,61,1,0,69,91,2
1,0,1,1,1,0,0,1,29,15,73,1,1,59,78,2
1,0,0,1,1,0,2,1,29,15,73,0,1,59,78,2
1,0,1,1,1,0,2,1,29,15,73,1,1,59,78,2
1,0,0,1,1,0,2,1,29,15,73,1,1,59,78,2
1,0,0,0,1,0,2,1,29,15,73,0,1,59,78,2
1,0,1,1,11,0,1,1,28,29,92,2,0,99,83,1
1,1,1,1,12,1,1,3,20,29,92,2,1,55,49,1
1,0,1,1,11,0,0,1,28,29,92,1,0,99,83,1
1,1,1,1,12,1,0,3,20,29,92,1,1,55,49,1
1,0,0,1,11,0,2,1,28,29,92,0,0,99,83,1
1,1,0,1,12,1,2,3,20,29,92,0,1,55,49,1
1,2,1,1,16,0,1,3,18,23,88,1,1,86,45,1
1,3,1,1,11,0,1,0,23,23,88,1,0,84,93,2
1,1,1,1,3,1,1,0,25,23,88,1,0,91,91,0
1,0,1,1,8,0,1,0,29,23,88,1,1,81,96,1
1,2,0,1,16,0,1,3,18,23,88,1,1,86,45,1
1,3,0,1,11,0,1,0,23,23,88,1,0,84,93,2
1,1,0,1,3,1,1,0,25,23,88,1,0,91,91,0
1,0,0,1,8,0,1,0,29,23,88,1,1,81,96,1
1,2,0,0,16,0,2,3,18,23,88,0,1,86,45,1
1,3,0,0,11,0,2,0,23,23,88,0,0,84,93,2
1,1,0,0,3,1,2,0,25,23,88,0,0,91,91,0
1,0,0,0,8,0,2,0,29,23,88,0,1,81,96,1
1,2,1,1,16,0,0,3,18,23,88,1,1,86,45,1
1,3,1,1,11,0,0,0,23,23,88,1,0,84,93,2
1,1,1,1,3,1,0,0,25,23,88,1,0,91,91,0
1,0,1,1,8,0,0,0,29,23,88,1,1,81,96,1
1,2,1,1,16,0,1,3,18,23,88,0,1,86,45,1
1,3,1,1,11,0,1,0,23,23,88,0,0,84,93,2
1,1,1,1,3,1,1,0,25,23,88,0,0,91,91,0
1,0,1,1,8,0,1,0,29,23,88,0,1,81,96,1
1,3,1,1,19,0,2,3,25,14,89,1,1,88,51,2
1,0,1,1,7,1,2,2,19,14,89,1,1,74,65,1
1,3,0,1,19,0,2,3,25,14,89,0,1,88,51,2
1,0,0,1,7,1,2,2,19,14,89,0,1,74,65,1
1,3,1,1,19,0,2,3,25,14,89,0,1,88,51,2
1,0,1,1,7,1,2,2,19,14,89,0,1,74,65,1
1,3,1,1,19,0,1,3,25,14,89,2,1,88,51,2
1,0,1,1,7,1,1,2,19,14,89,2,1,74,65,1
0,1,0,1,8,1,2,0,21,15,72,1,0,97,95,2
0,1,0,1,6,0,2,2,28,15,72,1,1,73,57,1
0,3,0,1,1,0,2,1,20,15,72,1,1,99,73,1
0,0,0,1,0,0,2,0,23,15,72,1,1,70,86,2
0,1,1,1,8,1,1,0,21,15,72,2,0,97,95,2
0,1,1,1,6,0,1,2,28,15,72,2,1,73,57,1
0,3,1,1,1,0,1,1,20,15,72,2,1,99,73,1
0,0,1,1,0,0,1,0,23,15,72,2,1,70,86,2
0,1,1,1,8,1,0,0,21,15,72,1,0,97,95,2
0,1,1,1,6,0,0,2,28,15,72,1,1,73,57,1
0,3,1,1,1,0,0,1,20,15,72,1,1,99,73,1
0,0,1,1,0,0,0,0,23,15,72,1,1,70,86,2
1,2,1,1,12,1,0,1,22,12,64,2,0,64,84,1
1,3,1,1,17,1,0,0,23,12,64,2,0,54,88,2
1,1,1,1,1,1,0,3,23,12,64,2,0,86,51,2
1,2,0,1,12,1,0,1,22,12,64,1,0,64,84,1
1,3,0,1,17,1,0,0,23,12,64,1,0,54,88,2
1,1,0,1,1,1,0,3,23,12,64,1,0,86,51,2
1,2,0,0,12,1,1,1,22,12,64,0,0,64,84,1
1,3,0,0,17,1,1,0,23,12,64,0,0,54,88,2
1,1,0,0,1,1,1,3,23,12,64,0,0,86,51,2
1,2,1,0,12,1,2,1,22,12,64,1,0,64,84,1
1,3,1,0,17,1,2,0,23,12,64,1,0,54,88,2
1,1,1,0,1,1,2,3,23,12,64,1,0,86,51,2
1,1,1,1,19,1,0,2,19,31,93,1,0,62,66,1
1,0,1,1,18,0,0,0,18,31,93,1,1,89,94,1
1,2,1,1,7,0,0,2,23,31,93,1,1,62,66,2
1,1,0,1,19,1,0,2,19,31,93,0,0,62,66,1
1,0,0,1,18,0,0,0,18,31,93,0,1,89,94,1
1,2,0,1,7,0,0,2,23,31,93,0,1,62,66,2
1,1,0,1,19,1,1,2,19,31,93,1,0,62,66,1
1,0,0,1,18,0,1,0,18,31,93,1,1,89,94,1
1,2,0,1,7,0,1,2,23,31,93,1,1,62,66,2
0,2,0,1,15,1,1,1,22,12,99,0,0,92,72,0
0,0,0,1,19,1,1,0,23,12,99,0,1,56,85,0
0,2,0,1,15,1,2,1,22,12,99,1,0,92,72,0
0,0,0,1,19,1,2,0,23,12,99,1,1,56,85,0
0,2,1,1,15,1,1,1,22,12,99,0,0,92,72,0
0,0,1,1,19,1,1,0,23,12,99,0,1,56,85,0
0,3,1,1,4,0,1,3,20,23,80,0,0,54,47,2
0,1,1,1,15,1,1,1,21,23,80,0,1,97,79,2
0,1,1,1,15,0,1,2,19,23,80,0,0,83,68,2
0,2,1,1,9,0,1,1,29,23,80,0,1,73,81,0
0,3,1,1,4,0,0,3,20,23,80,1,0,54,47,2
0,1,1,1,15,1,0,1,21,23,80,1,1,97,79,2
0,1,1,1,15,0,0,2,19,23,80,1,0,83,68,2
0,2,1,1,9,0,0,1,29,23,80,1,1,73,81,0
0,3,1,1,4,0,0,3,20,23,80,2,0,54,47,2
0,1,1,1,15,1,0,1,21,23,80,2,1,97,79,2
0,1,1,1,15,0,0,2,19,23,80,2,0,83,68,2
0,2,1,1,9,0,0,1,29,23,80,2,1,73,81,0
0,3,0,1,4,0,1,3,20,23,80,0,0,54,47,2
0,1,0,1,15,1,1,1,21,23,80,0,1,97,79,2
0,1,0,1,15,0,1,2,19,23,80,0,0,83,68,2
0,2,0,1,9,0,1,1,29,23,80,0,1,73,81,0
0,1,1,1,0,1,1,1,21,16,60,0,1,58,77,2
0,2,1,1,3,0,1,2,19,16,60,0,1,72,57,0
0,3,1,1,5,0,1,3,25,16,60,0,1,99,46,1
0,1,0,1,0,1,2,1,21,16,60,0,1,58,77,2
0,2,0,1,3,0,2,2,19,16,60,0,1,72,57,0
0,3,0,1,5,0,2,3,25,16,60,0,1,99,46,1
0,0,1,1,4,1,0,2,27,20,63,0,1,99,60,2
0,0,1,1,11,0,0,3,21,20,63,0,0,98,50,0
0,3,1,1,16,1,0,2,26,20,63,0,1,83,68,2
0,0,1,1,4,1,0,2,27,20,63,1,1,99,60,2
0,0,1,1,11,0,0,3,21,20,63,1,0,98,50,0
0,3,1,1,16,1,0,2,26,20,63,1,1,83,68,2
0,0,1,0,4,1,1,2,27,20,63,1,1,99,60,2
0,0,1,0,11,0,1,3,21,20,63,1,0,98,50,0
0,3,1,0,16,1,1,2,26,20,63,1,1,83,68,2
0,0,0,1,4,1,0,2,27,20,63,0,1,99,60,2
0,0,0,1,11,0,0,3,21,20,63,0,0,98,50,0
0,3,0,1,16,1,0,2,26,20,63,0,1,83,68,2
0,0,1,1,4,1,1,2,27,20,63,0,1,99,60,2
0,0,1,1,11,0,1,3,21,20,63,0,0,98,50,0
0,3,1,1,16,1,1,2,26,20,63,0,1,83,68,2
0,2,1,1,9,1,2,2,25,15,98,0,0,87,64,1
0,2,1,1,20,1,2,2,18,15,98,0,0,58,67,2
0,2,0,0,9,1,0,2,25,15,98,0,0,87,64,1
0,2,0,0,20,1,0,2,18,15,98,0,0,58,67,2
0,2,0,1,9,1,2,2,25,15,98,1,0,87,64,1
0,2,0,1,20,1,2,2,18,15,98,1,0,58,67,2
0,2,1,1,9,1,1,2,25,15,98,1,0,87,64,1
0,2,1,1,20,1,1,2,18,15,98,1,0,58,67,2
0,2,1,1,9,1,1,2,25,15,98,2,0,87,64,1
0,2,1,1,20,1,1,2,18,15,98,2,0,58,67,2
0,2,1,1,9,1,2,2,25,15,98,1,0,87,64,1
0,2,1,1,20,1,2,2,18,15,98,1,0,58,67,2
1,2,0,1,6,1,1,2,23,22,75,0,0,99,60,2
1,0,0,1,0,0,1,1,18,22,75,0,1,93,84,0
1,2,1,1,6,1,2,2,23,22,75,0,0,99,60,2
1,0,1,1,0,0,2,1,18,22,75,0,1,93,84,0
1,2,1,1,6,1,0,2,23,22,75,0,0,99,60,2
1,0,1,1,0,0,0,1,18,22,75,0,1,93,84,0
1,2,1,1,6,1,1,2,23,22,75,0,0,99,60,2
1,0,1,1,0,0,1,1,18,22,75,0,1,93,84,0
1,2,1,1,6,1,1,2,23,22,75,2,0,99,60,2
1,0,1,1,0,0,1,1,18,22,75,2,1,93,84,0
1,2,0,1,6,1,2,2,23,22,75,0,0,99,60,2
1,0,0,1,0,0,2,1,18,22,75,0,1,93,84,0
1,3,1,1,18,0,0,3,22,15,90,0,1,55,43,2
1,0,1,1,13,1,0,0,28,15,90,0,1,81,96,2
1,3,0,1,18,0,1,3,22,15,90,1,1,55,43,2
1,0,0,1,13,1,1,0,28,15,90,1,1,81,96,2
0,1,1,1,10,0,0,0,24,17,84,2,1,85,94,2
0,3,1,1,2,0,0,2,27,17,84,2,1,84,68,2
0,0,1,1,13,1,0,2,18,17,84,2,0,88,65,0
0,2,1,1,10,1,0,0,22,17,84,2,1,54,90,2
0,3,1,1,3,1,0,3,22,17,84,2,0,77,49,1
0,1,1,1,10,0,1,0,24,17,84,0,1,85,94,2
0,3,1,1,2,0,1,2,27,17,84,0,1,84,68,2
0,0,1,1,13,1,1,2,18,17,84,0,0,88,65,0
0,2,1,1,10,1,1,0,22,17,84,0,1,54,90,2
0,3,1,1,3,1,1,3,22,17,84,0,0,77,49,1
0,1,0,1,10,0,2,0,24,17,84,1,1,85,94,2
0,3,0,1,2,0,2,2,27,17,84,1,1,84,68,2
0,0,0,1,13,1,2,2,18,17,84,1,0,88,65,0
0,2,0,1,10,1,2,0,22,17,84,1,1,54,90,2
0,3,0,1,3,1,2,3,22,17,84,1,0,77,49,1
0,1,1,1,10,0,2,0,24,17,84,1,1,85,94,2
0,3,1,1,2,0,2,2,27,17,84,1,1,84,68,2
0,0,1,1,13,1,2,2,18,17,84,1,0,88,65,0
0,2,1,1,10,1,2,0,22,17,84,1,1,54,90,2
0,3,1,1,3,1,2,3,22,17,84,1,0,77,49,1
0,2,0,1,8,1,2,1,18,25,85,2,1,69,70,2
0,0,0,1,14,1,2,3,21,25,85,2,0,96,50,2
0,0,0,1,15,1,2,1,24,25,85,2,1,78,76,1
0,2,0,1,8,1,1,1,18,25,85,0,1,69,70,2
0,0,0,1,14,1,1,3,21,25,85,0,0,96,50,2
0,0,0,1,15,1,1,1,24,25,85,0,1,78,76,1
0,2,1,1,8,1,1,1,18,25,85,1,1,69,70,2
0,0,1,1,14,1,1,3,21,25,85,1,0,96,50,2
0,0,1,1,15,1,1,1,24,25,85,1,1,78,76,1
0,2,0,1,8,1,2,1,18,25,85,1,1,69,70,2
0,0,0,1,14,1,2,3,21,25,85,1,0,96,50,2
0,0,0,1,15,1,2,1,24,25,85,1,1,78,76,1
0,0,1,1,14,1,1,0,20,23,86,0,1,81,85,2
0,0,1,1,14,1,2,0,20,23,86,0,1,81,85,2
0,0,1,1,14,1,2,0,20,23,86,1,1,81,85,2
0,0,0,1,14,1,1,0,20,23,86,0,1,81,85,2
0,0,1,1,14,1,1,0,20,23,86,2,1,81,85,2
0,0,0,1,14,1,2,0,20,23,86,0,1,81,85,2
1,1,0,1,15,1,1,2,19,14,85,0,1,58,56,0
1,0,0,1,15,1,1,2,23,14,85,0,0,88,65,2
1,3,0,1,17,1,1,0,19,14,85,0,0,73,87,2
1,1,1,1,15,1,1,2,19,14,85,0,1,58,56,0
1,0,1,1,15,1,1,2,23,14,85,0,0,88,65,2
1,3,1,1,17,1,1,0,19,14,85,0,0,73,87,2
1,1,1,1,15,1,2,2,19,14,85,1,1,58,56,0
1,0,1,1,15,1,2,2,23,14,85,1,0,88,65,2
1,3,1,1,17,1,2,0,19,14,85,1,0,73,87,2
1,1,1,1,15,1,0,2,19,14,85,1,1,58,56,0
1,0,1,1,15,1,0,2,23,14,85,1,0,88,65,2
1,3,1,1,17,1,0,0,19,14,85,1,0,73,87,2
1,1,0,1,15,1,1,2,19,14,85,1,1,58,56,0
1,0,0,1,15,1,1,2,23,14,85,1,0,88,65,2
1,3,0,1,17,1,1,0,19,14,85,1,0,73,87,2
1,0,0,1,19,1,1,3,25,21,82,1,1,78,46,2
1,1,0,1,19,1,1,0,19,21,82,1,1,80,91,0
1,0,1,1,19,1,0,3,25,21,82,2,1,78,46,2
1,1,1,1,19,1,0,0,19,21,82,2,1,80,91,0
1,0,1,1,19,1,2,3,25,21,82,0,1,78,46,2
1,1,1,1,19,1,2,0,19,21,82,0,1,80,91,0
1,0,0,1,19,1,2,3,25,21,82,1,1,78,46,2
1,1,0,1,19,1,2,0,19,21,82,1,1,80,91,0
1,0,0,1,19,1,2,3,25,21,82,2,1,78,46,2
1,1,0,1,19,1,2,0,19,21,82,2,1,80,91,0
1,3,1,1,3,1,1,0,19,25,99,2,0,99,97,2
1,1,1,1,15,0,1,3,18,25,99,2,0,80,48,1
1,3,0,0,3,1,1,0,19,25,99,1,0,99,97,2
1,1,0,0,15,0,1,3,18,25,99,1,0,80,48,1
1,3,0,1,3,1,1,0,19,25,99,1,0,99,97,2
1,1,0,1,15,0,1,3,18,25,99,1,0,80,48,1
1,3,0,1,3,1,2,0,19,25,99,1,0,99,97,2
1,1,0,1,15,0,2,3,18,25,99,1,0,80,48,1
1,3,0,1,3,1,2,0,19,25,99,2,0,99,97,2
1,1,0,1,15,0,2,3,18,25,99,2,0,80,48,1
1,3,1,1,3,1,1,0,19,25,99,1,0,99,97,2
1,1,1,1,15,0,1,3,18,25,99,1,0,80,48,1
1,2,1,1,9,0,0,2,20,10,89,0,1,70,58,0
1,3,1,1,13,1,0,2,27,10,89,0,0,82,57,0
1,3,1,1,5,1,0,0,21,10,89,0,1,62,94,0
1,2,1,1,9,0,1,2,20,10,89,1,1,70,58,0
1,3,1,1,13,1,1,2,27,10,89,1,0,82,57,0
1,3,1,1,5,1,1,0,21,10,89,1,1,62,94,0
0,1,1,1,1,1,0,2,23,16,95,0,0,91,59,2
0,2,1,1,10,0,0,0,29,16,95,0,0,66,89,1
0,1,0,1,1,1,0,2,23,16,95,0,0,91,59,2
0,2,0,1,10,0,0,0,29,16,95,0,0,66,89,1
0,1,1,1,1,1,1,2,23,16,95,2,0,91,59,2
0,2,1,1,10,0,1,0,29,16,95,2,0,66,89,1
0,1,0,0,1,1,0,2,23,16,95,0,0,91,59,2
0,2,0,0,10,0,0,0,29,16,95,0,0,66,89,1
0,1,0,1,1,1,0,2,23,16,95,1,0,91,59,2
0,2,0,1,10,0,0,0,29,16,95,1,0,66,89,1
1,3,1,1,18,1,2,1,18,23,69,1,1,69,80,2
1,3,1,1,18,1,1,1,18,23,69,1,1,69,80,2
1,3,1,1,18,1,0,1,18,23,69,2,1,69,80,2
1,3,1,0,18,1,0,1,18,23,69,0,1,69,80,2
0,2,0,1,4,1,0,1,28,15,63,0,1,93,78,1
1,1,0,1,0,1,0,3,23,9,79,2,0,69,53,1
1,1,0,1,2,1,0,2,19,9,79,2,1,91,58,1
1,1,0,1,2,1,0,2,24,9,79,2,0,81,66,1
0,1,1,0,15,0,1,1,23,10,81,1,0,64,82,2
0,1,1,0,13,1,1,0,21,10,81,1,1,90,94,2
0,3,1,0,1,1,1,3,27,10,81,1,1,52,50,0
0,1,1,0,13,0,1,2,29,10,81,1,0,93,61,1
0,1,1,1,15,0,2,1,23,10,81,1,0,64,82,2
0,1,1,1,13,1,2,0,21,10,81,1,1,90,94,2
0,3,1,1,1,1,2,3,27,10,81,1,1,52,50,0
0,1,1,1,13,0,2,2,29,10,81,1,0,93,61,1
1,1,1,1,0,0,2,3,19,20,93,1,0,65,54,2
1,1,1,1,16,1,2,0,23,20,93,1,1,55,99,0
1,2,1,1,6,0,2,2,23,20,93,1,1,65,56,2
1,3,1,1,19,1,2,3,23,20,93,1,1,51,47,1
1,1,1,1,0,0,1,3,19,20,93,0,0,65,54,2
1,1,1,1,16,1,1,0,23,20,93,0,1,55,99,0
1,2,1,1,6,0,1,2,23,20,93,0,1,65,56,2
1,3,1,1,19,1,1,3,23,20,93,0,1,51,47,1
1,1,1,1,0,0,0,3,19,20,93,1,0,65,54,2
1,1,1,1,16,1,0,0,23,20,93,1,1,55,99,0
1,2,1,1,6,0,0,2,23,20,93,1,1,65,56,2
1,3,1,1,19,1,0,3,23,20,93,1,1,51,47,1
1,1,1,1,0,0,1,3,19,20,93,1,0,65,54,2
1,1,1,1,16,1,1,0,23,20,93,1,1,55,99,0
1,2,1,1,6,0,1,2,23,20,93,1,1,65,56,2
1,3,1,1,19,1,1,3,23,20,93,1,1,51,47,1
1,1,0,1,0,0,2,3,19,20,93,1,0,65,54,2
1,1,0,1,16,1,2,0,23,20,93,1,1,55,99,0
1,2,0,1,6,0,2,2,23,20,93,1,1,65,56,2
1,3,0,1,19,1,2,3,23,20,93,1,1,51,47,1
1,1,0,1,0,0,1,3,19,20,93,2,0,65,54,2
1,1,0,1,16,1,1,0,23,20,93,2,1,55,99,0
1,2,0,1,6,0,1,2,23,20,93,2,1,65,56,2
1,3,0,1,19,1,1,3,23,20,93,2,1,51,47,1
1,1,0,1,0,0,0,3,19,20,93,1,0,65,54,2
1,1,0,1,16,1,0,0,23,20,93,1,1,55,99,0
1,2,0,1,6,0,0,2,23,20,93,1,1,65,56,2
1,3,0,1,19,1,0,3,23,20,93,1,1,51,47,1
1,3,1,1,5,0,1,2,19,22,78,0,1,95,60,2
1,3,1,1,20,1,1,1,27,22,78,0,1,58,73,1
1,3,1,1,2,0,1,2,22,22,78,0,0,87,65,0
1,3,1,1,5,0,2,2,19,22,78,1,1,95,60,2
1,3,1,1,20,1,2,1,27,22,78,1,1,58,73,1
1,3,1,1,2,0,2,2,22,22,78,1,0,87,65,0
1,3,0,1,5,0,1,2,19,22,78,1,1,95,60,2
1,3,0,1,20,1,1,1,27,22,78,1,1,58,73,1
1,3,0,1,2,0,1,2,22,22,78,1,0,87,65,0
1,3,1,1,5,0,1,2,19,22,78,1,1,95,60,2
1,3,1,1,20,1,1,1,27,22,78,1,1,58,73,1
1,3,1,1,2,0,1,2,22,22,78,1,0,87,65,0
1,3,0,1,5,0,2,2,19,22,78,0,1,95,60,2
1,3,0,1,20,1,2,1,27,22,78,0,1,58,73,1
1,3,0,1,2,0,2,2,22,22,78,0,0,87,65,0
1,3,1,1,5,0,2,2,19,22,78,0,1,95,60,2
1,3,1,1,20,1,2,1,27,22,78,0,1,58,73,1
1,3,1,1,2,0,2,2,22,22,78,0,0,87,65,0
1,3,0,1,5,0,0,2,19,22,78,2,1,95,60,2
1,3,0,1,20,1,0,1,27,22,78,2,1,58,73,1
1,3,0,1,2,0,0,2,22,22,78,2,0,87,65,0
0,0,0,1,13,1,0,3,25,24,81,1,0,64,43,2
0,2,0,1,5,0,0,1,20,24,81,1,1,97,83,1
1,1,0,1,5,1,0,3,27,10,62,2,0,97,51,1
1,1,0,1,0,1,0,2,20,10,62,2,1,60,68,2
1,2,0,1,7,0,0,1,20,10,62,2,1,95,83,1
1,1,0,1,2,0,0,2,24,10,62,2,0,98,65,1
1,2,0,1,6,1,0,2,23,10,62,2,0,79,59,2
1,1,0,1,5,1,1,3,27,10,62,2,0,97,51,1
1,1,0,1,0,1,1,2,20,10,62,2,1,60,68,2
1,2,0,1,7,0,1,1,20,10,62,2,1,95,83,1
1,1,0,1,2,0,1,2,24,10,62,2,0,98,65,1
1,2,0,1,6,1,1,2,23,10,62,2,0,79,59,2
1,1,0,1,5,1,2,3,27,10,62,1,0,97,51,1
1,1,0,1,0,1,2,2,20,10,62,1,1,60,68,2
1,2,0,1,7,0,2,1,20,10,62,1,1,95,83,1
1,1,0,1,2,0,2,2,24,10,62,1,0,98,65,1
1,2,0,1,6,1,2,2,23,10,62,1,0,79,59,2
1,1,0,1,13,1,1,3,25,20,85,2,1,52,53,1
1,2,0,1,1,1,1,2,28,20,85,2,0,98,67,2
1,3,0,1,16,1,1,1,28,20,85,2,1,50,75,2
1,2,0,1,18,1,1,1,20,20,85,2,0,97,81,1
1,3,0,1,16,1,1,3,22,20,85,2,1,54,41,1
1,1,1,1,13,1,1,3,25,20,85,0,1,52,53,1
1,2,1,1,1,1,1,2,28,20,85,0,0,98,67,2
1,3,1,1,16,1,1,1,28,20,85,0,1,50,75,2
1,2,1,1,18,1,1,1,20,20,85,0,0,97,81,1
1,3,1,1,16,1,1,3,22,20,85,0,1,54,41,1
1,1,0,1,13,1,0,3,25,20,85,0,1,52,53,1
1,2,0,1,1,1,0,2,28,20,85,0,0,98,67,2
1,3,0,1,16,1,0,1,28,20,85,0,1,50,75,2
1,2,0,1,18,1,0,1,20,20,85,0,0,97,81,1
1,3,0,1,16,1,0,3,22,20,85,0,1,54,41,1
1,1,1,1,13,1,0,3,25,20,85,1,1,52,53,1
1,2,1,1,1,1,0,2,28,20,85,1,0,98,67,2
1,3,1,1,16,1,0,1,28,20,85,1,1,50,75,2
1,2,1,1,18,1,0,1,20,20,85,1,0,97,81,1
1,3,1,1,16,1,0,3,22,20,85,1,1,54,41,1
1,1,0,1,13,1,1,3,25,20,85,0,1,52,53,1
1,2,0,1,1,1,1,2,28,20,85,0,0,98,67,2
1,3,0,1,16,1,1,1,28,20,85,0,1,50,75,2
1,2,0,1,18,1,1,1,20,20,85,0,0,97,81,1
1,3,0,1,16,1,1,3,22,20,85,0,1,54,41,1
1,3,1,1,1,1,0,3,23,13,93,2,0,99,53,2
1,3,1,1,20,1,0,1,23,13,93,2,1,94,75,0
1,3,1,1,15,1,0,0,23,13,93,2,1,58,96,2
1,1,1,1,7,0,0,3,29,13,93,2,1,89,41,1
1,3,1,1,1,1,2,3,23,13,93,1,0,99,53,2
1,3,1,1,20,1,2,1,23,13,93,1,1,94,75,0
1,3,1,1,15,1,2,0,23,13,93,1,1,58,96,2
1,1,1,1,7,0,2,3,29,13,93,1,1,89,41,1
1,3,0,1,1,1,2,3,23,13,93,0,0,99,53,2
1,3,0,1,20,1,2,1,23,13,93,0,1,94,75,0
1,3,0,1,15,1,2,0,23,13,93,0,1,58,96,2
1,1,0,1,7,0,2,3,29,13,93,0,1,89,41,1
0,2,1,1,7,1,2,2,21,20,84,2,1,83,66,1
0,2,1,1,7,1,2,2,21,20,84,1,1,83,66,1
0,2,0,1,7,1,0,2,21,20,84,1,1,83,66,1
0,2,0,1,7,1,0,2,21,20,84,0,1,83,66,1
1,1,0,1,7,1,2,0,26,15,84,0,0,59,95,2
1,0,0,1,15,0,2,1,19,15,84,0,1,82,79,2
1,2,0,1,2,0,2,2,26,15,84,0,0,74,65,1
1,1,0,1,4,1,2,2,22,15,84,0,1,54,69,1
1,1,0,1,7,1,1,0,26,15,84,1,0,59,95,2
1,0,0,1,15,0,1,1,19,15,84,1,1,82,79,2
1,2,0,1,2,0,1,2,26,15,84,1,0,74,65,1
1,1,0,1,4,1,1,2,22,15,84,1,1,54,69,1
1,1,1,1,7,1,0,0,26,15,84,1,0,59,95,2
1,0,1,1,15,0,0,1,19,15,84,1,1,82,79,2
1,2,1,1,2,0,0,2,26,15,84,1,0,74,65,1
1,1,1,1,4,1,0,2,22,15,84,1,1,54,69,1
1,3,1,1,9,1,0,2,25,18,67,0,1,78,56,2
1,0,1,1,4,1,0,0,19,18,67,0,0,76,100,2
1,3,1,1,9,1,2,2,25,18,67,1,1,78,56,2
1,0,1,1,4,1,2,0,19,18,67,1,0,76,100,2
1,3,0,1,9,1,0,2,25,18,67,0,1,78,56,2
1,0,0,1,4,1,0,0,19,18,67,0,0,76,100,2
1,3,0,1,9,1,1,2,25,18,67,2,1,78,56,2
1,0,0,1,4,1,1,0,19,18,67,2,0,76,100,2
1,3,1,1,9,1,1,2,25,18,67,2,1,78,56,2
1,0,1,1,4,1,1,0,19,18,67,2,0,76,100,2
1,1,0,1,8,1,2,3,27,17,99,1,1,81,43,1
1,2,0,1,8,1,2,1,27,17,99,1,1,99,74,2
1,1,0,0,8,1,1,3,27,17,99,0,1,81,43,1
1,2,0,0,8,1,1,1,27,17,99,0,1,99,74,2
1,1,0,1,8,1,1,3,27,17,99,0,1,81,43,1
1,2,0,1,8,1,1,1,27,17,99,0,1,99,74,2
1,1,1,1,8,1,1,3,27,17,99,1,1,81,43,1
1,2,1,1,8,1,1,1,27,17,99,1,1,99,74,2
1,2,0,1,7,0,0,1,25,13,69,1,0,66,77,2
1,3,0,1,7,1,0,1,19,13,69,1,1,91,75,0
1,1,0,1,9,1,0,2,25,13,69,1,0,62,55,2
1,2,0,1,7,0,2,1,25,13,69,0,0,66,77,2
1,3,0,1,7,1,2,1,19,13,69,0,1,91,75,0
1,1,0,1,9,1,2,2,25,13,69,0,0,62,55,2
0,2,1,1,16,1,1,0,27,23,67,1,0,70,93,0
0,2,0,1,16,1,1,0,27,23,67,2,0,70,93,0
0,2,1,1,16,1,2,0,27,23,67,1,0,70,93,0
0,2,1,1,16,1,2,0,27,23,67,0,0,70,93,0
0,2,0,1,16,1,0,0,27,23,67,1,0,70,93,0
1,0,1,1,20,1,2,2,23,29,87,2,1,69,59,0
1,2,1,1,9,1,1,2,20,5,84,2,1,74,65,2
1,2,1,0,9,1,1,2,20,5,84,0,1,74,65,2
0,2,1,0,13,0,0,3,21,19,96,0,1,72,54,0
0,0,1,0,4,1,0,2,20,19,96,0,1,62,65,1
0,0,1,0,1,0,0,1,24,19,96,0,0,66,72,2
0,2,1,0,15,1,0,1,29,19,96,0,1,98,73,1
0,2,0,1,13,0,1,3,21,19,96,2,1,72,54,0
0,0,0,1,4,1,1,2,20,19,96,2,1,62,65,1
0,0,0,1,1,0,1,1,24,19,96,2,0,66,72,2
0,2,0,1,15,1,1,1,29,19,96,2,1,98,73,1
0,2,1,1,13,0,1,3,21,19,96,2,1,72,54,0
0,0,1,1,4,1,1,2,20,19,96,2,1,62,65,1
0,0,1,1,1,0,1,1,24,19,96,2,0,66,72,2
0,2,1,1,15,1,1,1,29,19,96,2,1,98,73,1
1,0,1,1,13,1,2,3,27,19,76,0,1,83,54,2
1,2,1,1,3,1,2,0,21,19,76,0,0,72,90,1
1,0,0,1,13,1,0,3,27,19,76,1,1,83,54,2
1,2,0,1,3,1,0,0,21,19,76,1,0,72,90,1
1,0,1,1,13,1,1,3,27,19,76,1,1,83,54,2
1,2,1,1,3,1,1,0,21,19,76,1,0,72,90,1
1,0,1,1,13,1,0,3,27,19,76,1,1,83,54,2
1,2,1,1,3,1,0,0,21,19,76,1,0,72,90,1
0,2,0,1,1,1,1,0,19,27,95,2,1,63,91,0
0,2,0,1,1,1,2,0,19,27,95,2,1,63,91,0
0,2,1,1,1,1,1,0,19,27,95,2,1,63,91,0
0,2,1,1,1,1,2,0,19,27,95,2,1,63,91,0
1,1,1,1,3,1,2,0,29,22,97,1,1,73,89,1
1,0,1,1,5,0,2,1,20,22,97,1,1,79,77,2
1,2,1,1,8,1,2,2,26,22,97,1,1,66,65,2
1,1,1,1,3,1,1,0,29,22,97,2,1,73,89,1
1,0,1,1,5,0,1,1,20,22,97,2,1,79,77,2
1,2,1,1,8,1,1,2,26,22,97,2,1,66,65,2
1,1,0,1,3,1,1,0,29,22,97,2,1,73,89,1
1,0,0,1,5,0,1,1,20,22,97,2,1,79,77,2
1,2,0,1,8,1,1,2,26,22,97,2,1,66,65,2
1,1,0,1,3,1,1,0,29,22,97,1,1,73,89,1
1,0,0,1,5,0,1,1,20,22,97,1,1,79,77,2
1,2,0,1,8,1,1,2,26,22,97,1,1,66,65,2
1,1,1,0,3,1,1,0,29,22,97,1,1,73,89,1
1,0,1,0,5,0,1,1,20,22,97,1,1,79,77,2
1,2,1,0,8,1,1,2,26,22,97,1,1,66,65,2
1,1,1,1,3,1,1,0,29,22,97,1,1,73,89,1
1,0,1,1,5,0,1,1,20,22,97,1,1,79,77,2
1,2,1,1,8,1,1,2,26,22,97,1,1,66,65,2
1,0,1,1,13,0,1,0,27,22,72,1,0,50,87,1
1,0,0,1,13,0,1,0,27,22,72,0,0,50,87,1
1,0,1,1,13,0,0,0,27,22,72,2,0,50,87,1
1,0,0,0,13,0,2,0,27,22,72,0,0,50,87,1
1,2,1,1,6,1,1,2,28,18,95,0,1,55,57,0
1,2,1,1,11,0,1,0,29,18,95,0,1,53,99,2
1,1,1,1,4,0,1,3,18,18,95,0,0,85,51,2
1,2,1,1,6,1,1,2,28,18,95,2,1,55,57,0
1,2,1,1,11,0,1,0,29,18,95,2,1,53,99,2
1,1,1,1,4,0,1,3,18,18,95,2,0,85,51,2
1,2,0,1,6,1,2,2,28,18,95,1,1,55,57,0
1,2,0,1,11,0,2,0,29,18,95,1,1,53,99,2
1,1,0,1,4,0,2,3,18,18,95,1,0,85,51,2
1,2,1,1,6,1,2,2,28,18,95,2,1,55,57,0
1,2,1,1,11,0,2,0,29,18,95,2,1,53,99,2
1,1,1,1,4,0,2,3,18,18,95,2,0,85,51,2
1,3,0,1,11,1,1,1,23,17,91,2,0,94,81,2
1,2,0,1,20,1,1,1,28,17,91,2,0,54,75,2
1,3,1,1,11,1,1,1,23,17,91,1,0,94,81,2
1,2,1,1,20,1,1,1,28,17,91,1,0,54,75,2
1,3,1,1,11,1,0,1,23,17,91,0,0,94,81,2
1,2,1,1,20,1,0,1,28,17,91,0,0,54,75,2
1,3,1,1,11,1,0,1,23,17,91,1,0,94,81,2
1,2,1,1,20,1,0,1,28,17,91,1,0,54,75,2
0,1,1,1,1,1,2,2,22,22,71,2,1,59,61,2
0,1,1,1,19,1,2,0,22,22,71,2,1,73,97,2
0,1,1,1,12,1,2,2,28,22,71,2,0,51,57,2
0,1,0,0,1,1,1,2,22,22,71,1,1,59,61,2
0,1,0,0,19,1,1,0,22,22,71,1,1,73,97,2
0,1,0,0,12,1,1,2,28,22,71,1,0,51,57,2
0,1,1,1,1,1,1,2,22,22,71,0,1,59,61,2
0,1,1,1,19,1,1,0,22,22,71,0,1,73,97,2
0,1,1,1,12,1,1,2,28,22,71,0,0,51,57,2
0,1,1,1,1,1,0,2,22,22,71,0,1,59,61,2
0,1,1,1,19,1,0,0,22,22,71,0,1,73,97,2
0,1,1,1,12,1,0,2,28,22,71,0,0,51,57,2
0,0,0,1,17,1,2,0,22,25,60,1,1,55,90,0
0,0,1,1,17,1,2,0,22,25,60,1,1,55,90,0
1,2,0,0,8,1,1,0,23,27,74,2,0,58,98,1
1,2,0,0,13,1,1,2,28,27,74,2,0,84,61,0
1,0,0,0,2,1,1,3,21,27,74,2,1,54,44,0
1,2,1,0,8,1,0,0,23,27,74,2,0,58,98,1
1,2,1,0,13,1,0,2,28,27,74,2,0,84,61,0
1,0,1,0,2,1,0,3,21,27,74,2,1,54,44,0
1,2,1,1,8,1,1,0,23,27,74,1,0,58,98,1
1,2,1,1,13,1,1,2,28,27,74,1,0,84,61,0
1,0,1,1,2,1,1,3,21,27,74,1,1,54,44,0
1,2,0,1,8,1,2,0,23,27,74,2,0,58,98,1
1,2,0,1,13,1,2,2,28,27,74,2,0,84,61,0
1,0,0,1,2,1,2,3,21,27,74,2,1,54,44,0
0,0,1,1,17,1,0,1,28,18,73,1,1,63,78,0
0,1,1,1,15,1,0,1,29,18,73,1,1,92,78,0
0,3,1,1,11,1,0,0,24,18,73,1,1,77,91,0
0,0,1,1,17,1,2,1,28,18,73,2,1,63,78,0
0,1,1,1,15,1,2,1,29,18,73,2,1,92,78,0
0,3,1,1,11,1,2,0,24,18,73,2,1,77,91,0
0,0,0,1,17,1,1,1,28,18,73,1,1,63,78,0
0,1,0,1,15,1,1,1,29,18,73,1,1,92,78,0
0,3,0,1,11,1,1,0,24,18,73,1,1,77,91,0
0,0,1,1,17,1,1,1,28,18,73,1,1,63,78,0
0,1,1,1,15,1,1,1,29,18,73,1,1,92,78,0
0,3,1,1,11,1,1,0,24,18,73,1,1,77,91,0
1,0,0,1,11,1,2,2,23,8,86,2,1,68,69,2
1,1,0,1,7,0,2,0,28,8,86,2,1,90,90,2
1,0,0,1,20,1,2,0,25,8,86,2,1,85,91,1
1,0,1,1,11,1,0,2,23,8,86,0,1,68,69,2
1,1,1,1,7,0,0,0,28,8,86,0,1,90,90,2
1,0,1,1,20,1,0,0,25,8,86,0,1,85,91,1
1,2,0,1,10,1,1,2,19,14,94,1,0,95,65,0
1,2,0,1,10,1,1,2,19,14,94,2,0,95,65,0
1,2,1,1,10,1,1,2,19,14,94,2,0,95,65,0
1,2,1,0,10,1,1,2,19,14,94,1,0,95,65,0
1,3,0,1,10,0,0,0,28,9,84,2,1,95,95,1
1,2,0,1,20,1,0,1,25,9,84,2,1,66,82,0
1,3,1,1,10,0,2,0,28,9,84,2,1,95,95,1
1,2,1,1,20,1,2,1,25,9,84,2,1,66,82,0
1,3,0,1,10,0,1,0,28,9,84,1,1,95,95,1
1,2,0,1,20,1,1,1,25,9,84,1,1,66,82,0
1,2,1,1,10,1,2,3,24,25,82,1,1,95,48,2
1,3,1,1,18,1,2,0,25,25,82,1,0,61,94,1
1,0,1,1,3,0,2,3,27,25,82,1,1,92,44,2
1,0,1,1,4,1,2,2,18,25,82,1,1,69,55,2
1,2,0,1,10,1,0,3,24,25,82,1,1,95,48,2
1,3,0,1,18,1,0,0,25,25,82,1,0,61,94,1
1,0,0,1,3,0,0,3,27,25,82,1,1,92,44,2
1,0,0,1,4,1,0,2,18,25,82,1,1,69,55,2
1,2,1,0,10,1,1,3,24,25,82,1,1,95,48,2
1,3,1,0,18,1,1,0,25,25,82,1,0,61,94,1
1,0,1,0,3,0,1,3,27,25,82,1,1,92,44,2
1,0,1,0,4,1,1,2,18,25,82,1,1,69,55,2
1,2,1,1,10,1,1,3,24,25,82,0,1,95,48,2
1,3,1,1,18,1,1,0,25,25,82,0,0,61,94,1
1,0,1,1,3,0,1,3,27,25,82,0,1,92,44,2
1,0,1,1,4,1,1,2,18,25,82,0,1,69,55,2
1,2,1,1,10,1,1,3,24,25,82,1,1,95,48,2
1,3,1,1,18,1,1,0,25,25,82,1,0,61,94,1
1,0,1,1,3,0,1,3,27,25,82,1,1,92,44,2
1,0,1,1,4,1,1,2,18,25,82,1,1,69,55,2
1,2,0,1,10,1,2,3,24,25,82,0,1,95,48,2
1,3,0,1,18,1,2,0,25,25,82,0,0,61,94,1
1,0,0,1,3,0,2,3,27,25,82,0,1,92,44,2
1,0,0,1,4,1,2,2,18,25,82,0,1,69,55,2
1,2,0,1,10,1,2,3,24,25,82,1,1,95,48,2
1,3,0,1,18,1,2,0,25,25,82,1,0,61,94,1
1,0,0,1,3,0,2,3,27,25,82,1,1,92,44,2
1,0,0,1,4,1,2,2,18,25,82,1,1,69,55,2
0,1,0,1,19,0,0,3,26,7,86,1,1,76,40,1
1,1,1,1,19,1,1,1,24,25,89,2,1,95,82,2
1,1,1,1,19,1,0,1,24,25,89,2,1,95,82,2
1,1,0,1,19,1,2,1,24,25,89,1,1,95,82,2
0,3,0,1,11,0,2,0,20,18,84,1,1,79,98,0
0,0,0,1,2,1,2,1,23,18,84,1,1,60,82,2
0,2,0,1,2,1,2,3,23,18,84,1,1,71,46,2
0,3,0,1,10,0,2,3,23,18,84,1,0,98,47,2
0,3,1,1,11,0,1,0,20,18,84,1,1,79,98,0
0,0,1,1,2,1,1,1,23,18,84,1,1,60,82,2
0,2,1,1,2,1,1,3,23,18,84,1,1,71,46,2
0,3,1,1,10,0,1,3,23,18,84,1,0,98,47,2
0,3,1,1,11,0,2,0,20,18,84,0,1,79,98,0
0,0,1,1,2,1,2,1,23,18,84,0,1,60,82,2
0,2,1,1,2,1,2,3,23,18,84,0,1,71,46,2
0,3,1,1,10,0,2,3,23,18,84,0,0,98,47,2
0,3,0,1,11,0,0,0,20,18,84,1,1,79,98,0
0,0,0,1,2,1,0,1,23,18,84,1,1,60,82,2
0,2,0,1,2,1,0,3,23,18,84,1,1,71,46,2
0,3,0,1,10,0,0,3,23,18,84,1,0,98,47,2
0,3,1,1,11,0,0,0,20,18,84,0,1,79,98,0
0,0,1,1,2,1,0,1,23,18,84,0,1,60,82,2
0,2,1,1,2,1,0,3,23,18,84,0,1,71,46,2
0,3,1,1,10,0,0,3,23,18,84,0,0,98,47,2
0,3,0,1,16,1,0,1,25,24,71,1,1,85,81,1
0,3,1,1,16,1,2,1,25,24,71,1,1,85,81,1
0,3,1,1,16,1,2,1,25,24,71,0,1,85,81,1
0,3,0,0,16,1,1,1,25,24,71,1,1,85,81,1
0,0,1,1,10,1,2,2,28,34,63,0,1,78,67,2
0,0,1,1,13,1,2,0,23,34,63,0,1,65,95,2
1,3,0,1,5,1,1,3,25,17,73,2,1,88,54,2
1,1,0,1,6,1,1,3,28,17,73,2,0,94,51,2
1,3,1,1,5,1,1,3,25,17,73,1,1,88,54,2
1,1,1,1,6,1,1,3,28,17,73,1,0,94,51,2
1,3,1,1,5,1,2,3,25,17,73,1,1,88,54,2
1,1,1,1,6,1,2,3,28,17,73,1,0,94,51,2
1,3,1,1,5,1,1,3,25,17,73,2,1,88,54,2
1,1,1,1,6,1,1,3,28,17,73,2,0,94,51,2
1,3,1,1,5,1,2,3,25,17,73,0,1,88,54,2
1,1,1,1,6,1,2,3,28,17,73,0,0,94,51,2
1,3,0,1,5,1,0,3,25,17,73,1,1,88,54,2
1,1,0,1,6,1,0,3,28,17,73,1,0,94,51,2
1,2,1,1,15,1,1,2,29,15,89,0,0,54,64,2
1,2,0,1,15,1,0,2,29,15,89,0,0,54,64,2
1,2,1,1,15,1,2,2,29,15,89,0,0,54,64,2
1,2,1,1,15,1,0,2,29,15,89,0,0,54,64,2
1,2,0,1,15,1,0,2,29,15,89,2,0,54,64,2
1,2,1,1,15,1,1,2,29,15,89,2,0,54,64,2
1,2,0,1,15,1,1,2,29,15,89,0,0,54,64,2
1,2,0,1,15,1,0,2,29,15,89,1,0,54,64,2
1,0,1,1,5,1,1,1,25,25,86,0,1,60,71,2
1,3,1,1,20,1,1,3,18,25,86,0,1,51,51,2
1,0,0,1,5,1,1,1,25,25,86,1,1,60,71,2
1,3,0,1,20,1,1,3,18,25,86,1,1,51,51,2
1,2,1,1,19,0,0,1,27,23,85,0,1,67,81,2
1,0,1,1,13,1,0,1,24,23,85,0,1,90,74,1
1,0,1,1,2,1,0,0,21,23,85,0,1,85,97,1
1,3,1,1,10,1,0,2,21,23,85,0,0,88,55,2
1,2,0,0,19,0,2,1,27,23,85,0,1,67,81,2
1,0,0,0,13,1,2,1,24,23,85,0,1,90,74,1
1,0,0,0,2,1,2,0,21,23,85,0,1,85,97,1
1,3,0,0,10,1,2,2,21,23,85,0,0,88,55,2
1,2,1,1,19,0,1,1,27,23,85,0,1,67,81,2
1,0,1,1,13,1,1,1,24,23,85,0,1,90,74,1
1,0,1,1,2,1,1,0,21,23,85,0,1,85,97,1
1,3,1,1,10,1,1,2,21,23,85,0,0,88,55,2
1,2,0,1,19,0,2,1,27,23,85,1,1,67,81,2
1,0,0,1,13,1,2,1,24,23,85,1,1,90,74,1
1,0,0,1,2,1,2,0,21,23,85,1,1,85,97,1
1,3,0,1,10,1,2,2,21,23,85,1,0,88,55,2
0,2,1,1,11,1,1,0,28,26,60,2,0,50,96,2
0,2,1,1,1,1,1,1,22,26,60,2,0,94,84,2
0,2,1,1,15,1,1,2,26,26,60,2,1,92,62,1
0,1,1,1,20,1,1,1,29,17,88,1,1,57,73,1
0,3,1,1,11,1,1,1,21,17,88,1,0,65,74,2
0,3,1,1,15,1,1,3,24,17,88,1,0,55,44,1
0,1,0,1,20,1,1,1,29,17,88,1,1,57,73,1
0,3,0,1,11,1,1,1,21,17,88,1,0,65,74,2
0,3,0,1,15,1,1,3,24,17,88,1,0,55,44,1
0,1,1,1,20,1,2,1,29,17,88,1,1,57,73,1
0,3,1,1,11,1,2,1,21,17,88,1,0,65,74,2
0,3,1,1,15,1,2,3,24,17,88,1,0,55,44,1
1,0,1,0,17,0,2,3,29,14,98,1,0,78,43,2
1,3,1,0,12,1,2,0,18,14,98,1,0,83,91,2
1,0,1,0,15,0,2,2,24,14,98,1,0,96,69,2
1,0,0,1,17,0,2,3,29,14,98,1,0,78,43,2
1,3,0,1,12,1,2,0,18,14,98,1,0,83,91,2
1,0,0,1,15,0,2,2,24,14,98,1,0,96,69,2
1,0,1,1,17,0,2,3,29,14,98,1,0,78,43,2
1,3,1,1,12,1,2,0,18,14,98,1,0,83,91,2
1,0,1,1,15,0,2,2,24,14,98,1,0,96,69,2
1,0,1,1,17,0,1,3,29,14,98,2,0,78,43,2
1,3,1,1,12,1,1,0,18,14,98,2,0,83,91,2
1,0,1,1,15,0,1,2,24,14,98,2,0,96,69,2
1,0,1,1,17,0,1,3,29,14,98,0,0,78,43,2
1,3,1,1,12,1,1,0,18,14,98,0,0,83,91,2
1,0,1,1,15,0,1,2,24,14,98,0,0,96,69,2
1,0,0,0,17,0,1,3,29,14,98,1,0,78,43,2
1,3,0,0,12,1,1,0,18,14,98,1,0,83,91,2
1,0,0,0,15,0,1,2,24,14,98,1,0,96,69,2
1,0,1,1,17,0,2,3,29,14,98,2,0,78,43,2
1,3,1,1,12,1,2,0,18,14,98,2,0,83,91,2
1,0,1,1,15,0,2,2,24,14,98,2,0,96,69,2
1,0,0,1,7,1,0,3,26,17,93,1,1,79,45,0
1,3,0,1,5,1,0,1,19,17,93,1,1,74,83,2
1,0,1,1,7,1,1,3,26,17,93,2,1,79,45,0
1,3,1,1,5,1,1,1,19,17,93,2,1,74,83,2
1,0,1,1,7,1,1,3,26,17,93,0,1,79,45,0
1,3,1,1,5,1,1,1,19,17,93,0,1,74,83,2
1,0,0,1,7,1,1,3,26,17,93,0,1,79,45,0
1,3,0,1,5,1,1,1,19,17,93,0,1,74,83,2
1,0,1,1,7,1,0,3,26,17,93,0,1,79,45,0
1,3,1,1,5,1,0,1,19,17,93,0,1,74,83,2
0,2,1,1,19,0,1,1,28,14,68,1,1,51,81,2
0,1,1,1,16,0,1,0,24,14,68,1,0,81,98,2
0,1,1,1,20,1,1,1,23,14,68,1,0,62,84,0
0,2,1,1,19,0,1,1,28,14,68,2,1,51,81,2
0,1,1,1,16,0,1,0,24,14,68,2,0,81,98,2
0,1,1,1,20,1,1,1,23,14,68,2,0,62,84,0
0,2,1,1,19,0,2,1,28,14,68,0,1,51,81,2
0,1,1,1,16,0,2,0,24,14,68,0,0,81,98,2
0,1,1,1,20,1,2,1,23,14,68,0,0,62,84,0
1,2,1,1,9,0,2,1,19,25,74,1,0,71,70,2
1,0,1,1,1,1,2,3,26,25,74,1,1,65,44,2
1,1,1,1,20,1,2,1,20,25,74,1,1,53,76,2
1,3,1,1,9,1,2,3,21,25,74,1,1,75,49,1
1,3,1,1,20,1,2,3,24,25,74,1,1,51,43,2
1,1,1,1,16,1,2,1,23,25,74,1,1,57,72,2
1,2,1,1,9,0,1,1,19,25,74,0,0,71,70,2
1,0,1,1,1,1,1,3,26,25,74,0,1,65,44,2
1,1,1,1,20,1,1,1,20,25,74,0,1,53,76,2
1,3,1,1,9,1,1,3,21,25,74,0,1,75,49,1
1,3,1,1,20,1,1,3,24,25,74,0,1,51,43,2
1,1,1,1,16,1,1,1,23,25,74,0,1,57,72,2
1,2,1,1,9,0,1,1,19,25,74,2,0,71,70,2
1,0,1,1,1,1,1,3,26,25,74,2,1,65,44,2
1,1,1,1,20,1,1,1,20,25,74,2,1,53,76,2
1,3,1,1,9,1,1,3,21,25,74,2,1,75,49,1
1,3,1,1,20,1,1,3,24,25,74,2,1,51,43,2
1,1,1,1,16,1,1,1,23,25,74,2,1,57,72,2
1,2,0,1,9,0,2,1,19,25,74,2,0,71,70,2
1,0,0,1,1,1,2,3,26,25,74,2,1,65,44,2
1,1,0,1,20,1,2,1,20,25,74,2,1,53,76,2
1,3,0,1,9,1,2,3,21,25,74,2,1,75,49,1
1,3,0,1,20,1,2,3,24,25,74,2,1,51,43,2
1,1,0,1,16,1,2,1,23,25,74,2,1,57,72,2
1,1,1,1,12,1,1,1,21,28,79,1,1,82,73,1
1,2,1,1,3,1,1,3,28,28,79,1,0,67,42,1
1,0,1,1,5,1,1,3,18,28,79,1,1,94,52,2
1,1,1,1,4,1,1,2,18,28,79,1,0,83,69,1
1,1,1,1,12,1,2,1,21,28,79,0,1,82,73,1
1,2,1,1,3,1,2,3,28,28,79,0,0,67,42,1
1,0,1,1,5,1,2,3,18,28,79,0,1,94,52,2
1,1,1,1,4,1,2,2,18,28,79,0,0,83,69,1
0,3,0,1,4,0,1,3,22,31,81,0,1,64,52,2
0,3,0,1,8,1,1,0,19,31,81,0,1,58,96,0
0,2,0,1,11,1,1,0,22,31,81,0,1,89,90,1
0,1,0,1,10,1,1,2,20,31,81,0,0,63,69,2
1,3,1,1,15,1,1,3,19,13,99,1,0,99,47,0
1,1,1,1,1,0,1,0,26,13,99,1,1,71,85,1
1,0,1,1,18,1,1,1,29,13,99,1,1,52,77,1
1,2,1,1,17,0,1,2,20,13,99,1,0,83,58,1
1,1,1,1,7,1,1,0,20,13,99,1,0,76,96,0
1,1,1,1,2,1,1,2,20,13,99,1,1,92,58,2
1,1,1,1,17,1,1,1,20,13,99,1,1,73,71,1
1,3,0,1,15,1,2,3,19,13,99,1,0,99,47,0
1,1,0,1,1,0,2,0,26,13,99,1,1,71,85,1
1,0,0,1,18,1,2,1,29,13,99,1,1,52,77,1
1,2,0,1,17,0,2,2,20,13,99,1,0,83,58,1
1,1,0,1,7,1,2,0,20,13,99,1,0,76,96,0
1,1,0,1,2,1,2,2,20,13,99,1,1,92,58,2
1,1,0,1,17,1,2,1,20,13,99,1,1,73,71,1
1,3,1,0,15,1,2,3,19,13,99,1,0,99,47,0
1,1,1,0,1,0,2,0,26,13,99,1,1,71,85,1
1,0,1,0,18,1,2,1,29,13,99,1,1,52,77,1
1,2,1,0,17,0,2,2,20,13,99,1,0,83,58,1
1,1,1,0,7,1,2,0,20,13,99,1,0,76,96,0
1,1,1,0,2,1,2,2,20,13,99,1,1,92,58,2
1,1,1,0,17,1,2,1,20,13,99,1,1,73,71,1
1,3,0,1,15,1,1,3,19,13,99,2,0,99,47,0
1,1,0,1,1,0,1,0,26,13,99,2,1,71,85,1
1,0,0,1,18,1,1,1,29,13,99,2,1,52,77,1
1,2,0,1,17,0,1,2,20,13,99,2,0,83,58,1
1,1,0,1,7,1,1,0,20,13,99,2,0,76,96,0
1,1,0,1,2,1,1,2,20,13,99,2,1,92,58,2
1,1,0,1,17,1,1,1,20,13,99,2,1,73,71,1
0,0,0,1,20,1,1,1,20,29,97,1,1,65,77,1
0,0,0,1,12,0,1,2,23,29,97,1,0,62,66,2
0,3,0,1,13,1,1,1,18,29,97,1,1,86,75,2
0,0,1,1,20,1,1,1,20,29,97,1,1,65,77,1
0,0,1,1,12,0,1,2,23,29,97,1,0,62,66,2
0,3,1,1,13,1,1,1,18,29,97,1,1,86,75,2
0,0,1,1,20,1,2,1,20,29,97,1,1,65,77,1
0,0,1,1,12,0,2,2,23,29,97,1,0,62,66,2
0,3,1,1,13,1,2,1,18,29,97,1,1,86,75,2
0,3,0,1,13,1,0,1,22,24,97,0,1,95,83,0
0,1,0,1,7,1,0,1,20,24,97,0,0,70,79,1
0,2,0,1,7,0,0,3,20,24,97,0,0,52,42,2
0,1,0,1,0,1,0,3,28,24,97,0,0,56,48,2
0,2,0,1,6,1,0,0,29,24,97,0,1,68,90,1
0,1,0,1,10,1,0,0,24,24,97,0,0,98,85,0
0,0,0,1,1,1,0,2,25,24,97,0,0,62,67,1
0,3,0,1,13,1,1,1,22,24,97,2,1,95,83,0
0,1,0,1,7,1,1,1,20,24,97,2,0,70,79,1
0,2,0,1,7,0,1,3,20,24,97,2,0,52,42,2
0,1,0,1,0,1,1,3,28,24,97,2,0,56,48,2
0,2,0,1,6,1,1,0,29,24,97,2,1,68,90,1
0,1,0,1,10,1,1,0,24,24,97,2,0,98,85,0
0,0,0,1,1,1,1,2,25,24,97,2,0,62,67,1
0,3,1,1,13,1,1,1,22,24,97,1,1,95,83,0
0,1,1,1,7,1,1,1,20,24,97,1,0,70,79,1
0,2,1,1,7,0,1,3,20,24,97,1,0,52,42,2
0,1,1,1,0,1,1,3,28,24,97,1,0,56,48,2
0,2,1,1,6,1,1,0,29,24,97,1,1,68,90,1
0,1,1,1,10,1,1,0,24,24,97,1,0,98,85,0
0,0,1,1,1,1,1,2,25,24,97,1,0,62,67,1
0,3,1,1,6,1,0,2,19,20,81,0,1,64,63,2
0,3,1,1,3,1,0,0,28,20,81,0,0,80,88,1
0,3,1,0,6,1,1,2,19,20,81,0,1,64,63,2
0,3,1,0,3,1,1,0,28,20,81,0,0,80,88,1
0,3,0,1,6,1,0,2,19,20,81,1,1,64,63,2
0,3,0,1,3,1,0,0,28,20,81,1,0,80,88,1
0,3,0,1,6,1,1,2,19,20,81,0,1,64,63,2
0,3,0,1,3,1,1,0,28,20,81,0,0,80,88,1
1,0,1,1,6,1,2,3,20,22,89,1,0,58,51,1
1,3,1,1,0,0,2,2,27,22,89,1,0,73,58,2
1,2,1,1,19,1,2,2,18,22,89,1,0,51,68,0
1,1,1,1,7,1,2,0,23,22,89,1,1,72,88,2
1,0,0,1,6,1,1,3,20,22,89,1,0,58,51,1
1,3,0,1,0,0,1,2,27,22,89,1,0,73,58,2
1,2,0,1,19,1,1,2,18,22,89,1,0,51,68,0
1,1,0,1,7,1,1,0,23,22,89,1,1,72,88,2
1,0,1,1,6,1,1,3,20,22,89,1,0,58,51,1
1,3,1,1,0,0,1,2,27,22,89,1,0,73,58,2
1,2,1,1,19,1,1,2,18,22,89,1,0,51,68,0
1,1,1,1,7,1,1,0,23,22,89,1,1,72,88,2
1,0,0,1,6,1,2,3,20,22,89,2,0,58,51,1
1,3,0,1,0,0,2,2,27,22,89,2,0,73,58,2
1,2,0,1,19,1,2,2,18,22,89,2,0,51,68,0
1,1,0,1,7,1,2,0,23,22,89,2,1,72,88,2
1,0,0,1,6,1,2,3,20,22,89,1,0,58,51,1
1,3,0,1,0,0,2,2,27,22,89,1,0,73,58,2
1,2,0,1,19,1,2,2,18,22,89,1,0,51,68,0
1,1,0,1,7,1,2,0,23,22,89,1,1,72,88,2
1,0,1,1,12,1,1,0,26,13,77,1,1,98,99,2
1,0,1,1,8,0,1,1,26,13,77,1,0,66,82,2
1,0,0,1,12,1,1,0,26,13,77,1,1,98,99,2
1,0,0,1,8,0,1,1,26,13,77,1,0,66,82,2
1,0,1,1,12,1,2,0,26,13,77,0,1,98,99,2
1,0,1,1,8,0,2,1,26,13,77,0,0,66,82,2
1,0,1,0,12,1,1,0,26,13,77,0,1,98,99,2
1,0,1,0,8,0,1,1,26,13,77,0,0,66,82,2
1,0,0,1,12,1,2,0,26,13,77,1,1,98,99,2
1,0,0,1,8,0,2,1,26,13,77,1,0,66,82,2
1,0,1,1,12,1,2,0,26,13,77,1,1,98,99,2
1,0,1,1,8,0,2,1,26,13,77,1,0,66,82,2
1,0,1,1,12,1,1,0,26,13,77,0,1,98,99,2
1,0,1,1,8,0,1,1,26,13,77,0,0,66,82,2
0,3,1,1,1,1,2,1,18,35,85,2,0,60,76,2
0,2,1,1,19,0,2,1,20,35,85,2,0,59,77,0
0,0,1,1,15,1,2,2,28,35,85,2,0,66,61,2
0,0,1,1,15,0,2,3,18,35,85,2,1,73,54,2
0,1,1,1,12,1,2,0,21,35,85,2,1,96,97,2
0,1,1,1,16,1,2,2,26,35,85,2,1,73,65,1
0,0,1,1,11,1,2,1,18,35,85,2,1,82,73,1
1,3,1,1,1,1,0,2,23,21,74,0,1,89,59,2
1,3,1,1,3,1,0,0,20,21,74,0,1,69,90,1
1,2,1,1,4,1,0,2,19,21,74,0,1,91,68,2
1,3,0,1,1,1,1,2,23,21,74,1,1,89,59,2
1,3,0,1,3,1,1,0,20,21,74,1,1,69,90,1
1,2,0,1,4,1,1,2,19,21,74,1,1,91,68,2
1,3,0,1,1,1,2,2,23,21,74,0,1,89,59,2
1,3,0,1,3,1,2,0,20,21,74,0,1,69,90,1
1,2,0,1,4,1,2,2,19,21,74,0,1,91,68,2
1,3,1,0,1,1,2,2,23,21,74,0,1,89,59,2
1,3,1,0,3,1,2,0,20,21,74,0,1,69,90,1
1,2,1,0,4,1,2,2,19,21,74,0,1,91,68,2
1,3,1,1,1,1,1,2,23,21,74,1,1,89,59,2
1,3,1,1,3,1,1,0,20,21,74,1,1,69,90,1
1,2,1,1,4,1,1,2,19,21,74,1,1,91,68,2
1,3,0,1,1,1,1,2,23,21,74,2,1,89,59,2
1,3,0,1,3,1,1,0,20,21,74,2,1,69,90,1
1,2,0,1,4,1,1,2,19,21,74,2,1,91,68,2
1,3,1,1,1,1,0,2,23,21,74,1,1,89,59,2
1,3,1,1,3,1,0,0,20,21,74,1,1,69,90,1
1,2,1,1,4,1,0,2,19,21,74,1,1,91,68,2
1,3,1,1,1,1,2,2,23,21,74,1,1,89,59,2
1,3,1,1,3,1,2,0,20,21,74,1,1,69,90,1
1,2,1,1,4,1,2,2,19,21,74,1,1,91,68,2
1,3,1,0,1,1,2,2,23,21,74,2,1,89,59,2
1,3,1,0,3,1,2,0,20,21,74,2,1,69,90,1
1,2,1,0,4,1,2,2,19,21,74,2,1,91,68,2
0,2,0,1,18,1,2,1,26,24,83,0,0,98,80,0
0,2,1,1,18,1,1,1,26,24,83,2,0,98,80,0
1,0,1,1,3,0,0,2,27,23,80,1,1,68,55,2
1,2,1,1,6,1,0,2,28,23,80,1,1,53,64,0
1,1,1,1,16,1,0,1,29,23,80,1,1,77,79,1
1,0,0,1,3,0,1,2,27,23,80,0,1,68,55,2
1,2,0,1,6,1,1,2,28,23,80,0,1,53,64,0
1,1,0,1,16,1,1,1,29,23,80,0,1,77,79,1
1,0,1,1,3,0,2,2,27,23,80,1,1,68,55,2
1,2,1,1,6,1,2,2,28,23,80,1,1,53,64,0
1,1,1,1,16,1,2,1,29,23,80,1,1,77,79,1
1,0,0,1,3,0,2,2,27,23,80,0,1,68,55,2
1,2,0,1,6,1,2,2,28,23,80,0,1,53,64,0
1,1,0,1,16,1,2,1,29,23,80,0,1,77,79,1
1,0,0,1,3,0,1,2,27,23,80,1,1,68,55,2
1,2,0,1,6,1,1,2,28,23,80,1,1,53,64,0
1,1,0,1,16,1,1,1,29,23,80,1,1,77,79,1
0,0,0,1,4,1,2,3,19,15,71,0,1,87,43,1
0,0,0,0,4,1,1,3,19,15,71,2,1,87,43,1
0,0,1,1,4,1,2,3,19,15,71,0,1,87,43,1
0,0,0,1,4,1,2,3,19,15,71,1,1,87,43,1
0,0,0,0,4,1,0,3,19,15,71,0,1,87,43,1
0,2,1,1,5,0,2,0,21,23,75,0,1,72,94,0
0,0,1,1,6,1,2,1,25,23,75,0,1,89,82,2
0,2,1,1,5,0,1,0,21,23,75,0,1,72,94,0
0,0,1,1,6,1,1,1,25,23,75,0,1,89,82,2
0,2,1,1,5,0,1,0,21,23,75,2,1,72,94,0
0,0,1,1,6,1,1,1,25,23,75,2,1,89,82,2
0,2,0,1,5,0,1,0,21,23,75,0,1,72,94,0
0,0,0,1,6,1,1,1,25,23,75,0,1,89,82,2
0,2,1,1,5,0,0,0,21,23,75,2,1,72,94,0
0,0,1,1,6,1,0,1,25,23,75,2,1,89,82,2
0,2,1,0,5,0,2,0,21,23,75,1,1,72,94,0
0,0,1,0,6,1,2,1,25,23,75,1,1,89,82,2
0,2,1,1,5,0,2,0,21,23,75,1,1,72,94,0
0,0,1,1,6,1,2,1,25,23,75,1,1,89,82,2
1,1,0,1,19,1,2,0,27,31,63,0,1,91,91,2
1,1,1,1,19,1,2,0,27,31,63,0,1,91,91,2
1,0,0,1,12,1,2,3,24,28,62,1,0,50,51,2
1,2,0,1,4,1,2,2,25,28,62,1,0,51,63,2
1,0,1,1,12,1,1,3,24,28,62,1,0,50,51,2
1,2,1,1,4,1,1,2,25,28,62,1,0,51,63,2
1,0,0,1,12,1,1,3,24,28,62,2,0,50,51,2
1,2,0,1,4,1,1,2,25,28,62,2,0,51,63,2
0,3,0,1,4,0,1,0,18,30,70,1,1,59,89,0
0,1,0,1,6,1,1,2,26,30,70,1,1,87,64,2
0,1,0,1,10,1,1,0,18,30,70,1,0,54,89,2
0,1,0,1,17,1,1,1,27,30,70,1,1,62,80,1
0,3,0,1,2,1,1,1,21,30,70,1,1,50,70,1
0,3,1,1,4,0,2,0,18,30,70,1,1,59,89,0
0,1,1,1,6,1,2,2,26,30,70,1,1,87,64,2
0,1,1,1,10,1,2,0,18,30,70,1,0,54,89,2
0,1,1,1,17,1,2,1,27,30,70,1,1,62,80,1
0,3,1,1,2,1,2,1,21,30,70,1,1,50,70,1
0,1,0,1,18,0,1,3,28,17,63,1,1,95,43,0
0,3,0,1,13,0,1,3,23,17,63,1,1,72,42,2
0,0,0,1,13,1,1,3,18,17,63,1,0,76,54,1
0,2,0,1,11,1,1,1,23,17,63,1,0,73,79,0
0,1,1,1,18,0,1,3,28,17,63,1,1,95,43,0
0,3,1,1,13,0,1,3,23,17,63,1,1,72,42,2
0,0,1,1,13,1,1,3,18,17,63,1,0,76,54,1
0,2,1,1,11,1,1,1,23,17,63,1,0,73,79,0
0,0,1,1,5,1,2,2,20,14,64,0,1,93,62,2
0,0,1,1,10,1,2,0,23,14,64,0,1,51,96,2
1,0,0,1,2,0,2,0,27,19,93,1,1,52,91,2
1,0,0,0,2,0,1,0,27,19,93,2,1,52,91,2
1,0,1,1,2,0,2,0,27,19,93,1,1,52,91,2
1,1,1,1,17,1,1,1,24,20,62,2,0,56,79,0
1,1,1,1,9,1,1,2,20,20,62,2,0,81,64,1
1,2,1,1,11,1,1,1,27,20,62,2,1,61,83,0
1,1,0,1,17,1,0,1,24,20,62,2,0,56,79,0
1,1,0,1,9,1,0,2,20,20,62,2,0,81,64,1
1,2,0,1,11,1,0,1,27,20,62,2,1,61,83,0
1,1,1,1,17,1,1,1,24,20,62,0,0,56,79,0
1,1,1,1,9,1,1,2,20,20,62,0,0,81,64,1
1,2,1,1,11,1,1,1,27,20,62,0,1,61,83,0
1,1,0,1,17,1,1,1,24,20,62,2,0,56,79,0
1,1,0,1,9,1,1,2,20,20,62,2,0,81,64,1
1,2,0,1,11,1,1,1,27,20,62,2,1,61,83,0
0,1,1,1,15,1,1,3,23,27,86,0,0,93,47,2
0,2,1,1,13,1,1,2,26,27,86,0,0,87,66,1
0,1,1,1,15,1,1,3,23,27,86,2,0,93,47,2
0,2,1,1,13,1,1,2,26,27,86,2,0,87,66,1
0,2,1,1,1,1,1,2,23,10,71,2,0,99,59,2
0,1,1,1,18,1,1,0,27,10,71,2,1,76,97,2
0,2,0,1,1,1,0,2,23,10,71,0,0,99,59,2
0,1,0,1,18,1,0,0,27,10,71,0,1,76,97,2
1,2,1,1,6,1,1,3,27,19,79,0,0,70,40,1
1,2,1,1,6,1,2,3,27,19,79,1,0,70,40,1
1,2,0,1,6,1,1,3,27,19,79,2,0,70,40,1
1,2,0,1,6,1,1,3,27,19,79,1,0,70,40,1
1,2,1,1,6,1,2,3,27,19,79,0,0,70,40,1
1,3,1,1,19,1,2,1,27,17,72,0,0,94,75,2
1,3,1,1,19,1,1,1,27,17,72,2,0,94,75,2
1,3,1,1,19,1,1,1,27,17,72,1,0,94,75,2
1,3,0,1,19,1,1,1,27,17,72,1,0,94,75,2
1,3,0,1,19,1,1,1,27,17,72,2,0,94,75,2
1,1,1,0,19,1,1,3,19,14,81,0,1,68,44,2
1,0,1,0,5,1,1,3,22,14,81,0,0,54,42,1
1,0,1,0,20,1,1,1,21,14,81,0,1,64,79,2
1,1,0,1,19,1,1,3,19,14,81,0,1,68,44,2
1,0,0,1,5,1,1,3,22,14,81,0,0,54,42,1
1,0,0,1,20,1,1,1,21,14,81,0,1,64,79,2
1,1,1,1,19,1,1,3,19,14,81,2,1,68,44,2
1,0,1,1,5,1,1,3,22,14,81,2,0,54,42,1
1,0,1,1,20,1,1,1,21,14,81,2,1,64,79,2
1,1,1,1,19,1,1,3,19,14,81,1,1,68,44,2
1,0,1,1,5,1,1,3,22,14,81,1,0,54,42,1
1,0,1,1,20,1,1,1,21,14,81,1,1,64,79,2
1,1,1,1,19,1,1,3,19,14,81,0,1,68,44,2
1,0,1,1,5,1,1,3,22,14,81,0,0,54,42,1
1,0,1,1,20,1,1,1,21,14,81,0,1,64,79,2
1,1,0,1,19,1,2,3,19,14,81,1,1,68,44,2
1,0,0,1,5,1,2,3,22,14,81,1,0,54,42,1
1,0,0,1,20,1,2,1,21,14,81,1,1,64,79,2
0,3,0,1,12,0,1,3,24,10,75,1,0,61,40,1
0,1,0,1,9,1,1,3,23,10,75,1,1,56,42,2
0,2,0,1,11,0,1,0,26,10,75,1,1,80,98,2
0,3,0,1,12,0,1,3,24,10,75,0,0,61,40,1
0,1,0,1,9,1,1,3,23,10,75,0,1,56,42,2
0,2,0,1,11,0,1,0,26,10,75,0,1,80,98,2
0,2,1,1,3,1,1,3,19,25,83,1,1,90,41,1
1,3,1,1,14,0,1,1,29,12,77,1,1,77,81,0
1,0,1,1,1,0,1,2,21,12,77,1,1,65,65,1
1,3,1,1,14,0,0,1,29,12,77,1,1,77,81,0
1,0,1,1,1,0,0,2,21,12,77,1,1,65,65,1
1,3,0,1,7,1,1,1,25,18,74,1,1,89,81,2
1,3,1,1,7,1,0,1,25,18,74,2,1,89,81,2
1,3,1,1,7,1,1,1,25,18,74,0,1,89,81,2
1,3,0,1,7,1,1,1,25,18,74,2,1,89,81,2
1,3,1,1,7,1,1,1,25,18,74,1,1,89,81,2
1,3,0,1,7,1,2,1,25,18,74,2,1,89,81,2
0,1,0,1,13,1,1,2,22,30,88,1,1,84,69,2
0,1,0,1,8,1,1,3,24,30,88,1,0,62,50,2
0,3,0,1,7,1,1,0,25,30,88,1,0,60,98,2
0,3,0,1,7,1,1,1,24,30,88,1,1,94,81,2
0,1,0,1,17,1,1,2,26,30,88,1,0,73,57,0
0,1,1,1,13,1,1,2,22,30,88,2,1,84,69,2
0,1,1,1,8,1,1,3,24,30,88,2,0,62,50,2
0,3,1,1,7,1,1,0,25,30,88,2,0,60,98,2
0,3,1,1,7,1,1,1,24,30,88,2,1,94,81,2
0,1,1,1,17,1,1,2,26,30,88,2,0,73,57,0
0,1,1,1,13,1,1,2,22,30,88,1,1,84,69,2
0,1,1,1,8,1,1,3,24,30,88,1,0,62,50,2
0,3,1,1,7,1,1,0,25,30,88,1,0,60,98,2
0,3,1,1,7,1,1,1,24,30,88,1,1,94,81,2
0,1,1,1,17,1,1,2,26,30,88,1,0,73,57,0
0,1,1,1,13,1,1,2,22,30,88,0,1,84,69,2
0,1,1,1,8,1,1,3,24,30,88,0,0,62,50,2
0,3,1,1,7,1,1,0,25,30,88,0,0,60,98,2
0,3,1,1,7,1,1,1,24,30,88,0,1,94,81,2
0,1,1,1,17,1,1,2,26,30,88,0,0,73,57,0
1,3,1,1,13,0,1,0,19,11,93,0,1,81,93,2
1,1,1,1,4,1,1,0,19,11,93,0,1,51,89,1
1,3,0,1,13,0,1,0,19,11,93,1,1,81,93,2
1,1,0,1,4,1,1,0,19,11,93,1,1,51,89,1
1,1,0,1,19,1,2,2,19,19,78,1,1,87,56,0
1,1,0,1,19,1,1,2,19,19,78,0,1,87,56,0
1,1,1,1,19,1,2,2,19,19,78,1,1,87,56,0
1,1,1,1,19,1,1,2,19,19,78,1,1,87,56,0
1,0,0,1,0,1,1,3,28,20,94,1,0,84,50,2
1,0,1,1,0,1,2,3,28,20,94,1,0,84,50,2
1,0,1,1,0,1,1,3,28,20,94,1,0,84,50,2
1,0,1,1,0,1,0,3,28,20,94,0,0,84,50,2
0,0,0,1,2,0,1,3,21,19,89,1,1,78,47,2
0,3,0,1,18,0,1,1,24,19,89,1,1,95,80,0
0,2,0,1,17,1,1,3,27,19,89,1,0,95,47,2
0,0,0,1,12,1,1,0,23,19,89,1,1,54,87,0
0,0,1,1,2,0,1,3,21,19,89,0,1,78,47,2
0,3,1,1,18,0,1,1,24,19,89,0,1,95,80,0
0,2,1,1,17,1,1,3,27,19,89,0,0,95,47,2
0,0,1,1,12,1,1,0,23,19,89,0,1,54,87,0
0,0,1,1,2,0,2,3,21,19,89,0,1,78,47,2
0,3,1,1,18,0,2,1,24,19,89,0,1,95,80,0
0,2,1,1,17,1,2,3,27,19,89,0,0,95,47,2
0,0,1,1,12,1,2,0,23,19,89,0,1,54,87,0
0,0,1,1,2,0,0,3,21,19,89,1,1,78,47,2
0,3,1,1,18,0,0,1,24,19,89,1,1,95,80,0
0,2,1,1,17,1,0,3,27,19,89,1,0,95,47,2
0,0,1,1,12,1,0,0,23,19,89,1,1,54,87,0
0,0,0,1,2,0,0,3,21,19,89,1,1,78,47,2
0,3,0,1,18,0,0,1,24,19,89,1,1,95,80,0
0,2,0,1,17,1,0,3,27,19,89,1,0,95,47,2
0,0,0,1,12,1,0,0,23,19,89,1,1,54,87,0
0,0,1,1,2,0,1,3,21,19,89,2,1,78,47,2
0,3,1,1,18,0,1,1,24,19,89,2,1,95,80,0
0,2,1,1,17,1,1,3,27,19,89,2,0,95,47,2
0,0,1,1,12,1,1,0,23,19,89,2,1,54,87,0
0,0,1,1,2,0,2,3,21,19,89,1,1,78,47,2
0,3,1,1,18,0,2,1,24,19,89,1,1,95,80,0
0,2,1,1,17,1,2,3,27,19,89,1,0,95,47,2
0,0,1,1,12,1,2,0,23,19,89,1,1,54,87,0
1,2,0,1,6,1,1,3,20,27,73,0,1,63,45,2
1,3,0,1,13,1,1,1,22,27,73,0,1,66,82,1
1,1,1,1,19,1,2,2,18,18,99,0,1,90,68,0
1,3,1,1,18,1,2,1,20,18,99,0,1,68,77,2
1,1,0,1,19,1,1,2,18,18,99,1,1,90,68,0
1,3,0,1,18,1,1,1,20,18,99,1,1,68,77,2
1,1,1,1,19,1,2,2,18,18,99,1,1,90,68,0
1,3,1,1,18,1,2,1,20,18,99,1,1,68,77,2
1,1,0,0,19,1,1,2,18,18,99,1,1,90,68,0
1,3,0,0,18,1,1,1,20,18,99,1,1,68,77,2
1,0,1,1,4,0,0,3,23,35,78,1,0,85,40,0
1,1,1,1,2,1,0,3,22,35,78,1,0,89,50,1
1,0,1,1,16,1,2,0,29,20,76,0,0,79,91,2
1,3,1,1,20,1,2,2,22,20,76,0,0,59,55,1
1,2,1,1,2,1,2,2,26,20,76,0,0,58,62,2
1,0,1,1,16,1,1,0,29,20,76,1,0,79,91,2
1,3,1,1,20,1,1,2,22,20,76,1,0,59,55,1
1,2,1,1,2,1,1,2,26,20,76,1,0,58,62,2
1,0,0,1,16,1,1,0,29,20,76,0,0,79,91,2
1,3,0,1,20,1,1,2,22,20,76,0,0,59,55,1
1,2,0,1,2,1,1,2,26,20,76,0,0,58,62,2
0,2,0,1,9,1,1,2,21,20,83,1,0,56,67,2
0,1,0,1,19,1,1,1,22,20,83,1,1,89,78,2
0,1,0,1,12,1,1,1,21,20,83,1,1,57,78,1
0,2,1,1,9,1,1,2,21,20,83,2,0,56,67,2
0,1,1,1,19,1,1,1,22,20,83,2,1,89,78,2
0,1,1,1,12,1,1,1,21,20,83,2,1,57,78,1
0,2,1,1,9,1,2,2,21,20,83,2,0,56,67,2
0,1,1,1,19,1,2,1,22,20,83,2,1,89,78,2
0,1,1,1,12,1,2,1,21,20,83,2,1,57,78,1
0,2,1,1,9,1,1,2,21,20,83,1,0,56,67,2
0,1,1,1,19,1,1,1,22,20,83,1,1,89,78,2
0,1,1,1,12,1,1,1,21,20,83,1,1,57,78,1
0,2,1,1,9,1,0,2,21,20,83,1,0,56,67,2
0,1,1,1,19,1,0,1,22,20,83,1,1,89,78,2
0,1,1,1,12,1,0,1,21,20,83,1,1,57,78,1
0,2,1,1,9,1,2,2,21,20,83,1,0,56,67,2
0,1,1,1,19,1,2,1,22,20,83,1,1,89,78,2
0,1,1,1,12,1,2,1,21,20,83,1,1,57,78,1
0,2,1,1,9,1,0,2,21,20,83,2,0,56,67,2
0,1,1,1,19,1,0,1,22,20,83,2,1,89,78,2
0,1,1,1,12,1,0,1,21,20,83,2,1,57,78,1
0,2,0,1,9,1,0,2,21,20,83,0,0,56,67,2
0,1,0,1,19,1,0,1,22,20,83,0,1,89,78,2
0,1,0,1,12,1,0,1,21,20,83,0,1,57,78,1
1,0,0,1,2,0,1,1,18,21,98,0,1,83,79,0
1,2,0,1,14,1,1,1,29,21,98,0,0,78,82,2
1,0,0,1,2,0,2,1,18,21,98,0,1,83,79,0
1,2,0,1,14,1,2,1,29,21,98,0,0,78,82,2
1,0,0,1,2,0,1,1,18,21,98,1,1,83,79,0
1,2,0,1,14,1,1,1,29,21,98,1,0,78,82,2
1,0,1,1,2,0,1,1,18,21,98,1,1,83,79,0
1,2,1,1,14,1,1,1,29,21,98,1,0,78,82,2
1,0,1,1,2,0,2,1,18,21,98,1,1,83,79,0
1,2,1,1,14,1,2,1,29,21,98,1,0,78,82,2
1,0,1,1,2,0,0,1,18,21,98,1,1,83,79,0
1,2,1,1,14,1,0,1,29,21,98,1,0,78,82,2
1,0,1,1,2,0,1,1,18,21,98,0,1,83,79,0
1,2,1,1,14,1,1,1,29,21,98,0,0,78,82,2
1,0,1,1,2,0,0,1,18,21,98,0,1,83,79,0
1,2,1,1,14,1,0,1,29,21,98,0,0,78,82,2
1,0,0,1,8,1,2,0,26,19,81,0,1,67,100,2
1,2,0,1,15,1,2,1,24,19,81,0,1,99,70,1
1,0,1,1,8,1,2,0,26,19,81,1,1,67,100,2
1,2,1,1,15,1,2,1,24,19,81,1,1,99,70,1
1,0,1,1,8,1,0,0,26,19,81,2,1,67,100,2
1,2,1,1,15,1,0,1,24,19,81,2,1,99,70,1
1,0,1,1,8,1,0,0,26,19,81,0,1,67,100,2
1,2,1,1,15,1,0,1,24,19,81,0,1,99,70,1
1,0,1,1,8,1,1,0,26,19,81,1,1,67,100,2
1,2,1,1,15,1,1,1,24,19,81,1,1,99,70,1
1,0,1,1,8,1,1,0,26,19,81,2,1,67,100,2
1,2,1,1,15,1,1,1,24,19,81,2,1,99,70,1
0,1,1,1,9,1,1,1,24,17,93,1,1,52,82,2
0,1,1,1,1,1,1,1,25,17,93,1,1,53,80,1
0,0,1,1,7,0,1,1,18,17,93,1,1,58,78,1
0,2,1,1,10,0,1,0,18,17,93,1,1,61,86,2
0,1,0,1,9,1,1,1,24,17,93,0,1,52,82,2
0,1,0,1,1,1,1,1,25,17,93,0,1,53,80,1
0,0,0,1,7,0,1,1,18,17,93,0,1,58,78,1
0,2,0,1,10,0,1,0,18,17,93,0,1,61,86,2
0,1,0,1,9,1,1,1,24,17,93,1,1,52,82,2
0,1,0,1,1,1,1,1,25,17,93,1,1,53,80,1
0,0,0,1,7,0,1,1,18,17,93,1,1,58,78,1
0,2,0,1,10,0,1,0,18,17,93,1,1,61,86,2
1,3,0,1,17,1,0,2,29,17,82,0,1,71,61,0
1,1,0,1,8,0,0,2,21,17,82,0,1,56,64,2
1,2,0,1,12,1,0,3,24,17,82,0,0,65,46,2
1,3,0,1,17,1,1,2,29,17,82,1,1,71,61,0
1,1,0,1,8,0,1,2,21,17,82,1,1,56,64,2
1,2,0,1,12,1,1,3,24,17,82,1,0,65,46,2
1,3,0,1,17,1,2,2,29,17,82,1,1,71,61,0
1,1,0,1,8,0,2,2,21,17,82,1,1,56,64,2
1,2,0,1,12,1,2,3,24,17,82,1,0,65,46,2
1,3,1,1,17,1,1,2,29,17,82,1,1,71,61,0
1,1,1,1,8,0,1,2,21,17,82,1,1,56,64,2
1,2,1,1,12,1,1,3,24,17,82,1,0,65,46,2
1,3,1,1,17,1,2,2,29,17,82,2,1,71,61,0
1,1,1,1,8,0,2,2,21,17,82,2,1,56,64,2
1,2,1,1,12,1,2,3,24,17,82,2,0,65,46,2
1,0,0,1,16,1,1,3,29,16,83,1,1,75,46,2
1,3,0,1,5,0,1,0,21,16,83,1,1,61,95,1
1,0,1,1,16,1,2,3,29,16,83,1,1,75,46,2
1,3,1,1,5,0,2,0,21,16,83,1,1,61,95,1
1,0,1,1,16,1,0,3,29,16,83,1,1,75,46,2
1,3,1,1,5,0,0,0,21,16,83,1,1,61,95,1
1,0,1,1,16,1,1,3,29,16,83,1,1,75,46,2
1,3,1,1,5,0,1,0,21,16,83,1,1,61,95,1
1,0,0,1,3,1,1,2,25,27,68,1,1,87,55,1
1,2,0,1,14,1,1,1,22,27,68,1,0,90,76,2
1,2,0,1,19,0,1,3,28,27,68,1,1,51,43,1
1,0,1,1,3,1,1,2,25,27,68,0,1,87,55,1
1,2,1,1,14,1,1,1,22,27,68,0,0,90,76,2
1,2,1,1,19,0,1,3,28,27,68,0,1,51,43,1
1,0,1,1,3,1,0,2,25,27,68,1,1,87,55,1
1,2,1,1,14,1,0,1,22,27,68,1,0,90,76,2
1,2,1,1,19,0,0,3,28,27,68,1,1,51,43,1
1,0,0,1,3,1,1,2,25,27,68,2,1,87,55,1
1,2,0,1,14,1,1,1,22,27,68,2,0,90,76,2
1,2,0,1,19,0,1,3,28,27,68,2,1,51,43,1
1,0,1,1,3,1,0,2,25,27,68,2,1,87,55,1
1,2,1,1,14,1,0,1,22,27,68,2,0,90,76,2
1,2,1,1,19,0,0,3,28,27,68,2,1,51,43,1
1,0,1,1,14,1,2,0,20,27,97,0,1,69,97,2
1,2,1,1,1,1,2,3,22,27,97,0,1,61,50,2
1,3,1,1,3,1,2,0,24,27,97,0,0,79,100,2
0,2,0,1,14,1,0,0,23,8,94,2,0,81,88,1
0,3,0,1,14,1,0,3,25,8,94,2,0,73,44,2
1,2,1,1,15,1,2,2,24,18,91,2,0,65,56,2
1,2,1,1,17,1,2,1,28,18,91,2,0,87,72,1
1,3,1,1,18,1,2,0,22,18,91,2,1,85,92,1
1,0,1,1,3,0,2,1,20,18,91,2,0,63,71,0
1,2,0,1,15,1,1,2,24,18,91,2,0,65,56,2
1,2,0,1,17,1,1,1,28,18,91,2,0,87,72,1
1,3,0,1,18,1,1,0,22,18,91,2,1,85,92,1
1,0,0,1,3,0,1,1,20,18,91,2,0,63,71,0
1,2,0,1,15,1,0,2,24,18,91,1,0,65,56,2
1,2,0,1,17,1,0,1,28,18,91,1,0,87,72,1
1,3,0,1,18,1,0,0,22,18,91,1,1,85,92,1
1,0,0,1,3,0,0,1,20,18,91,1,0,63,71,0
1,2,0,1,15,1,1,2,24,18,91,1,0,65,56,2
1,2,0,1,17,1,1,1,28,18,91,1,0,87,72,1
1,3,0,1,18,1,1,0,22,18,91,1,1,85,92,1
1,0,0,1,3,0,1,1,20,18,91,1,0,63,71,0
1,2,1,1,15,1,1,2,24,18,91,0,0,65,56,2
1,2,1,1,17,1,1,1,28,18,91,0,0,87,72,1
1,3,1,1,18,1,1,0,22,18,91,0,1,85,92,1
1,0,1,1,3,0,1,1,20,18,91,0,0,63,71,0
1,2,1,1,15,1,1,2,24,18,91,1,0,65,56,2
1,2,1,1,17,1,1,1,28,18,91,1,0,87,72,1
1,3,1,1,18,1,1,0,22,18,91,1,1,85,92,1
1,0,1,1,3,0,1,1,20,18,91,1,0,63,71,0
1,2,0,1,15,1,2,2,24,18,91,1,0,65,56,2
1,2,0,1,17,1,2,1,28,18,91,1,0,87,72,1
1,3,0,1,18,1,2,0,22,18,91,1,1,85,92,1
1,0,0,1,3,0,2,1,20,18,91,1,0,63,71,0
1,2,1,1,15,1,2,2,24,18,91,1,0,65,56,2
1,2,1,1,17,1,2,1,28,18,91,1,0,87,72,1
1,3,1,1,18,1,2,0,22,18,91,1,1,85,92,1
1,0,1,1,3,0,2,1,20,18,91,1,0,63,71,0
1,2,0,1,15,1,1,2,24,18,91,0,0,65,56,2
1,2,0,1,17,1,1,1,28,18,91,0,0,87,72,1
1,3,0,1,18,1,1,0,22,18,91,0,1,85,92,1
1,0,0,1,3,0,1,1,20,18,91,0,0,63,71,0
0,2,0,1,5,0,2,0,20,18,76,1,1,83,97,0
0,3,0,1,10,0,2,3,28,18,76,1,1,62,52,1
0,3,0,1,12,1,2,0,20,18,76,1,1,87,98,2
0,2,0,1,8,1,2,0,29,18,76,1,1,55,93,0
0,2,0,1,5,0,1,0,20,18,76,2,1,83,97,0
0,3,0,1,10,0,1,3,28,18,76,2,1,62,52,1
0,3,0,1,12,1,1,0,20,18,76,2,1,87,98,2
0,2,0,1,8,1,1,0,29,18,76,2,1,55,93,0
0,2,0,1,5,0,0,0,20,18,76,2,1,83,97,0
0,3,0,1,10,0,0,3,28,18,76,2,1,62,52,1
0,3,0,1,12,1,0,0,20,18,76,2,1,87,98,2
0,2,0,1,8,1,0,0,29,18,76,2,1,55,93,0
0,2,1,1,5,0,2,0,20,18,76,2,1,83,97,0
0,3,1,1,10,0,2,3,28,18,76,2,1,62,52,1
0,3,1,1,12,1,2,0,20,18,76,2,1,87,98,2
0,2,1,1,8,1,2,0,29,18,76,2,1,55,93,0
0,2,0,1,5,0,1,0,20,18,76,0,1,83,97,0
0,3,0,1,10,0,1,3,28,18,76,0,1,62,52,1
0,3,0,1,12,1,1,0,20,18,76,0,1,87,98,2
0,2,0,1,8,1,1,0,29,18,76,0,1,55,93,0
0,1,0,1,13,1,0,0,25,12,80,2,1,97,86,1
0,1,0,1,14,1,0,2,20,12,80,2,0,90,66,2
0,1,0,1,13,1,1,0,25,12,80,1,1,97,86,1
0,1,0,1,14,1,1,2,20,12,80,1,0,90,66,2
0,1,0,1,13,1,0,0,25,12,80,1,1,97,86,1
0,1,0,1,14,1,0,2,20,12,80,1,0,90,66,2
0,1,1,1,13,1,1,0,25,12,80,2,1,97,86,1
0,1,1,1,14,1,1,2,20,12,80,2,0,90,66,2
1,0,0,1,5,1,1,3,20,15,79,0,0,92,45,0
1,1,0,1,0,1,1,1,19,15,79,0,1,93,81,2
1,2,0,1,18,1,1,1,27,15,79,0,1,76,80,2
1,0,1,1,5,1,1,3,20,15,79,1,0,92,45,0
1,1,1,1,0,1,1,1,19,15,79,1,1,93,81,2
1,2,1,1,18,1,1,1,27,15,79,1,1,76,80,2
0,0,0,1,19,1,1,3,19,13,70,1,1,65,52,1
0,0,0,1,5,1,1,1,20,13,70,1,1,87,75,2
0,0,0,1,0,1,1,0,28,13,70,1,1,55,86,0
0,0,1,1,19,1,1,3,19,13,70,1,1,65,52,1
0,0,1,1,5,1,1,1,20,13,70,1,1,87,75,2
0,0,1,1,0,1,1,0,28,13,70,1,1,55,86,0
0,0,1,1,19,1,0,3,19,13,70,2,1,65,52,1
0,0,1,1,5,1,0,1,20,13,70,2,1,87,75,2
0,0,1,1,0,1,0,0,28,13,70,2,1,55,86,0
0,0,1,1,6,1,2,1,19,31,80,0,1,91,80,2
0,0,1,1,6,1,1,1,19,31,80,2,1,91,80,2
1,0,1,1,2,1,1,2,25,28,65,1,1,70,64,0
1,0,1,1,2,1,1,2,25,28,65,2,1,70,64,0
0,1,0,1,1,1,1,1,26,13,90,1,1,94,81,2
0,3,1,1,17,1,0,2,19,23,81,1,0,56,59,2
0,0,1,1,16,1,0,1,26,23,81,1,1,89,83,1
0,3,1,1,17,1,0,2,19,23,81,2,0,56,59,2
0,0,1,1,16,1,0,1,26,23,81,2,1,89,83,1
0,3,0,1,17,1,0,2,19,23,81,1,0,56,59,2
0,0,0,1,16,1,0,1,26,23,81,1,1,89,83,1
0,3,0,1,17,1,2,2,19,23,81,0,0,56,59,2
0,0,0,1,16,1,2,1,26,23,81,0,1,89,83,1
0,3,1,1,18,1,2,0,29,24,89,1,1,66,90,1
0,0,1,1,18,1,2,2,26,24,89,1,0,98,62,1
0,3,1,1,18,1,1,0,29,24,89,1,1,66,90,1
0,0,1,1,18,1,1,2,26,24,89,1,0,98,62,1
0,3,0,1,18,1,1,0,29,24,89,1,1,66,90,1
0,0,0,1,18,1,1,2,26,24,89,1,0,98,62,1
0,3,1,0,18,1,1,0,29,24,89,1,1,66,90,1
0,0,1,0,18,1,1,2,26,24,89,1,0,98,62,1
0,2,0,1,20,0,0,0,28,23,68,1,0,61,93,2
0,2,0,1,14,1,0,1,26,23,68,1,1,88,71,0
0,1,0,1,1,1,0,0,28,23,68,1,0,82,99,2
0,1,0,1,14,0,0,2,20,23,68,1,0,77,69,1
0,2,1,1,20,0,2,0,28,23,68,2,0,61,93,2
0,2,1,1,14,1,2,1,26,23,68,2,1,88,71,0
0,1,1,1,1,1,2,0,28,23,68,2,0,82,99,2
0,1,1,1,14,0,2,2,20,23,68,2,0,77,69,1
0,2,0,1,20,0,1,0,28,23,68,1,0,61,93,2
0,2,0,1,14,1,1,1,26,23,68,1,1,88,71,0
0,1,0,1,1,1,1,0,28,23,68,1,0,82,99,2
0,1,0,1,14,0,1,2,20,23,68,1,0,77,69,1
0,2,0,1,20,0,2,0,28,23,68,0,0,61,93,2
0,2,0,1,14,1,2,1,26,23,68,0,1,88,71,0
0,1,0,1,1,1,2,0,28,23,68,0,0,82,99,2
0,1,0,1,14,0,2,2,20,23,68,0,0,77,69,1
0,2,0,1,20,0,2,0,28,23,68,2,0,61,93,2
0,2,0,1,14,1,2,1,26,23,68,2,1,88,71,0
0,1,0,1,1,1,2,0,28,23,68,2,0,82,99,2
0,1,0,1,14,0,2,2,20,23,68,2,0,77,69,1
0,2,1,1,20,0,1,0,28,23,68,1,0,61,93,2
0,2,1,1,14,1,1,1,26,23,68,1,1,88,71,0
0,1,1,1,1,1,1,0,28,23,68,1,0,82,99,2
0,1,1,1,14,0,1,2,20,23,68,1,0,77,69,1
1,0,0,1,12,1,0,2,28,27,79,0,1,85,57,1
1,0,1,1,12,1,2,2,28,27,79,0,1,85,57,1
0,0,1,1,19,1,1,3,19,24,73,1,0,54,44,2
0,0,1,1,1,1,1,2,27,24,73,1,1,67,69,2
1,3,1,1,10,0,1,0,19,22,76,2,0,91,85,2
1,2,1,1,4,0,1,3,23,22,76,2,1,88,49,2
1,3,0,1,10,0,1,0,19,22,76,2,0,91,85,2
1,2,0,1,4,0,1,3,23,22,76,2,1,88,49,2
1,3,1,1,10,0,1,0,19,22,76,1,0,91,85,2
1,2,1,1,4,0,1,3,23,22,76,1,1,88,49,2
1,3,1,1,10,0,0,0,19,22,76,0,0,91,85,2
1,2,1,1,4,0,0,3,23,22,76,0,1,88,49,2
1,2,1,0,16,1,2,1,25,12,99,1,0,55,84,2
1,3,1,0,9,1,2,3,29,12,99,1,1,56,49,2
1,3,1,0,13,1,2,0,21,12,99,1,1,83,99,2
1,2,0,1,16,1,1,1,25,12,99,1,0,55,84,2
1,3,0,1,9,1,1,3,29,12,99,1,1,56,49,2
1,3,0,1,13,1,1,0,21,12,99,1,1,83,99,2
1,2,1,1,16,1,2,1,25,12,99,1,0,55,84,2
1,3,1,1,9,1,2,3,29,12,99,1,1,56,49,2
1,3,1,1,13,1,2,0,21,12,99,1,1,83,99,2
1,0,1,1,19,0,1,0,25,26,69,1,1,84,92,0
1,3,1,1,16,0,1,1,18,26,69,1,0,82,81,1
1,1,1,1,12,1,1,0,20,26,69,1,0,90,93,1
1,0,0,1,19,0,0,0,25,26,69,0,1,84,92,0
1,3,0,1,16,0,0,1,18,26,69,0,0,82,81,1
1,1,0,1,12,1,0,0,20,26,69,0,0,90,93,1
1,0,1,1,19,0,0,0,25,26,69,1,1,84,92,0
1,3,1,1,16,0,0,1,18,26,69,1,0,82,81,1
1,1,1,1,12,1,0,0,20,26,69,1,0,90,93,1
1,0,0,1,19,0,1,0,25,26,69,0,1,84,92,0
1,3,0,1,16,0,1,1,18,26,69,0,0,82,81,1
1,1,0,1,12,1,1,0,20,26,69,0,0,90,93,1
0,3,1,1,5,0,2,3,21,19,84,0,0,91,49,1
0,2,1,1,19,1,2,2,27,19,84,0,0,98,66,0
0,3,0,1,5,0,1,3,21,19,84,1,0,91,49,1
0,2,0,1,19,1,1,2,27,19,84,1,0,98,66,0
0,3,1,1,5,0,1,3,21,19,84,0,0,91,49,1
0,2,1,1,19,1,1,2,27,19,84,0,0,98,66,0
0,3,1,1,5,0,1,3,21,19,84,1,0,91,49,1
0,2,1,1,19,1,1,2,27,19,84,1,0,98,66,0
0,3,0,1,5,0,0,3,21,19,84,2,0,91,49,1
0,2,0,1,19,1,0,2,27,19,84,2,0,98,66,0
0,1,0,1,19,1,1,3,20,17,77,0,0,58,48,1
0,3,0,1,16,1,1,0,21,17,77,0,1,77,92,2
0,1,0,1,8,1,1,2,18,17,77,0,1,88,63,2
0,0,0,1,13,0,1,3,29,17,77,0,1,77,48,2
0,1,1,1,19,1,2,3,20,17,77,0,0,58,48,1
0,3,1,1,16,1,2,0,21,17,77,0,1,77,92,2
0,1,1,1,8,1,2,2,18,17,77,0,1,88,63,2
0,0,1,1,13,0,2,3,29,17,77,0,1,77,48,2
0,1,1,1,19,1,1,3,20,17,77,0,0,58,48,1
0,3,1,1,16,1,1,0,21,17,77,0,1,77,92,2
0,1,1,1,8,1,1,2,18,17,77,0,1,88,63,2
0,0,1,1,13,0,1,3,29,17,77,0,1,77,48,2
0,1,1,1,19,0,2,3,28,26,63,1,1,55,41,1
0,1,0,1,19,0,2,3,28,26,63,1,1,55,41,1
0,1,1,1,19,0,1,3,28,26,63,1,1,55,41,1
1,2,0,0,7,1,1,1,29,16,80,2,0,86,72,2
1,2,0,1,7,1,1,1,29,16,80,1,0,86,72,2
1,2,1,1,7,1,1,1,29,16,80,2,0,86,72,2
1,0,0,1,20,1,1,2,26,12,72,0,0,54,68,2
1,3,0,1,10,1,1,0,21,12,72,0,0,80,88,0
1,3,0,1,14,1,1,2,23,12,72,0,1,93,69,1
1,0,0,1,14,0,1,3,25,12,72,0,1,56,47,2
1,3,0,1,10,1,1,2,27,12,72,0,1,90,57,0
1,0,1,1,20,1,2,2,26,12,72,2,0,54,68,2
1,3,1,1,10,1,2,0,21,12,72,2,0,80,88,0
1,3,1,1,14,1,2,2,23,12,72,2,1,93,69,1
1,0,1,1,14,0,2,3,25,12,72,2,1,56,47,2
1,3,1,1,10,1,2,2,27,12,72,2,1,90,57,0
1,0,1,1,20,1,0,2,26,12,72,1,0,54,68,2
1,3,1,1,10,1,0,0,21,12,72,1,0,80,88,0
1,3,1,1,14,1,0,2,23,12,72,1,1,93,69,1
1,0,1,1,14,0,0,3,25,12,72,1,1,56,47,2
1,3,1,1,10,1,0,2,27,12,72,1,1,90,57,0
1,0,1,1,20,1,1,2,26,12,72,2,0,54,68,2
1,3,1,1,10,1,1,0,21,12,72,2,0,80,88,0
1,3,1,1,14,1,1,2,23,12,72,2,1,93,69,1
1,0,1,1,14,0,1,3,25,12,72,2,1,56,47,2
1,3,1,1,10,1,1,2,27,12,72,2,1,90,57,0
1,0,0,1,20,1,1,2,26,12,72,2,0,54,68,2
1,3,0,1,10,1,1,0,21,12,72,2,0,80,88,0
1,3,0,1,14,1,1,2,23,12,72,2,1,93,69,1
1,0,0,1,14,0,1,3,25,12,72,2,1,56,47,2
1,3,0,1,10,1,1,2,27,12,72,2,1,90,57,0
1,0,1,1,20,1,1,2,26,12,72,0,0,54,68,2
1,3,1,1,10,1,1,0,21,12,72,0,0,80,88,0
1,3,1,1,14,1,1,2,23,12,72,0,1,93,69,1
1,0,1,1,14,0,1,3,25,12,72,0,1,56,47,2
1,3,1,1,10,1,1,2,27,12,72,0,1,90,57,0
1,2,0,1,5,1,1,2,22,30,75,2,0,98,57,2
1,2,1,1,5,1,1,2,22,30,75,0,0,98,57,2
1,2,0,1,5,1,1,2,22,30,75,1,0,98,57,2
1,2,1,1,5,1,0,2,22,30,75,0,0,98,57,2
1,1,1,1,2,0,1,0,18,19,92,1,0,92,96,2
1,0,1,1,2,1,1,0,22,19,92,1,0,62,88,1
1,1,1,1,2,0,1,3,18,19,92,1,1,81,46,0
1,0,1,1,2,1,1,0,27,19,92,1,0,89,85,0
1,1,1,1,2,0,1,0,18,19,92,0,0,92,96,2
1,0,1,1,2,1,1,0,22,19,92,0,0,62,88,1
1,1,1,1,2,0,1,3,18,19,92,0,1,81,46,0
1,0,1,1,2,1,1,0,27,19,92,0,0,89,85,0
1,1,1,0,2,0,1,0,18,19,92,1,0,92,96,2
1,0,1,0,2,1,1,0,22,19,92,1,0,62,88,1
1,1,1,0,2,0,1,3,18,19,92,1,1,81,46,0
1,0,1,0,2,1,1,0,27,19,92,1,0,89,85,0
1,1,0,1,2,0,1,0,18,19,92,1,0,92,96,2
1,0,0,1,2,1,1,0,22,19,92,1,0,62,88,1
1,1,0,1,2,0,1,3,18,19,92,1,1,81,46,0
1,0,0,1,2,1,1,0,27,19,92,1,0,89,85,0
0,1,1,1,9,1,2,1,19,20,65,1,1,51,79,2
0,0,1,1,16,1,2,0,22,20,65,1,0,87,95,2
0,1,1,1,9,1,1,1,19,20,65,0,1,51,79,2
0,0,1,1,16,1,1,0,22,20,65,0,0,87,95,2
0,1,1,1,9,1,1,1,19,20,65,2,1,51,79,2
0,0,1,1,16,1,1,0,22,20,65,2,0,87,95,2
0,1,0,1,9,1,1,1,19,20,65,1,1,51,79,2
0,0,0,1,16,1,1,0,22,20,65,1,0,87,95,2
0,3,1,1,10,1,1,0,21,21,66,1,1,61,92,1
0,2,1,1,7,1,1,1,27,21,66,1,1,78,71,2
0,3,1,1,10,1,2,0,21,21,66,2,1,61,92,1
0,2,1,1,7,1,2,1,27,21,66,2,1,78,71,2
0,3,1,1,10,1,1,0,21,21,66,0,1,61,92,1
0,2,1,1,7,1,1,1,27,21,66,0,1,78,71,2
0,3,1,1,10,1,1,0,21,21,66,2,1,61,92,1
0,2,1,1,7,1,1,1,27,21,66,2,1,78,71,2
0,2,0,0,19,1,1,1,27,18,69,0,0,89,72,2
0,2,0,0,7,0,1,1,28,18,69,0,0,81,79,2
0,2,0,0,20,1,1,2,26,18,69,0,0,65,64,1
0,2,1,1,19,1,2,1,27,18,69,1,0,89,72,2
0,2,1,1,7,0,2,1,28,18,69,1,0,81,79,2
0,2,1,1,20,1,2,2,26,18,69,1,0,65,64,1
1,1,1,1,11,1,1,2,22,20,89,1,1,92,68,2
1,1,1,1,14,0,1,2,19,20,89,1,1,79,57,0
1,0,1,1,13,1,1,0,21,20,89,1,1,81,99,2
1,2,1,1,15,0,1,3,29,20,89,1,1,55,41,2
1,1,1,1,11,1,1,2,22,20,89,0,1,92,68,2
1,1,1,1,14,0,1,2,19,20,89,0,1,79,57,0
1,0,1,1,13,1,1,0,21,20,89,0,1,81,99,2
1,2,1,1,15,0,1,3,29,20,89,0,1,55,41,2
1,1,1,1,11,1,2,2,22,20,89,0,1,92,68,2
1,1,1,1,14,0,2,2,19,20,89,0,1,79,57,0
1,0,1,1,13,1,2,0,21,20,89,0,1,81,99,2
1,2,1,1,15,0,2,3,29,20,89,0,1,55,41,2
1,1,1,1,11,1,1,2,22,20,89,2,1,92,68,2
1,1,1,1,14,0,1,2,19,20,89,2,1,79,57,0
1,0,1,1,13,1,1,0,21,20,89,2,1,81,99,2
1,2,1,1,15,0,1,3,29,20,89,2,1,55,41,2
1,1,1,1,11,1,0,2,22,20,89,0,1,92,68,2
1,1,1,1,14,0,0,2,19,20,89,0,1,79,57,0
1,0,1,1,13,1,0,0,21,20,89,0,1,81,99,2
1,2,1,1,15,0,0,3,29,20,89,0,1,55,41,2
1,1,0,1,11,1,2,2,22,20,89,0,1,92,68,2
1,1,0,1,14,0,2,2,19,20,89,0,1,79,57,0
1,0,0,1,13,1,2,0,21,20,89,0,1,81,99,2
1,2,0,1,15,0,2,3,29,20,89,0,1,55,41,2
1,1,0,1,11,1,2,2,22,20,89,1,1,92,68,2
1,1,0,1,14,0,2,2,19,20,89,1,1,79,57,0
1,0,0,1,13,1,2,0,21,20,89,1,1,81,99,2
1,2,0,1,15,0,2,3,29,20,89,1,1,55,41,2
1,0,1,1,0,1,0,1,27,10,81,0,0,63,81,2
1,0,1,1,0,1,1,1,27,10,81,1,0,63,81,2
1,0,0,1,0,1,2,1,27,10,81,1,0,63,81,2
0,2,0,1,9,1,1,2,18,12,82,2,0,74,66,1
0,0,0,1,4,0,1,3,25,12,82,2,0,83,41,0
0,2,1,1,9,1,1,2,18,12,82,2,0,74,66,1
0,0,1,1,4,0,1,3,25,12,82,2,0,83,41,0
0,2,0,1,9,1,0,2,18,12,82,0,0,74,66,1
0,0,0,1,4,0,0,3,25,12,82,0,0,83,41,0
1,3,1,1,20,1,0,2,27,24,78,2,1,89,55,2
1,1,1,1,20,1,0,2,23,24,78,2,0,59,55,1
1,0,1,1,3,1,0,0,23,24,78,2,1,66,98,2
1,1,1,1,4,1,0,2,29,24,78,2,1,71,64,2
1,3,1,1,20,1,2,2,27,24,78,1,1,89,55,2
1,1,1,1,20,1,2,2,23,24,78,1,0,59,55,1
1,0,1,1,3,1,2,0,23,24,78,1,1,66,98,2
1,1,1,1,4,1,2,2,29,24,78,1,1,71,64,2
1,3,1,1,20,1,1,2,27,24,78,0,1,89,55,2
1,1,1,1,20,1,1,2,23,24,78,0,0,59,55,1
1,0,1,1,3,1,1,0,23,24,78,0,1,66,98,2
1,1,1,1,4,1,1,2,29,24,78,0,1,71,64,2
1,1,0,1,6,1,1,0,25,21,73,1,1,81,90,0
1,3,0,1,6,1,1,0,25,21,73,1,0,89,87,2
1,1,1,1,6,1,1,0,25,21,73,2,1,81,90,0
1,3,1,1,6,1,1,0,25,21,73,2,0,89,87,2
1,1,1,1,6,1,1,0,25,21,73,1,1,81,90,0
1,3,1,1,6,1,1,0,25,21,73,1,0,89,87,2
1,1,0,1,6,1,1,0,25,21,73,2,1,81,90,0
1,3,0,1,6,1,1,0,25,21,73,2,0,89,87,2
1,1,0,0,6,1,1,0,25,21,73,1,1,81,90,0
1,3,0,0,6,1,1,0,25,21,73,1,0,89,87,2
1,3,1,1,19,1,1,1,23,20,84,0,0,59,77,2
1,1,1,1,20,1,1,0,23,20,84,0,1,82,98,1
1,0,1,1,11,1,1,2,24,20,84,0,1,100,62,1
1,3,0,1,19,1,1,1,23,20,84,1,0,59,77,2
1,1,0,1,20,1,1,0,23,20,84,1,1,82,98,1
1,0,0,1,11,1,1,2,24,20,84,1,1,100,62,1
1,3,0,1,19,1,1,1,23,20,84,0,0,59,77,2
1,1,0,1,20,1,1,0,23,20,84,0,1,82,98,1
1,0,0,1,11,1,1,2,24,20,84,0,1,100,62,1
1,3,1,1,19,1,1,1,23,20,84,2,0,59,77,2
1,1,1,1,20,1,1,0,23,20,84,2,1,82,98,1
1,0,1,1,11,1,1,2,24,20,84,2,1,100,62,1
1,3,0,1,19,1,2,1,23,20,84,1,0,59,77,2
1,1,0,1,20,1,2,0,23,20,84,1,1,82,98,1
1,0,0,1,11,1,2,2,24,20,84,1,1,100,62,1
1,3,0,1,19,1,0,1,23,20,84,1,0,59,77,2
1,1,0,1,20,1,0,0,23,20,84,1,1,82,98,1
1,0,0,1,11,1,0,2,24,20,84,1,1,100,62,1
1,3,1,1,19,1,1,1,23,20,84,1,0,59,77,2
1,1,1,1,20,1,1,0,23,20,84,1,1,82,98,1
1,0,1,1,11,1,1,2,24,20,84,1,1,100,62,1
1,2,0,1,12,1,2,0,20,17,98,0,0,53,98,0
1,1,0,1,15,1,2,1,20,17,98,0,1,77,84,2
1,0,0,1,12,1,2,0,26,17,98,0,1,68,95,1
1,2,0,1,20,1,2,0,28,17,98,0,1,75,99,2
1,2,1,1,12,1,2,0,20,17,98,0,0,53,98,0
1,1,1,1,15,1,2,1,20,17,98,0,1,77,84,2
1,0,1,1,12,1,2,0,26,17,98,0,1,68,95,1
1,2,1,1,20,1,2,0,28,17,98,0,1,75,99,2
1,2,0,1,12,1,1,0,20,17,98,1,0,53,98,0
1,1,0,1,15,1,1,1,20,17,98,1,1,77,84,2
1,0,0,1,12,1,1,0,26,17,98,1,1,68,95,1
1,2,0,1,20,1,1,0,28,17,98,1,1,75,99,2
1,2,1,1,12,1,2,0,20,17,98,1,0,53,98,0
1,1,1,1,15,1,2,1,20,17,98,1,1,77,84,2
1,0,1,1,12,1,2,0,26,17,98,1,1,68,95,1
1,2,1,1,20,1,2,0,28,17,98,1,1,75,99,2
1,2,1,1,12,1,2,0,20,17,98,2,0,53,98,0
1,1,1,1,15,1,2,1,20,17,98,2,1,77,84,2
1,0,1,1,12,1,2,0,26,17,98,2,1,68,95,1
1,2,1,1,20,1,2,0,28,17,98,2,1,75,99,2
1,2,0,1,12,1,2,0,20,17,98,1,0,53,98,0
1,1,0,1,15,1,2,1,20,17,98,1,1,77,84,2
1,0,0,1,12,1,2,0,26,17,98,1,1,68,95,1
1,2,0,1,20,1,2,0,28,17,98,1,1,75,99,2
1,2,0,1,12,1,1,0,20,17,98,0,0,53,98,0
1,1,0,1,15,1,1,1,20,17,98,0,1,77,84,2
1,0,0,1,12,1,1,0,26,17,98,0,1,68,95,1
1,2,0,1,20,1,1,0,28,17,98,0,1,75,99,2
1,0,0,1,6,1,1,2,21,15,94,0,0,60,69,2
1,0,0,1,6,1,0,2,21,15,94,1,0,60,69,2
1,0,1,1,6,1,0,2,21,15,94,1,0,60,69,2
1,0,0,1,6,1,1,2,21,15,94,1,0,60,69,2
1,0,1,1,6,1,2,2,21,15,94,1,0,60,69,2
0,0,0,1,10,1,2,2,20,21,96,1,1,81,55,0
0,0,1,1,10,1,2,2,20,21,96,0,1,81,55,0
0,0,1,0,10,1,1,2,20,21,96,2,1,81,55,0
0,0,1,1,10,1,1,2,20,21,96,1,1,81,55,0
1,0,1,1,2,1,1,2,26,14,79,1,0,63,68,0
1,0,1,1,2,1,0,2,26,14,79,1,0,63,68,0
1,0,0,1,2,1,1,2,26,14,79,1,0,63,68,0
0,1,0,1,14,0,1,3,26,26,76,0,1,53,48,1
0,3,0,1,6,1,1,3,29,26,76,0,1,84,40,2
0,3,0,1,11,1,1,1,28,26,76,0,0,77,73,2
0,1,1,1,14,0,0,3,26,26,76,1,1,53,48,1
0,3,1,1,6,1,0,3,29,26,76,1,1,84,40,2
0,3,1,1,11,1,0,1,28,26,76,1,0,77,73,2
1,3,1,1,4,1,1,2,26,22,77,1,1,60,65,0
1,3,1,1,2,1,1,0,27,22,77,1,0,68,96,1
1,2,1,1,18,0,1,3,25,22,77,1,0,65,47,1
1,3,1,0,4,1,1,2,26,22,77,1,1,60,65,0
1,3,1,0,2,1,1,0,27,22,77,1,0,68,96,1
1,2,1,0,18,0,1,3,25,22,77,1,0,65,47,1
1,3,1,1,4,1,0,2,26,22,77,1,1,60,65,0
1,3,1,1,2,1,0,0,27,22,77,1,0,68,96,1
1,2,1,1,18,0,0,3,25,22,77,1,0,65,47,1
1,3,1,1,4,1,1,2,26,22,77,2,1,60,65,0
1,3,1,1,2,1,1,0,27,22,77,2,0,68,96,1
1,2,1,1,18,0,1,3,25,22,77,2,0,65,47,1
1,3,0,1,4,1,2,2,26,22,77,0,1,60,65,0
1,3,0,1,2,1,2,0,27,22,77,0,0,68,96,1
1,2,0,1,18,0,2,3,25,22,77,0,0,65,47,1
1,3,0,1,4,1,0,2,26,22,77,1,1,60,65,0
1,3,0,1,2,1,0,0,27,22,77,1,0,68,96,1
1,2,0,1,18,0,0,3,25,22,77,1,0,65,47,1
1,1,0,0,16,1,2,1,28,26,84,1,1,67,75,1
1,0,0,0,17,0,2,3,20,26,84,1,1,93,53,0
1,1,0,1,16,1,1,1,28,26,84,0,1,67,75,1
1,0,0,1,17,0,1,3,20,26,84,0,1,93,53,0
1,1,0,1,16,1,1,1,28,26,84,1,1,67,75,1
1,0,0,1,17,0,1,3,20,26,84,1,1,93,53,0
1,1,0,0,16,1,1,1,28,26,84,1,1,67,75,1
1,0,0,0,17,0,1,3,20,26,84,1,1,93,53,0
1,2,1,1,5,1,1,2,21,30,88,1,0,78,61,1
1,1,1,1,7,1,1,1,28,30,88,1,0,58,76,1
1,2,1,1,10,1,1,3,29,30,88,1,0,51,49,0
1,2,1,1,5,1,1,2,21,30,88,2,0,78,61,1
1,1,1,1,7,1,1,1,28,30,88,2,0,58,76,1
1,2,1,1,10,1,1,3,29,30,88,2,0,51,49,0
1,0,1,1,8,1,0,1,27,26,98,2,1,53,78,2
1,3,1,1,8,1,0,1,18,26,98,2,0,68,73,2
1,1,1,1,4,0,0,0,19,26,98,2,0,72,86,0
1,3,1,1,9,0,0,0,22,26,98,2,1,52,91,2
1,0,1,1,8,1,2,1,27,26,98,0,1,53,78,2
1,3,1,1,8,1,2,1,18,26,98,0,0,68,73,2
1,1,1,1,4,0,2,0,19,26,98,0,0,72,86,0
1,3,1,1,9,0,2,0,22,26,98,0,1,52,91,2
1,0,1,1,8,1,2,1,27,26,98,1,1,53,78,2
1,3,1,1,8,1,2,1,18,26,98,1,0,68,73,2
1,1,1,1,4,0,2,0,19,26,98,1,0,72,86,0
1,3,1,1,9,0,2,0,22,26,98,1,1,52,91,2
1,0,1,1,8,1,1,1,27,26,98,0,1,53,78,2
1,3,1,1,8,1,1,1,18,26,98,0,0,68,73,2
1,1,1,1,4,0,1,0,19,26,98,0,0,72,86,0
1,3,1,1,9,0,1,0,22,26,98,0,1,52,91,2
1,0,0,1,8,1,1,1,27,26,98,1,1,53,78,2
1,3,0,1,8,1,1,1,18,26,98,1,0,68,73,2
1,1,0,1,4,0,1,0,19,26,98,1,0,72,86,0
1,3,0,1,9,0,1,0,22,26,98,1,1,52,91,2
1,0,1,1,8,1,0,1,27,26,98,1,1,53,78,2
1,3,1,1,8,1,0,1,18,26,98,1,0,68,73,2
1,1,1,1,4,0,0,0,19,26,98,1,0,72,86,0
1,3,1,1,9,0,0,0,22,26,98,1,1,52,91,2
1,3,1,1,3,0,1,3,18,16,81,1,0,73,50,1
1,3,0,1,3,0,2,3,18,16,81,1,0,73,50,1
1,3,1,0,3,0,2,3,18,16,81,2,0,73,50,1
1,3,1,1,3,0,1,3,18,16,81,2,0,73,50,1
1,3,0,1,3,0,1,3,18,16,81,2,0,73,50,1
0,0,1,1,17,1,2,1,27,23,91,0,1,58,73,2
0,0,0,1,17,1,1,1,27,23,91,1,1,58,73,2
0,0,1,1,17,1,0,1,27,23,91,2,1,58,73,2
0,0,1,1,17,1,0,1,27,23,91,1,1,58,73,2
0,1,1,1,20,1,2,2,22,16,82,0,0,65,69,2
0,1,1,1,8,1,2,2,26,16,82,0,1,61,61,1
0,0,1,1,16,0,2,0,18,16,82,0,0,58,85,0
0,1,1,1,20,1,0,2,22,16,82,1,0,65,69,2
0,1,1,1,8,1,0,2,26,16,82,1,1,61,61,1
0,0,1,1,16,0,0,0,18,16,82,1,0,58,85,0
0,1,0,1,20,1,2,2,22,16,82,1,0,65,69,2
0,1,0,1,8,1,2,2,26,16,82,1,1,61,61,1
0,0,0,1,16,0,2,0,18,16,82,1,0,58,85,0
0,1,0,1,20,1,1,2,22,16,82,1,0,65,69,2
0,1,0,1,8,1,1,2,26,16,82,1,1,61,61,1
0,0,0,1,16,0,1,0,18,16,82,1,0,58,85,0
0,1,1,1,20,1,1,2,22,16,82,2,0,65,69,2
0,1,1,1,8,1,1,2,26,16,82,2,1,61,61,1
0,0,1,1,16,0,1,0,18,16,82,2,0,58,85,0
0,1,0,1,20,1,1,2,22,16,82,0,0,65,69,2
0,1,0,1,8,1,1,2,26,16,82,0,1,61,61,1
0,0,0,1,16,0,1,0,18,16,82,0,0,58,85,0
0,1,1,1,8,1,1,1,18,16,79,1,0,90,80,2
0,0,1,1,7,1,1,3,21,16,79,1,1,52,43,2
0,1,1,1,7,1,1,1,24,16,79,1,1,100,78,0
0,3,1,1,3,1,1,1,21,16,79,1,0,70,83,0
0,0,1,1,6,1,1,3,29,16,79,1,0,73,47,2
0,1,1,1,8,1,2,1,18,16,79,1,0,90,80,2
0,0,1,1,7,1,2,3,21,16,79,1,1,52,43,2
0,1,1,1,7,1,2,1,24,16,79,1,1,100,78,0
0,3,1,1,3,1,2,1,21,16,79,1,0,70,83,0
0,0,1,1,6,1,2,3,29,16,79,1,0,73,47,2
0,1,0,1,8,1,1,1,18,16,79,0,0,90,80,2
0,0,0,1,7,1,1,3,21,16,79,0,1,52,43,2
0,1,0,1,7,1,1,1,24,16,79,0,1,100,78,0
0,3,0,1,3,1,1,1,21,16,79,0,0,70,83,0
0,0,0,1,6,1,1,3,29,16,79,0,0,73,47,2
0,2,1,1,12,0,2,0,29,12,85,2,0,93,97,1
0,3,1,1,14,1,2,1,23,12,85,2,1,91,73,2
0,0,1,1,12,1,2,1,24,12,85,2,1,56,76,1
0,2,1,1,16,0,2,0,25,12,85,2,0,58,89,2
1,2,1,1,16,1,1,2,27,14,76,0,1,88,56,1
1,3,1,1,9,1,1,2,20,14,76,0,0,76,60,1
1,2,1,1,16,1,1,2,27,14,76,1,1,88,56,1
1,3,1,1,9,1,1,2,20,14,76,1,0,76,60,1
1,2,0,0,16,1,0,2,27,14,76,0,1,88,56,1
1,3,0,0,9,1,0,2,20,14,76,0,0,76,60,1
1,2,0,1,16,1,1,2,27,14,76,2,1,88,56,1
1,3,0,1,9,1,1,2,20,14,76,2,0,76,60,1
1,2,0,1,16,1,1,2,27,14,76,0,1,88,56,1
1,3,0,1,9,1,1,2,20,14,76,0,0,76,60,1
1,2,0,1,16,1,1,2,27,14,76,1,1,88,56,1
1,3,0,1,9,1,1,2,20,14,76,1,0,76,60,1
1,0,1,1,20,1,2,0,22,12,68,1,1,58,85,2
1,2,1,1,17,1,2,2,29,12,68,1,0,58,68,0
1,0,1,1,3,0,2,3,21,12,68,1,1,95,46,2
1,0,0,1,20,1,2,0,22,12,68,1,1,58,85,2
1,2,0,1,17,1,2,2,29,12,68,1,0,58,68,0
1,0,0,1,3,0,2,3,21,12,68,1,1,95,46,2
1,0,0,1,20,1,0,0,22,12,68,0,1,58,85,2
1,2,0,1,17,1,0,2,29,12,68,0,0,58,68,0
1,0,0,1,3,0,0,3,21,12,68,0,1,95,46,2
1,0,1,1,20,1,1,0,22,12,68,0,1,58,85,2
1,2,1,1,17,1,1,2,29,12,68,0,0,58,68,0
1,0,1,1,3,0,1,3,21,12,68,0,1,95,46,2
1,2,1,1,5,1,0,0,22,26,80,1,0,96,90,2
1,1,1,1,10,1,0,2,19,26,80,1,1,82,66,1
1,2,1,1,5,1,1,0,22,26,80,1,0,96,90,2
1,1,1,1,10,1,1,2,19,26,80,1,1,82,66,1
1,2,0,1,5,1,1,0,22,26,80,0,0,96,90,2
1,1,0,1,10,1,1,2,19,26,80,0,1,82,66,1
1,2,0,1,5,1,0,0,22,26,80,2,0,96,90,2
1,1,0,1,10,1,0,2,19,26,80,2,1,82,66,1
1,2,1,0,5,1,1,0,22,26,80,1,0,96,90,2
1,1,1,0,10,1,1,2,19,26,80,1,1,82,66,1
0,2,1,0,15,1,0,2,28,14,89,0,1,62,68,2
0,1,1,0,17,1,0,2,21,14,89,0,1,70,68,2
0,0,1,0,4,0,0,3,24,14,89,0,1,86,49,2
0,2,0,1,15,1,1,2,28,14,89,2,1,62,68,2
0,1,0,1,17,1,1,2,21,14,89,2,1,70,68,2
0,0,0,1,4,0,1,3,24,14,89,2,1,86,49,2
0,2,0,1,15,1,0,2,28,14,89,0,1,62,68,2
0,1,0,1,17,1,0,2,21,14,89,0,1,70,68,2
0,0,0,1,4,0,0,3,24,14,89,0,1,86,49,2
0,3,0,1,9,1,1,1,27,21,76,1,0,67,73,2
0,3,0,1,9,1,1,1,27,21,76,0,0,67,73,2
0,3,1,1,9,1,2,1,27,21,76,0,0,67,73,2
0,3,0,1,9,1,2,1,27,21,76,1,0,67,73,2
0,3,1,1,9,1,1,1,27,21,76,0,0,67,73,2
0,3,1,1,10,1,1,0,23,24,82,1,0,92,86,2
0,2,1,1,1,0,1,3,21,24,82,1,0,55,42,2
0,0,1,1,4,1,1,3,25,24,82,1,1,76,42,0
0,1,1,1,2,1,1,3,27,24,82,1,1,59,40,1
0,3,0,1,10,1,1,0,23,24,82,1,0,92,86,2
0,2,0,1,1,0,1,3,21,24,82,1,0,55,42,2
0,0,0,1,4,1,1,3,25,24,82,1,1,76,42,0
0,1,0,1,2,1,1,3,27,24,82,1,1,59,40,1
1,3,1,1,13,0,1,2,27,35,65,2,1,95,59,1
1,1,1,1,9,0,1,0,25,35,65,2,1,94,98,2
1,1,0,1,18,1,0,3,23,19,80,1,0,55,49,2
1,3,0,1,14,1,0,0,23,19,80,1,1,69,91,2
1,1,1,1,18,1,1,3,23,19,80,1,0,55,49,2
1,3,1,1,14,1,1,0,23,19,80,1,1,69,91,2
1,1,0,1,18,1,0,3,23,19,80,2,0,55,49,2
1,3,0,1,14,1,0,0,23,19,80,2,1,69,91,2
1,1,0,1,18,1,0,3,23,19,80,0,0,55,49,2
1,3,0,1,14,1,0,0,23,19,80,0,1,69,91,2
1,1,1,1,18,1,1,3,23,19,80,0,0,55,49,2
1,3,1,1,14,1,1,0,23,19,80,0,1,69,91,2
1,1,1,1,18,1,2,3,23,19,80,1,0,55,49,2
1,3,1,1,14,1,2,0,23,19,80,1,1,69,91,2
1,2,1,1,10,1,1,2,25,27,67,1,1,77,65,2
1,3,1,1,17,0,1,0,23,27,67,1,1,80,85,0
1,2,1,1,5,1,1,1,27,27,67,1,0,95,83,2
1,2,0,1,10,1,1,2,25,27,67,1,1,77,65,2
1,3,0,1,17,0,1,0,23,27,67,1,1,80,85,0
1,2,0,1,5,1,1,1,27,27,67,1,0,95,83,2
1,2,0,1,7,1,2,3,28,16,65,0,1,58,46,1
1,1,0,1,9,0,2,0,19,16,65,0,1,92,91,1
1,0,0,1,1,1,2,0,26,16,65,0,0,83,94,2
1,3,0,1,2,0,2,2,24,16,65,0,1,62,65,2
1,2,0,1,7,1,0,3,28,16,65,1,1,58,46,1
1,1,0,1,9,0,0,0,19,16,65,1,1,92,91,1
1,0,0,1,1,1,0,0,26,16,65,1,0,83,94,2
1,3,0,1,2,0,0,2,24,16,65,1,1,62,65,2
1,2,0,1,7,1,1,3,28,16,65,1,1,58,46,1
1,1,0,1,9,0,1,0,19,16,65,1,1,92,91,1
1,0,0,1,1,1,1,0,26,16,65,1,0,83,94,2
1,3,0,1,2,0,1,2,24,16,65,1,1,62,65,2
0,2,1,1,13,1,1,2,20,31,76,1,0,53,55,1
0,1,0,1,12,0,2,1,18,24,96,1,0,82,76,1
0,1,1,0,12,0,1,1,18,24,96,0,0,82,76,1
0,1,0,1,12,0,2,1,18,24,96,0,0,82,76,1
0,1,0,1,12,0,1,1,18,24,96,1,0,82,76,1
0,1,1,1,12,0,2,1,18,24,96,1,0,82,76,1
0,0,1,1,1,1,1,0,29,19,67,1,1,81,94,1
0,0,1,1,1,1,1,0,29,19,67,2,1,81,94,1
0,0,0,1,1,1,0,0,29,19,67,2,1,81,94,1
0,0,0,1,1,1,1,0,29,19,67,1,1,81,94,1
0,0,0,1,1,1,1,0,29,19,67,0,1,81,94,1
0,0,1,1,1,1,1,0,29,19,67,0,1,81,94,1
0,1,1,0,8,1,1,0,29,21,71,0,0,68,96,0
0,0,1,0,6,1,1,2,24,21,71,0,1,78,56,0
0,1,1,1,8,1,1,0,29,21,71,0,0,68,96,0
0,0,1,1,6,1,1,2,24,21,71,0,1,78,56,0
0,1,1,1,8,1,1,0,29,21,71,1,0,68,96,0
0,0,1,1,6,1,1,2,24,21,71,1,1,78,56,0
0,1,0,1,8,1,0,0,29,21,71,2,0,68,96,0
0,0,0,1,6,1,0,2,24,21,71,2,1,78,56,0
0,1,0,1,8,1,1,0,29,21,71,0,0,68,96,0
0,0,0,1,6,1,1,2,24,21,71,0,1,78,56,0
0,1,1,1,8,1,2,0,29,21,71,1,0,68,96,0
0,0,1,1,6,1,2,2,24,21,71,1,1,78,56,0
1,1,1,1,4,0,2,1,18,12,94,1,0,87,81,2
1,0,1,1,4,1,2,0,26,12,94,1,0,84,90,2
1,1,0,1,4,0,2,1,18,12,94,2,0,87,81,2
1,0,0,1,4,1,2,0,26,12,94,2,0,84,90,2
1,1,1,1,4,0,0,1,18,12,94,1,0,87,81,2
1,0,1,1,4,1,0,0,26,12,94,1,0,84,90,2
0,1,1,1,9,1,0,0,27,22,61,0,1,91,99,0
0,3,1,1,8,0,0,0,24,22,61,0,1,78,85,2
0,3,1,1,6,1,0,0,24,22,61,0,1,97,90,2
0,0,1,1,4,0,0,1,27,22,61,0,1,63,74,2
0,1,1,1,14,1,0,1,27,22,61,0,0,84,71,2
0,1,1,1,9,1,2,0,27,22,61,1,1,91,99,0
0,3,1,1,8,0,2,0,24,22,61,1,1,78,85,2
0,3,1,1,6,1,2,0,24,22,61,1,1,97,90,2
0,0,1,1,4,0,2,1,27,22,61,1,1,63,74,2
0,1,1,1,14,1,2,1,27,22,61,1,0,84,71,2
0,1,1,1,9,1,1,0,27,22,61,0,1,91,99,0
0,3,1,1,8,0,1,0,24,22,61,0,1,78,85,2
0,3,1,1,6,1,1,0,24,22,61,0,1,97,90,2
0,0,1,1,4,0,1,1,27,22,61,0,1,63,74,2
0,1,1,1,14,1,1,1,27,22,61,0,0,84,71,2
0,1,0,1,9,1,1,0,27,22,61,0,1,91,99,0
0,3,0,1,8,0,1,0,24,22,61,0,1,78,85,2
0,3,0,1,6,1,1,0,24,22,61,0,1,97,90,2
0,0,0,1,4,0,1,1,27,22,61,0,1,63,74,2
0,1,0,1,14,1,1,1,27,22,61,0,0,84,71,2
0,1,0,1,9,1,0,0,27,22,61,2,1,91,99,0
0,3,0,1,8,0,0,0,24,22,61,2,1,78,85,2
0,3,0,1,6,1,0,0,24,22,61,2,1,97,90,2
0,0,0,1,4,0,0,1,27,22,61,2,1,63,74,2
0,1,0,1,14,1,0,1,27,22,61,2,0,84,71,2
1,2,0,1,12,1,1,3,27,24,63,0,0,69,43,2
1,1,0,1,4,1,1,0,27,24,63,0,1,52,95,1
1,3,0,1,18,1,1,2,22,24,63,0,1,63,55,2
1,2,1,1,12,1,1,3,27,24,63,1,0,69,43,2
1,1,1,1,4,1,1,0,27,24,63,1,1,52,95,1
1,3,1,1,18,1,1,2,22,24,63,1,1,63,55,2
1,2,0,1,12,1,1,3,27,24,63,1,0,69,43,2
1,1,0,1,4,1,1,0,27,24,63,1,1,52,95,1
1,3,0,1,18,1,1,2,22,24,63,1,1,63,55,2
0,1,1,1,11,1,1,3,25,23,71,2,1,86,41,1
0,1,1,1,9,1,1,1,26,23,71,2,1,63,70,1
0,1,0,1,11,1,2,3,25,23,71,1,1,86,41,1
0,1,0,1,9,1,2,1,26,23,71,1,1,63,70,1
0,1,1,1,11,1,1,3,25,23,71,0,1,86,41,1
0,1,1,1,9,1,1,1,26,23,71,0,1,63,70,1
0,1,0,1,11,1,1,3,25,23,71,0,1,86,41,1
0,1,0,1,9,1,1,1,26,23,71,0,1,63,70,1
0,1,1,1,11,1,1,3,25,23,71,1,1,86,41,1
0,1,1,1,9,1,1,1,26,23,71,1,1,63,70,1
1,1,1,1,4,1,2,0,24,26,68,1,1,59,93,1
1,0,1,1,2,0,2,2,26,26,68,1,1,81,65,2
1,3,1,1,9,0,2,1,20,26,68,1,1,84,77,2
1,1,0,1,4,1,2,0,24,26,68,2,1,59,93,1
1,0,0,1,2,0,2,2,26,26,68,2,1,81,65,2
1,3,0,1,9,0,2,1,20,26,68,2,1,84,77,2
1,1,0,1,4,1,1,0,24,26,68,1,1,59,93,1
1,0,0,1,2,0,1,2,26,26,68,1,1,81,65,2
1,3,0,1,9,0,1,1,20,26,68,1,1,84,77,2
1,1,1,1,4,1,0,0,24,26,68,1,1,59,93,1
1,0,1,1,2,0,0,2,26,26,68,1,1,81,65,2
1,3,1,1,9,0,0,1,20,26,68,1,1,84,77,2
1,3,1,1,6,1,1,3,19,25,69,1,1,88,43,2
1,3,1,1,19,0,1,2,26,25,69,1,0,62,61,1
1,3,1,1,1,1,1,1,19,25,69,1,0,63,71,0
1,3,1,1,6,1,0,3,19,25,69,2,1,88,43,2
1,3,1,1,19,0,0,2,26,25,69,2,0,62,61,1
1,3,1,1,1,1,0,1,19,25,69,2,0,63,71,0
1,3,1,1,6,1,0,3,19,25,69,1,1,88,43,2
1,3,1,1,19,0,0,2,26,25,69,1,0,62,61,1
1,3,1,1,1,1,0,1,19,25,69,1,0,63,71,0
1,3,0,0,6,1,1,3,19,25,69,1,1,88,43,2
1,3,0,0,19,0,1,2,26,25,69,1,0,62,61,1
1,3,0,0,1,1,1,1,19,25,69,1,0,63,71,0
0,1,0,1,10,0,1,1,20,23,92,1,1,82,81,2
0,2,0,1,8,1,1,2,22,23,92,1,1,92,58,1
0,1,0,1,6,1,1,1,25,23,92,1,1,70,82,0
0,1,0,1,10,0,2,1,20,23,92,2,1,82,81,2
0,2,0,1,8,1,2,2,22,23,92,2,1,92,58,1
0,1,0,1,6,1,2,1,25,23,92,2,1,70,82,0
0,1,0,1,10,0,2,1,20,23,92,1,1,82,81,2
0,2,0,1,8,1,2,2,22,23,92,1,1,92,58,1
0,1,0,1,6,1,2,1,25,23,92,1,1,70,82,0
0,1,1,1,10,0,1,1,20,23,92,2,1,82,81,2
0,2,1,1,8,1,1,2,22,23,92,2,1,92,58,1
0,1,1,1,6,1,1,1,25,23,92,2,1,70,82,0
1,0,0,1,11,1,1,3,25,10,60,1,1,91,52,1
1,0,0,0,11,1,1,3,25,10,60,0,1,91,52,1
1,3,1,1,14,1,2,1,29,21,76,1,0,56,83,0
1,0,1,1,3,0,2,3,18,21,76,1,1,74,42,2
1,2,1,1,18,0,2,0,19,21,76,1,0,57,91,2
1,3,1,0,14,1,0,1,29,21,76,2,0,56,83,0
1,0,1,0,3,0,0,3,18,21,76,2,1,74,42,2
1,2,1,0,18,0,0,0,19,21,76,2,0,57,91,2
1,3,1,1,14,1,1,1,29,21,76,1,0,56,83,0
1,0,1,1,3,0,1,3,18,21,76,1,1,74,42,2
1,2,1,1,18,0,1,0,19,21,76,1,0,57,91,2
1,3,1,1,14,1,1,1,29,21,76,0,0,56,83,0
1,0,1,1,3,0,1,3,18,21,76,0,1,74,42,2
1,2,1,1,18,0,1,0,19,21,76,0,0,57,91,2
1,3,1,1,14,1,0,1,29,21,76,2,0,56,83,0
1,0,1,1,3,0,0,3,18,21,76,2,1,74,42,2
1,2,1,1,18,0,0,0,19,21,76,2,0,57,91,2
1,3,1,1,14,1,1,1,29,21,76,2,0,56,83,0
1,0,1,1,3,0,1,3,18,21,76,2,1,74,42,2
1,2,1,1,18,0,1,0,19,21,76,2,0,57,91,2
0,3,1,0,20,1,0,2,25,12,87,1,1,79,61,2
0,3,1,0,20,1,2,2,25,12,87,1,1,79,61,2
1,2,0,1,9,0,1,3,18,14,88,1,0,100,49,2
1,2,1,1,9,0,2,3,18,14,88,1,0,100,49,2
1,2,1,1,9,0,1,3,18,14,88,1,0,100,49,2
1,1,1,1,15,1,0,1,25,26,89,1,1,88,74,2
1,1,0,1,15,1,1,1,25,26,89,1,1,88,74,2
1,1,1,1,15,1,1,1,25,26,89,0,1,88,74,2
1,1,0,1,2,1,1,2,25,20,98,2,1,61,59,2
1,1,0,1,6,1,1,2,18,20,98,2,1,77,62,1
1,1,1,1,2,1,2,2,25,20,98,1,1,61,59,2
1,1,1,1,6,1,2,2,18,20,98,1,1,77,62,1
1,1,1,1,2,1,1,2,25,20,98,2,1,61,59,2
1,1,1,1,6,1,1,2,18,20,98,2,1,77,62,1
1,1,1,1,2,1,1,2,25,20,98,1,1,61,59,2
1,1,1,1,6,1,1,2,18,20,98,1,1,77,62,1
1,1,0,1,2,1,1,2,25,20,98,1,1,61,59,2
1,1,0,1,6,1,1,2,18,20,98,1,1,77,62,1
1,1,0,1,2,1,0,2,25,20,98,0,1,61,59,2
1,1,0,1,6,1,0,2,18,20,98,0,1,77,62,1
1,1,1,1,2,1,1,2,25,20,98,0,1,61,59,2
1,1,1,1,6,1,1,2,18,20,98,0,1,77,62,1
1,1,1,1,13,1,1,1,19,21,97,1,1,100,75,2
1,0,1,1,15,1,1,0,19,21,97,1,0,58,89,2
1,1,1,1,13,1,2,1,19,21,97,0,1,100,75,2
1,0,1,1,15,1,2,0,19,21,97,0,0,58,89,2
1,1,1,1,13,1,2,1,19,21,97,2,1,100,75,2
1,0,1,1,15,1,2,0,19,21,97,2,0,58,89,2
1,1,0,1,13,1,1,1,19,21,97,2,1,100,75,2
1,0,0,1,15,1,1,0,19,21,97,2,0,58,89,2
1,1,1,1,13,1,1,1,19,21,97,0,1,100,75,2
1,0,1,1,15,1,1,0,19,21,97,0,0,58,89,2
1,0,0,1,2,0,2,1,22,17,92,1,1,93,77,2
1,1,0,1,3,1,2,0,24,17,92,1,1,58,88,2
1,0,1,1,2,0,0,1,22,17,92,2,1,93,77,2
1,1,1,1,3,1,0,0,24,17,92,2,1,58,88,2
1,0,1,1,2,0,2,1,22,17,92,1,1,93,77,2
1,1,1,1,3,1,2,0,24,17,92,1,1,58,88,2
1,0,1,1,2,0,1,1,22,17,92,1,1,93,77,2
1,1,1,1,3,1,1,0,24,17,92,1,1,58,88,2
1,0,1,1,2,0,1,1,22,17,92,2,1,93,77,2
1,1,1,1,3,1,1,0,24,17,92,2,1,58,88,2
1,0,0,1,2,0,1,1,22,17,92,0,1,93,77,2
1,1,0,1,3,1,1,0,24,17,92,0,1,58,88,2
1,1,1,1,4,1,0,3,29,28,87,1,1,70,48,2
1,1,1,1,4,1,1,3,29,28,87,1,1,70,48,2
0,2,0,0,2,1,2,1,28,19,98,0,1,84,84,1
0,1,0,0,13,1,2,1,22,19,98,0,1,91,76,2
0,3,0,0,8,1,2,3,29,19,98,0,0,51,51,2
0,2,1,1,2,1,0,1,28,19,98,2,1,84,84,1
0,1,1,1,13,1,0,1,22,19,98,2,1,91,76,2
0,3,1,1,8,1,0,3,29,19,98,2,0,51,51,2
0,2,1,1,2,1,2,1,28,19,98,1,1,84,84,1
0,1,1,1,13,1,2,1,22,19,98,1,1,91,76,2
0,3,1,1,8,1,2,3,29,19,98,1,0,51,51,2
0,2,1,1,2,1,2,1,28,19,98,2,1,84,84,1
0,1,1,1,13,1,2,1,22,19,98,2,1,91,76,2
0,3,1,1,8,1,2,3,29,19,98,2,0,51,51,2
1,2,0,0,13,1,1,0,27,26,97,0,0,82,87,2
1,2,0,0,6,1,1,3,27,26,97,0,1,72,49,0
1,3,0,0,0,0,1,3,19,26,97,0,0,98,52,2
1,1,0,0,8,1,1,0,20,26,97,0,0,99,86,2
1,2,1,1,13,1,1,0,27,26,97,0,0,82,87,2
1,2,1,1,6,1,1,3,27,26,97,0,1,72,49,0
1,3,1,1,0,0,1,3,19,26,97,0,0,98,52,2
1,1,1,1,8,1,1,0,20,26,97,0,0,99,86,2
0,3,1,1,11,1,1,3,20,11,63,2,1,54,45,1
0,3,1,1,13,1,1,0,22,11,63,2,0,67,100,2
0,0,1,1,7,1,1,1,22,11,63,2,1,57,78,2
0,0,1,1,13,1,1,2,25,11,63,2,0,65,55,0
0,3,1,0,11,1,2,3,20,11,63,2,1,54,45,1
0,3,1,0,13,1,2,0,22,11,63,2,0,67,100,2
0,0,1,0,7,1,2,1,22,11,63,2,1,57,78,2
0,0,1,0,13,1,2,2,25,11,63,2,0,65,55,0
0,3,0,1,2,1,0,3,19,20,92,0,1,72,46,1
0,3,1,1,2,1,2,3,19,20,92,1,1,72,46,1
0,3,1,1,2,1,1,3,19,20,92,0,1,72,46,1
0,3,0,1,2,1,2,3,19,20,92,1,1,72,46,1
0,2,1,1,19,1,1,3,22,17,96,1,1,59,54,2
0,2,0,1,19,1,0,3,22,17,96,0,1,59,54,2
0,2,0,1,19,1,2,3,22,17,96,0,1,59,54,2
0,2,0,1,19,1,1,3,22,17,96,1,1,59,54,2
0,2,1,1,19,1,1,3,22,17,96,0,1,59,54,2
0,2,0,1,19,1,1,3,22,17,96,0,1,59,54,2
1,2,1,1,17,0,1,3,21,28,98,1,1,62,53,2
1,0,1,1,5,0,1,0,29,28,98,1,0,61,96,2
1,1,1,1,0,1,1,1,19,28,98,1,1,79,79,1
1,1,1,1,6,1,1,1,25,28,98,1,1,84,78,2
1,2,1,1,19,1,1,0,21,28,98,1,1,55,94,0
1,1,1,1,14,1,1,1,21,28,98,1,0,64,71,2
1,2,1,1,17,0,2,3,21,28,98,1,1,62,53,2
1,0,1,1,5,0,2,0,29,28,98,1,0,61,96,2
1,1,1,1,0,1,2,1,19,28,98,1,1,79,79,1
1,1,1,1,6,1,2,1,25,28,98,1,1,84,78,2
1,2,1,1,19,1,2,0,21,28,98,1,1,55,94,0
1,1,1,1,14,1,2,1,21,28,98,1,0,64,71,2
1,2,1,1,17,0,2,2,28,34,63,1,1,63,60,2
1,2,0,1,3,1,2,0,28,18,76,1,1,68,88,2
1,3,0,1,17,1,2,2,23,18,76,1,1,88,65,2
1,0,0,1,1,1,2,3,20,18,76,1,1,65,40,1
1,2,1,1,3,1,2,0,28,18,76,2,1,68,88,2
1,3,1,1,17,1,2,2,23,18,76,2,1,88,65,2
1,0,1,1,1,1,2,3,20,18,76,2,1,65,40,1
0,2,0,1,2,0,1,2,28,17,61,2,1,62,69,2
0,2,1,1,2,0,2,2,28,17,61,0,1,62,69,2
0,2,0,1,2,0,1,2,28,17,61,0,1,62,69,2
0,2,1,0,2,0,2,2,28,17,61,1,1,62,69,2
0,1,0,1,12,0,1,3,18,29,73,1,1,71,42,1
0,1,1,1,12,0,0,3,18,29,73,1,1,71,42,1
1,0,1,1,17,1,1,2,27,17,96,1,0,100,68,1
1,3,1,1,5,1,1,0,23,17,96,1,1,55,95,0
1,0,1,1,7,0,1,1,25,17,96,1,0,69,70,1
1,2,1,1,9,1,1,3,22,17,96,1,0,82,44,1
1,0,1,1,17,1,2,2,27,17,96,1,0,100,68,1
1,3,1,1,5,1,2,0,23,17,96,1,1,55,95,0
1,0,1,1,7,0,2,1,25,17,96,1,0,69,70,1
1,2,1,1,9,1,2,3,22,17,96,1,0,82,44,1
1,0,1,1,17,1,1,2,27,17,96,0,0,100,68,1
1,3,1,1,5,1,1,0,23,17,96,0,1,55,95,0
1,0,1,1,7,0,1,1,25,17,96,0,0,69,70,1
1,2,1,1,9,1,1,3,22,17,96,0,0,82,44,1
1,0,1,0,17,1,0,2,27,17,96,0,0,100,68,1
1,3,1,0,5,1,0,0,23,17,96,0,1,55,95,0
1,0,1,0,7,0,0,1,25,17,96,0,0,69,70,1
1,2,1,0,9,1,0,3,22,17,96,0,0,82,44,1
1,0,0,1,17,1,1,2,27,17,96,0,0,100,68,1
1,3,0,1,5,1,1,0,23,17,96,0,1,55,95,0
1,0,0,1,7,0,1,1,25,17,96,0,0,69,70,1
1,2,0,1,9,1,1,3,22,17,96,0,0,82,44,1
1,3,0,1,12,0,1,1,18,14,84,1,1,84,80,1
1,3,1,1,12,0,1,1,18,14,84,1,1,84,80,1
1,3,0,1,12,0,2,1,18,14,84,0,1,84,80,1
1,3,1,0,12,0,1,1,18,14,84,1,1,84,80,1
1,3,0,1,12,0,1,1,18,14,84,0,1,84,80,1
1,0,0,1,12,1,1,2,22,20,96,1,1,67,66,0
1,2,0,1,13,0,1,3,29,20,96,1,1,64,48,0
1,0,0,1,12,1,2,2,22,20,96,0,1,67,66,0
1,2,0,1,13,0,2,3,29,20,96,0,1,64,48,0
1,0,0,1,12,1,2,2,22,20,96,1,1,67,66,0
1,2,0,1,13,0,2,3,29,20,96,1,1,64,48,0
1,2,0,1,2,0,1,3,26,29,76,0,0,71,44,2
1,2,1,0,2,0,2,3,26,29,76,0,0,71,44,2
1,2,1,1,2,0,0,3,26,29,76,1,0,71,44,2
1,2,1,1,2,0,2,3,26,29,76,1,0,71,44,2
1,3,1,1,5,1,0,1,23,20,79,0,1,77,74,2
1,3,1,1,16,1,0,1,25,20,79,0,1,90,81,1
1,3,1,0,5,1,0,1,23,20,79,2,1,77,74,2
1,3,1,0,16,1,0,1,25,20,79,2,1,90,81,1
1,3,1,0,5,1,1,1,23,20,79,0,1,77,74,2
1,3,1,0,16,1,1,1,25,20,79,0,1,90,81,1
1,3,1,1,5,1,2,1,23,20,79,0,1,77,74,2
1,3,1,1,16,1,2,1,25,20,79,0,1,90,81,1
1,3,1,1,5,1,1,1,23,20,79,1,1,77,74,2
1,3,1,1,16,1,1,1,25,20,79,1,1,90,81,1
1,3,0,1,5,1,1,1,23,20,79,1,1,77,74,2
1,3,0,1,16,1,1,1,25,20,79,1,1,90,81,1
0,0,0,1,9,1,1,0,23,24,65,0,0,88,95,2
0,0,1,1,9,1,2,0,23,24,65,1,0,88,95,2
0,3,0,1,4,0,2,0,28,13,97,1,1,88,99,0
0,3,0,1,5,1,2,1,25,13,97,1,1,100,73,0
0,2,0,1,5,1,2,0,19,13,97,1,0,56,87,2
0,3,0,1,4,0,1,0,28,13,97,2,1,88,99,0
0,3,0,1,5,1,1,1,25,13,97,2,1,100,73,0
0,2,0,1,5,1,1,0,19,13,97,2,0,56,87,2
0,3,1,1,4,0,1,0,28,13,97,1,1,88,99,0
0,3,1,1,5,1,1,1,25,13,97,1,1,100,73,0
0,2,1,1,5,1,1,0,19,13,97,1,0,56,87,2
0,3,1,1,4,0,2,0,28,13,97,0,1,88,99,0
0,3,1,1,5,1,2,1,25,13,97,0,1,100,73,0
0,2,1,1,5,1,2,0,19,13,97,0,0,56,87,2
0,0,1,1,6,1,1,0,23,21,89,0,0,79,90,2
0,1,1,1,15,1,1,3,18,21,89,0,1,51,54,0
0,3,1,1,17,1,1,0,25,21,89,0,0,100,90,2
0,0,0,1,6,1,1,0,23,21,89,1,0,79,90,2
0,1,0,1,15,1,1,3,18,21,89,1,1,51,54,0
0,3,0,1,17,1,1,0,25,21,89,1,0,100,90,2
0,0,1,1,6,1,0,0,23,21,89,1,0,79,90,2
0,1,1,1,15,1,0,3,18,21,89,1,1,51,54,0
0,3,1,1,17,1,0,0,25,21,89,1,0,100,90,2
0,0,0,0,6,1,1,0,23,21,89,1,0,79,90,2
0,1,0,0,15,1,1,3,18,21,89,1,1,51,54,0
0,3,0,0,17,1,1,0,25,21,89,1,0,100,90,2
0,0,1,1,6,1,1,0,23,21,89,2,0,79,90,2
0,1,1,1,15,1,1,3,18,21,89,2,1,51,54,0
0,3,1,1,17,1,1,0,25,21,89,2,0,100,90,2
1,2,1,1,11,1,0,0,28,22,61,2,0,83,94,1
1,3,1,1,18,1,0,1,18,22,61,2,1,53,79,2
1,1,1,1,3,1,0,0,20,22,61,2,1,78,91,2
1,2,1,1,2,1,0,3,28,22,61,2,1,66,41,1
1,2,1,1,11,1,1,0,28,22,61,2,0,83,94,1
1,3,1,1,18,1,1,1,18,22,61,2,1,53,79,2
1,1,1,1,3,1,1,0,20,22,61,2,1,78,91,2
1,2,1,1,2,1,1,3,28,22,61,2,1,66,41,1
1,2,0,1,11,1,1,0,28,22,61,0,0,83,94,1
1,3,0,1,18,1,1,1,18,22,61,0,1,53,79,2
1,1,0,1,3,1,1,0,20,22,61,0,1,78,91,2
1,2,0,1,2,1,1,3,28,22,61,0,1,66,41,1
1,2,1,1,11,1,0,0,28,22,61,1,0,83,94,1
1,3,1,1,18,1,0,1,18,22,61,1,1,53,79,2
1,1,1,1,3,1,0,0,20,22,61,1,1,78,91,2
1,2,1,1,2,1,0,3,28,22,61,1,1,66,41,1
1,2,0,1,11,1,2,0,28,22,61,2,0,83,94,1
1,3,0,1,18,1,2,1,18,22,61,2,1,53,79,2
1,1,0,1,3,1,2,0,20,22,61,2,1,78,91,2
1,2,0,1,2,1,2,3,28,22,61,2,1,66,41,1
1,1,1,1,13,0,1,3,20,35,64,1,0,56,43,2
1,3,1,1,1,1,1,0,19,35,64,1,0,59,95,2
1,1,0,1,13,0,0,3,20,35,64,2,0,56,43,2
1,3,0,1,1,1,0,0,19,35,64,2,0,59,95,2
1,0,0,1,5,1,1,2,24,16,88,1,1,99,69,2
1,0,1,1,5,1,2,2,24,16,88,2,1,99,69,2
1,2,0,1,3,1,1,2,19,27,88,1,1,79,56,2
1,3,0,1,12,0,1,3,19,27,88,1,0,70,44,1
1,2,1,0,3,1,1,2,19,27,88,0,1,79,56,2
1,3,1,0,12,0,1,3,19,27,88,0,0,70,44,1
1,2,1,1,3,1,2,2,19,27,88,1,1,79,56,2
1,3,1,1,12,0,2,3,19,27,88,1,0,70,44,1
0,1,1,1,17,1,2,3,26,29,80,1,0,100,44,0
0,1,1,1,17,1,1,3,26,29,80,1,0,100,44,0
0,1,1,1,17,1,0,3,26,29,80,1,0,100,44,0
1,0,1,1,15,1,1,1,23,23,78,0,0,67,84,1
1,0,0,1,15,1,2,1,23,23,78,1,0,67,84,1
1,0,1,1,15,1,0,1,23,23,78,1,0,67,84,1
1,0,0,1,15,1,1,1,23,23,78,2,0,67,84,1
1,0,0,1,15,1,1,1,23,23,78,1,0,67,84,1
1,0,1,1,15,1,1,1,23,23,78,1,0,67,84,1
1,0,1,1,15,1,2,1,23,23,78,1,0,67,84,1
1,1,1,1,10,1,1,1,19,17,68,2,1,52,74,2
1,0,1,1,1,1,1,3,27,17,68,2,1,69,45,2
1,1,0,1,10,1,2,1,19,17,68,1,1,52,74,2
1,0,0,1,1,1,2,3,27,17,68,1,1,69,45,2
1,1,1,1,10,1,2,1,19,17,68,1,1,52,74,2
1,0,1,1,1,1,2,3,27,17,68,1,1,69,45,2
1,1,1,1,10,1,0,1,19,17,68,1,1,52,74,2
1,0,1,1,1,1,0,3,27,17,68,1,1,69,45,2
1,1,0,1,10,1,1,1,19,17,68,1,1,52,74,2
1,0,0,1,1,1,1,3,27,17,68,1,1,69,45,2
1,1,1,0,10,1,1,1,19,17,68,1,1,52,74,2
1,0,1,0,1,1,1,3,27,17,68,1,1,69,45,2
1,1,1,1,10,1,2,1,19,17,68,2,1,52,74,2
1,0,1,1,1,1,2,3,27,17,68,2,1,69,45,2
1,3,1,1,5,1,0,0,29,11,85,0,1,78,90,2
1,1,1,1,16,1,0,3,29,11,85,0,1,60,44,2
1,3,0,1,5,1,1,0,29,11,85,0,1,78,90,2
1,1,0,1,16,1,1,3,29,11,85,0,1,60,44,2
1,3,1,1,5,1,0,0,29,11,85,2,1,78,90,2
1,1,1,1,16,1,0,3,29,11,85,2,1,60,44,2
1,3,1,0,5,1,1,0,29,11,85,1,1,78,90,2
1,1,1,0,16,1,1,3,29,11,85,1,1,60,44,2
1,0,0,1,11,0,2,2,18,29,70,0,0,99,68,2
1,0,1,1,11,0,0,2,18,29,70,0,0,99,68,2
1,0,0,1,11,0,0,2,18,29,70,2,0,99,68,2
1,0,1,1,11,0,1,2,18,29,70,0,0,99,68,2
0,2,0,1,9,1,1,2,25,16,91,2,1,84,63,2
0,0,0,1,13,0,1,2,21,16,91,2,0,60,59,0
0,3,0,1,7,1,1,2,25,16,91,2,1,92,56,0
0,0,0,1,3,1,1,2,27,16,91,2,1,100,57,1
0,0,0,1,6,1,1,2,27,16,91,2,1,57,55,2
0,2,1,1,9,1,1,2,25,16,91,1,1,84,63,2
0,0,1,1,13,0,1,2,21,16,91,1,0,60,59,0
0,3,1,1,7,1,1,2,25,16,91,1,1,92,56,0
0,0,1,1,3,1,1,2,27,16,91,1,1,100,57,1
0,0,1,1,6,1,1,2,27,16,91,1,1,57,55,2
0,2,0,1,9,1,0,2,25,16,91,0,1,84,63,2
0,0,0,1,13,0,0,2,21,16,91,0,0,60,59,0
0,3,0,1,7,1,0,2,25,16,91,0,1,92,56,0
0,0,0,1,3,1,0,2,27,16,91,0,1,100,57,1
0,0,0,1,6,1,0,2,27,16,91,0,1,57,55,2
0,2,1,1,9,1,1,2,25,16,91,2,1,84,63,2
0,0,1,1,13,0,1,2,21,16,91,2,0,60,59,0
0,3,1,1,7,1,1,2,25,16,91,2,1,92,56,0
0,0,1,1,3,1,1,2,27,16,91,2,1,100,57,1
0,0,1,1,6,1,1,2,27,16,91,2,1,57,55,2
1,1,1,1,6,1,1,1,29,18,73,0,1,67,76,2
1,2,1,1,4,0,1,2,29,18,73,0,1,53,64,2
1,1,1,1,16,0,1,2,25,18,73,0,1,80,62,2
1,0,1,1,14,1,1,2,18,18,73,0,0,52,65,2
1,1,0,0,6,1,2,1,29,18,73,1,1,67,76,2
1,2,0,0,4,0,2,2,29,18,73,1,1,53,64,2
1,1,0,0,16,0,2,2,25,18,73,1,1,80,62,2
1,0,0,0,14,1,2,2,18,18,73,1,0,52,65,2
1,1,1,1,6,1,2,1,29,18,73,0,1,67,76,2
1,2,1,1,4,0,2,2,29,18,73,0,1,53,64,2
1,1,1,1,16,0,2,2,25,18,73,0,1,80,62,2
1,0,1,1,14,1,2,2,18,18,73,0,0,52,65,2
1,1,1,0,6,1,1,1,29,18,73,0,1,67,76,2
1,2,1,0,4,0,1,2,29,18,73,0,1,53,64,2
1,1,1,0,16,0,1,2,25,18,73,0,1,80,62,2
1,0,1,0,14,1,1,2,18,18,73,0,0,52,65,2
1,3,1,1,9,1,2,1,27,22,70,1,0,66,83,2
1,1,1,1,12,1,2,3,18,22,70,1,1,86,47,0
1,3,1,1,9,1,2,1,27,22,70,2,0,66,83,2
1,1,1,1,12,1,2,3,18,22,70,2,1,86,47,0
1,3,1,1,9,1,2,1,27,22,70,0,0,66,83,2
1,1,1,1,12,1,2,3,18,22,70,0,1,86,47,0
1,3,1,1,9,1,1,1,27,22,70,2,0,66,83,2
1,1,1,1,12,1,1,3,18,22,70,2,1,86,47,0
1,3,0,1,9,1,0,1,27,22,70,1,0,66,83,2
1,1,0,1,12,1,0,3,18,22,70,1,1,86,47,0
1,3,0,1,9,1,0,1,27,22,70,0,0,66,83,2
1,1,0,1,12,1,0,3,18,22,70,0,1,86,47,0
1,3,0,1,9,1,2,1,27,22,70,0,0,66,83,2
1,1,0,1,12,1,2,3,18,22,70,0,1,86,47,0
1,3,1,1,9,1,0,1,27,22,70,0,0,66,83,2
1,1,1,1,12,1,0,3,18,22,70,0,1,86,47,0
1,3,0,1,9,1,1,1,27,22,70,1,0,66,83,2
1,1,0,1,12,1,1,3,18,22,70,1,1,86,47,0
1,2,0,1,8,0,1,3,23,22,67,0,1,79,53,2
1,3,0,1,11,1,1,2,18,22,67,0,0,62,56,2
1,2,1,1,8,0,2,3,23,22,67,1,1,79,53,2
1,3,1,1,11,1,2,2,18,22,67,1,0,62,56,2
1,2,1,1,8,0,1,3,23,22,67,2,1,79,53,2
1,3,1,1,11,1,1,2,18,22,67,2,0,62,56,2
1,2,0,1,8,0,2,3,23,22,67,1,1,79,53,2
1,3,0,1,11,1,2,2,18,22,67,1,0,62,56,2
1,2,1,1,8,0,1,3,23,22,67,0,1,79,53,2
1,3,1,1,11,1,1,2,18,22,67,0,0,62,56,2
1,2,1,1,8,0,1,3,23,22,67,1,1,79,53,2
1,3,1,1,11,1,1,2,18,22,67,1,0,62,56,2
1,2,1,1,8,0,2,3,23,22,67,2,1,79,53,2
1,3,1,1,11,1,2,2,18,22,67,2,0,62,56,2
1,2,0,1,8,0,2,3,23,22,67,2,1,79,53,2
1,3,0,1,11,1,2,2,18,22,67,2,0,62,56,2
0,0,1,1,15,1,0,1,22,32,65,0,0,97,74,2
0,1,1,1,9,1,0,0,19,32,65,0,1,61,90,2
0,0,0,1,15,1,1,1,22,32,65,1,0,97,74,2
0,1,0,1,9,1,1,0,19,32,65,1,1,61,90,2
1,3,1,1,13,0,1,1,29,12,87,0,1,98,73,2
1,0,1,1,13,1,1,1,23,12,87,0,1,59,83,0
1,1,0,1,6,1,1,3,21,16,85,2,1,68,42,2
1,1,0,1,18,1,1,3,25,16,85,2,1,100,42,0
1,0,0,1,11,0,1,1,25,16,85,2,0,72,74,2
1,0,0,1,6,0,1,1,28,16,85,2,1,71,70,1
1,1,1,1,6,1,2,3,21,16,85,2,1,68,42,2
1,1,1,1,18,1,2,3,25,16,85,2,1,100,42,0
1,0,1,1,11,0,2,1,25,16,85,2,0,72,74,2
1,0,1,1,6,0,2,1,28,16,85,2,1,71,70,1
1,1,0,1,6,1,0,3,21,16,85,0,1,68,42,2
1,1,0,1,18,1,0,3,25,16,85,0,1,100,42,0
1,0,0,1,11,0,0,1,25,16,85,0,0,72,74,2
1,0,0,1,6,0,0,1,28,16,85,0,1,71,70,1
1,1,1,1,6,1,0,3,21,16,85,0,1,68,42,2
1,1,1,1,18,1,0,3,25,16,85,0,1,100,42,0
1,0,1,1,11,0,0,1,25,16,85,0,0,72,74,2
1,0,1,1,6,0,0,1,28,16,85,0,1,71,70,1
1,1,1,0,6,1,1,3,21,16,85,0,1,68,42,2
1,1,1,0,18,1,1,3,25,16,85,0,1,100,42,0
1,0,1,0,11,0,1,1,25,16,85,0,0,72,74,2
1,0,1,0,6,0,1,1,28,16,85,0,1,71,70,1
0,2,0,1,13,1,1,3,21,31,62,1,0,56,45,2
0,2,1,1,13,1,1,3,21,31,62,1,0,56,45,2
1,0,0,1,5,1,0,1,24,21,71,1,1,59,74,2
1,3,0,1,17,1,0,0,24,21,71,1,1,92,97,0
1,0,1,1,5,1,1,1,24,21,71,0,1,59,74,2
1,3,1,1,17,1,1,0,24,21,71,0,1,92,97,0
1,0,0,1,5,1,1,1,24,21,71,2,1,59,74,2
1,3,0,1,17,1,1,0,24,21,71,2,1,92,97,0
1,0,0,1,5,1,1,1,24,21,71,0,1,59,74,2
1,3,0,1,17,1,1,0,24,21,71,0,1,92,97,0
1,0,1,1,5,1,1,1,24,21,71,1,1,59,74,2
1,3,1,1,17,1,1,0,24,21,71,1,1,92,97,0
1,1,1,1,2,1,2,0,25,35,72,1,1,92,85,2
1,2,1,1,15,1,2,3,20,35,72,1,1,71,54,2
1,1,0,1,9,1,2,2,21,17,81,1,1,89,64,1
1,3,0,1,12,1,2,3,29,17,81,1,1,71,52,2
1,1,1,1,9,1,0,2,21,17,81,0,1,89,64,1
1,3,1,1,12,1,0,3,29,17,81,0,1,71,52,2
1,1,1,1,9,1,1,2,21,17,81,1,1,89,64,1
1,3,1,1,12,1,1,3,29,17,81,1,1,71,52,2
1,1,1,1,9,1,1,2,21,17,81,0,1,89,64,1
1,3,1,1,12,1,1,3,29,17,81,0,1,71,52,2
1,1,0,1,9,1,1,2,21,17,81,1,1,89,64,1
1,3,0,1,12,1,1,3,29,17,81,1,1,71,52,2
1,1,1,1,9,1,0,2,21,17,81,2,1,89,64,1
1,3,1,1,12,1,0,3,29,17,81,2,1,71,52,2
1,1,0,1,9,1,1,2,21,17,81,2,1,89,64,1
1,3,0,1,12,1,1,3,29,17,81,2,1,71,52,2
1,1,1,1,1,1,0,3,20,17,87,1,1,63,48,0
1,1,1,1,1,1,2,3,20,17,87,1,1,63,48,0
1,1,0,1,1,1,1,3,20,17,87,0,1,63,48,0
1,1,0,1,1,1,1,3,20,17,87,1,1,63,48,0
1,1,1,1,1,1,2,3,20,17,87,2,1,63,48,0
1,1,0,1,1,1,2,3,20,17,87,1,1,63,48,0
1,1,1,0,1,1,1,3,20,17,87,1,1,63,48,0
1,2,0,0,7,1,1,1,23,24,89,1,0,61,71,1
1,2,1,1,7,1,0,1,23,24,89,0,0,61,71,1
1,2,1,1,7,1,2,1,23,24,89,1,0,61,71,1
1,2,0,0,7,1,1,1,23,24,89,0,0,61,71,1
1,2,1,1,7,1,0,1,23,24,89,1,0,61,71,1
1,2,0,1,7,1,0,1,23,24,89,2,0,61,71,1
1,0,1,1,5,0,1,0,19,31,73,1,1,87,97,2
1,2,1,1,16,1,0,2,18,24,72,1,1,67,64,0
1,2,1,1,16,1,1,2,18,24,72,1,1,67,64,0
1,2,1,0,16,1,2,2,18,24,72,2,1,67,64,0
1,2,1,1,16,1,1,2,18,24,72,2,1,67,64,0
1,2,1,1,16,1,2,2,18,24,72,0,1,67,64,0
0,2,0,1,18,0,1,1,19,18,82,0,0,70,79,1
0,2,0,1,11,1,1,3,25,18,82,0,1,75,42,2
0,2,0,1,18,0,1,1,19,18,82,1,0,70,79,1
0,2,0,1,11,1,1,3,25,18,82,1,1,75,42,2
0,2,0,1,18,0,0,1,19,18,82,0,0,70,79,1
0,2,0,1,11,1,0,3,25,18,82,0,1,75,42,2
0,2,1,1,18,0,1,1,19,18,82,2,0,70,79,1
0,2,1,1,11,1,1,3,25,18,82,2,1,75,42,2
1,3,0,1,6,1,1,1,20,24,61,2,0,80,74,0
1,1,0,1,2,0,1,3,22,24,61,2,0,79,47,2
1,1,0,1,9,1,1,0,28,24,61,2,1,92,90,1
1,3,0,1,6,1,1,1,20,24,61,1,0,80,74,0
1,1,0,1,2,0,1,3,22,24,61,1,0,79,47,2
1,1,0,1,9,1,1,0,28,24,61,1,1,92,90,1
0,2,1,1,3,1,1,2,18,27,63,1,1,85,56,1
0,2,1,1,3,1,2,2,18,27,63,1,1,85,56,1
0,2,0,0,3,1,0,2,18,27,63,1,1,85,56,1
0,2,0,1,3,1,2,2,18,27,63,0,1,85,56,1
0,2,1,1,3,1,1,2,18,27,63,0,1,85,56,1
0,1,1,1,0,0,0,1,19,26,89,0,1,67,74,2
0,1,1,1,0,0,0,2,26,26,89,0,1,80,62,2
0,3,1,1,2,1,0,1,29,26,89,0,1,76,75,0
0,1,0,1,0,0,1,1,19,26,89,2,1,67,74,2
0,1,0,1,0,0,1,2,26,26,89,2,1,80,62,2
0,3,0,1,2,1,1,1,29,26,89,2,1,76,75,0
0,1,0,1,0,0,0,1,19,26,89,0,1,67,74,2
0,1,0,1,0,0,0,2,26,26,89,0,1,80,62,2
0,3,0,1,2,1,0,1,29,26,89,0,1,76,75,0
1,2,1,1,20,1,0,3,19,27,64,1,1,53,41,1
1,2,1,1,18,0,0,0,18,27,64,1,1,99,91,0
1,2,1,1,20,1,2,3,19,27,64,2,1,53,41,1
1,2,1,1,18,0,2,0,18,27,64,2,1,99,91,0
1,2,0,1,20,1,2,3,19,27,64,1,1,53,41,1
1,2,0,1,18,0,2,0,18,27,64,1,1,99,91,0
1,2,1,1,20,1,1,3,19,27,64,2,1,53,41,1
1,2,1,1,18,0,1,0,18,27,64,2,1,99,91,0
1,1,1,0,10,1,1,2,18,21,93,1,1,54,66,2
1,0,1,0,0,1,1,3,26,21,93,1,0,95,53,2
1,1,1,0,10,1,0,2,18,21,93,0,1,54,66,2
1,0,1,0,0,1,0,3,26,21,93,0,0,95,53,2
1,1,1,1,10,1,0,2,18,21,93,1,1,54,66,2
1,0,1,1,0,1,0,3,26,21,93,1,0,95,53,2
1,1,1,1,10,1,0,2,18,21,93,0,1,54,66,2
1,0,1,1,0,1,0,3,26,21,93,0,0,95,53,2
1,1,0,1,10,1,1,2,18,21,93,1,1,54,66,2
1,0,0,1,0,1,1,3,26,21,93,1,0,95,53,2
1,1,1,1,10,1,2,2,18,21,93,0,1,54,66,2
1,0,1,1,0,1,2,3,26,21,93,0,0,95,53,2
1,1,0,1,10,1,0,2,18,21,93,1,1,54,66,2
1,0,0,1,0,1,0,3,26,21,93,1,0,95,53,2
0,0,1,1,10,1,1,3,26,15,69,1,1,66,46,2
0,3,1,1,10,1,1,1,29,15,69,1,1,80,81,1
0,1,1,1,8,0,1,1,18,15,69,1,0,86,74,1
0,2,1,1,14,1,1,0,22,15,69,1,1,73,93,1
0,3,1,1,18,1,1,3,26,15,69,1,1,65,46,2
0,0,1,1,0,1,1,1,23,15,69,1,0,51,82,2
0,0,1,1,10,1,1,3,26,15,69,2,1,66,46,2
0,3,1,1,10,1,1,1,29,15,69,2,1,80,81,1
0,1,1,1,8,0,1,1,18,15,69,2,0,86,74,1
0,2,1,1,14,1,1,0,22,15,69,2,1,73,93,1
0,3,1,1,18,1,1,3,26,15,69,2,1,65,46,2
0,0,1,1,0,1,1,1,23,15,69,2,0,51,82,2
0,0,0,1,10,1,0,3,26,15,69,0,1,66,46,2
0,3,0,1,10,1,0,1,29,15,69,0,1,80,81,1
0,1,0,1,8,0,0,1,18,15,69,0,0,86,74,1
0,2,0,1,14,1,0,0,22,15,69,0,1,73,93,1
0,3,0,1,18,1,0,3,26,15,69,0,1,65,46,2
0,0,0,1,0,1,0,1,23,15,69,0,0,51,82,2
0,0,1,0,10,1,0,3,26,15,69,1,1,66,46,2
0,3,1,0,10,1,0,1,29,15,69,1,1,80,81,1
0,1,1,0,8,0,0,1,18,15,69,1,0,86,74,1
0,2,1,0,14,1,0,0,22,15,69,1,1,73,93,1
0,3,1,0,18,1,0,3,26,15,69,1,1,65,46,2
0,0,1,0,0,1,0,1,23,15,69,1,0,51,82,2
1,3,1,1,18,0,1,1,28,18,82,0,0,75,75,0
1,3,1,1,18,0,0,1,28,18,82,1,0,75,75,0
1,3,1,1,18,0,1,1,28,18,82,2,0,75,75,0
1,3,0,1,18,0,2,1,28,18,82,1,0,75,75,0
1,3,1,0,18,0,1,1,28,18,82,2,0,75,75,0
1,3,1,1,18,0,0,1,28,18,82,2,0,75,75,0
1,3,1,1,18,0,1,1,28,18,82,1,0,75,75,0
1,2,1,1,10,1,0,2,26,20,82,1,0,75,64,2
1,2,1,1,10,1,1,2,26,20,82,0,0,75,64,2
1,2,1,1,10,1,2,2,26,20,82,0,0,75,64,2
1,2,0,1,10,1,1,2,26,20,82,0,0,75,64,2
1,2,0,1,10,1,1,2,26,20,82,1,0,75,64,2
1,2,0,1,9,0,2,0,19,28,83,1,0,76,86,1
1,3,0,1,4,1,2,0,26,28,83,1,1,64,98,1
1,2,0,1,9,0,0,0,19,28,83,1,0,76,86,1
1,3,0,1,4,1,0,0,26,28,83,1,1,64,98,1
1,2,1,1,9,0,1,0,19,28,83,1,0,76,86,1
1,3,1,1,4,1,1,0,26,28,83,1,1,64,98,1
1,0,0,1,18,1,1,3,27,12,95,2,1,91,54,2
1,3,0,1,4,1,1,2,25,12,95,2,1,90,60,2
1,0,1,1,18,1,2,3,27,12,95,1,1,91,54,2
1,3,1,1,4,1,2,2,25,12,95,1,1,90,60,2
1,0,1,1,18,1,1,3,27,12,95,2,1,91,54,2
1,3,1,1,4,1,1,2,25,12,95,2,1,90,60,2
1,0,0,1,18,1,1,3,27,12,95,1,1,91,54,2
1,3,0,1,4,1,1,2,25,12,95,1,1,90,60,2
1,1,1,1,13,0,2,3,28,24,92,0,0,78,49,2
1,3,1,1,16,0,2,3,27,24,92,0,0,97,52,0
1,3,1,1,14,1,2,0,18,24,92,0,0,81,87,2
1,1,1,0,13,0,1,3,28,24,92,1,0,78,49,2
1,3,1,0,16,0,1,3,27,24,92,1,0,97,52,0
1,3,1,0,14,1,1,0,18,24,92,1,0,81,87,2
1,1,0,1,13,0,2,3,28,24,92,2,0,78,49,2
1,3,0,1,16,0,2,3,27,24,92,2,0,97,52,0
1,3,0,1,14,1,2,0,18,24,92,2,0,81,87,2
1,1,1,1,13,0,2,3,28,24,92,2,0,78,49,2
1,3,1,1,16,0,2,3,27,24,92,2,0,97,52,0
1,3,1,1,14,1,2,0,18,24,92,2,0,81,87,2
1,1,1,1,13,0,2,3,28,24,92,1,0,78,49,2
1,3,1,1,16,0,2,3,27,24,92,1,0,97,52,0
1,3,1,1,14,1,2,0,18,24,92,1,0,81,87,2
0,3,0,1,15,1,1,0,20,33,64,1,1,90,87,2
0,2,0,1,20,1,1,1,25,33,64,1,0,77,83,1
1,0,1,1,12,1,0,2,24,18,71,0,1,63,63,1
1,1,1,1,12,0,0,1,22,18,71,0,0,68,79,0
1,0,1,1,12,1,2,2,24,18,71,1,1,63,63,1
1,1,1,1,12,0,2,1,22,18,71,1,0,68,79,0
1,0,1,1,12,1,1,2,24,18,71,1,1,63,63,1
1,1,1,1,12,0,1,1,22,18,71,1,0,68,79,0
1,0,0,1,12,1,1,2,24,18,71,1,1,63,63,1
1,1,0,1,12,0,1,1,22,18,71,1,0,68,79,0
0,0,1,1,7,1,1,1,20,19,90,2,1,100,72,0
0,1,1,1,10,1,1,1,19,19,90,2,1,58,76,2
0,0,0,1,7,1,0,1,20,19,90,1,1,100,72,0
0,1,0,1,10,1,0,1,19,19,90,1,1,58,76,2
0,0,1,1,7,1,2,1,20,19,90,0,1,100,72,0
0,1,1,1,10,1,2,1,19,19,90,0,1,58,76,2
0,0,0,1,7,1,2,1,20,19,90,1,1,100,72,0
0,1,0,1,10,1,2,1,19,19,90,1,1,58,76,2
1,2,0,1,1,1,2,1,20,24,70,1,0,69,75,2
1,2,1,1,1,1,1,1,20,24,70,1,0,69,75,2
1,2,0,1,1,1,2,1,20,24,70,0,0,69,75,2
1,2,1,1,1,1,2,1,20,24,70,0,0,69,75,2
1,2,0,0,1,1,2,1,20,24,70,0,0,69,75,2
1,2,1,1,1,1,2,1,20,24,70,2,0,69,75,2
1,0,1,1,1,1,2,2,27,17,67,2,1,79,68,2
1,0,1,1,1,1,1,2,27,17,67,1,1,79,68,2
1,0,1,1,1,1,2,2,27,17,67,1,1,79,68,2
1,0,0,1,1,1,1,2,27,17,67,2,1,79,68,2
1,0,0,1,1,1,0,2,27,17,67,1,1,79,68,2
1,0,0,1,1,1,0,2,27,17,67,2,1,79,68,2
0,1,1,1,14,0,2,2,20,14,74,2,0,89,61,0
0,1,1,1,10,1,2,2,27,14,74,2,1,73,63,1
0,1,0,1,14,0,1,2,20,14,74,2,0,89,61,0
0,1,0,1,10,1,1,2,27,14,74,2,1,73,63,1
0,1,0,0,14,0,1,2,20,14,74,0,0,89,61,0
0,1,0,0,10,1,1,2,27,14,74,0,1,73,63,1
0,0,1,1,20,0,1,1,26,16,75,1,0,81,75,2
0,0,1,1,20,1,1,0,18,16,75,1,1,54,88,2
0,0,1,1,3,1,1,3,26,16,75,1,0,76,51,2
0,0,1,1,20,0,0,1,26,16,75,1,0,81,75,2
0,0,1,1,20,1,0,0,18,16,75,1,1,54,88,2
0,0,1,1,3,1,0,3,26,16,75,1,0,76,51,2
0,0,1,1,20,0,0,1,26,16,75,2,0,81,75,2
0,0,1,1,20,1,0,0,18,16,75,2,1,54,88,2
0,0,1,1,3,1,0,3,26,16,75,2,0,76,51,2
0,0,1,1,17,1,2,1,26,27,82,0,1,93,79,1
0,3,1,1,12,0,2,2,29,27,82,0,0,61,68,2
0,1,1,1,4,0,2,3,26,27,82,0,0,90,44,1
0,0,1,1,14,0,2,2,27,27,82,0,1,83,62,2
1,3,1,1,6,1,1,1,21,11,64,0,1,53,82,1
1,2,1,1,5,1,1,2,19,11,64,0,1,83,69,2
1,0,1,1,14,1,1,1,20,11,64,0,0,97,82,0
1,3,1,0,6,1,0,1,21,11,64,2,1,53,82,1
1,2,1,0,5,1,0,2,19,11,64,2,1,83,69,2
1,0,1,0,14,1,0,1,20,11,64,2,0,97,82,0
1,3,1,1,6,1,1,1,21,11,64,1,1,53,82,1
1,2,1,1,5,1,1,2,19,11,64,1,1,83,69,2
1,0,1,1,14,1,1,1,20,11,64,1,0,97,82,0
1,3,0,1,6,1,1,1,21,11,64,0,1,53,82,1
1,2,0,1,5,1,1,2,19,11,64,0,1,83,69,2
1,0,0,1,14,1,1,1,20,11,64,0,0,97,82,0
0,3,1,1,19,0,1,1,18,29,86,1,0,79,71,2
0,2,1,1,2,1,1,2,26,29,86,1,1,86,62,2
0,0,1,1,19,1,1,0,22,29,86,1,1,87,99,1
0,2,1,1,7,0,1,2,23,29,86,1,1,87,66,1
0,1,1,1,5,1,1,1,23,29,86,1,1,72,84,2
0,0,1,1,11,0,1,3,20,29,86,1,1,84,45,2
0,3,0,1,19,0,2,1,18,29,86,0,0,79,71,2
0,2,0,1,2,1,2,2,26,29,86,0,1,86,62,2
0,0,0,1,19,1,2,0,22,29,86,0,1,87,99,1
0,2,0,1,7,0,2,2,23,29,86,0,1,87,66,1
0,1,0,1,5,1,2,1,23,29,86,0,1,72,84,2
0,0,0,1,11,0,2,3,20,29,86,0,1,84,45,2
0,3,1,1,19,0,0,1,18,29,86,1,0,79,71,2
0,2,1,1,2,1,0,2,26,29,86,1,1,86,62,2
0,0,1,1,19,1,0,0,22,29,86,1,1,87,99,1
0,2,1,1,7,0,0,2,23,29,86,1,1,87,66,1
0,1,1,1,5,1,0,1,23,29,86,1,1,72,84,2
0,0,1,1,11,0,0,3,20,29,86,1,1,84,45,2
1,3,1,1,11,1,1,3,21,31,95,1,0,61,44,2
1,0,0,1,16,1,1,3,25,7,77,1,1,82,41,1
1,3,0,1,19,1,1,1,27,7,77,1,0,74,70,0
1,2,0,1,15,1,1,0,23,23,67,0,1,69,93,0
1,2,0,1,17,0,1,0,28,23,67,0,1,55,100,2
1,2,0,1,0,0,1,0,22,23,67,0,0,85,90,1
1,2,1,1,15,1,0,0,23,23,67,1,1,69,93,0
1,2,1,1,17,0,0,0,28,23,67,1,1,55,100,2
1,2,1,1,0,0,0,0,22,23,67,1,0,85,90,1
1,2,1,1,15,1,1,0,23,23,67,2,1,69,93,0
1,2,1,1,17,0,1,0,28,23,67,2,1,55,100,2
1,2,1,1,0,0,1,0,22,23,67,2,0,85,90,1
1,2,0,1,15,1,1,0,23,23,67,1,1,69,93,0
1,2,0,1,17,0,1,0,28,23,67,1,1,55,100,2
1,2,0,1,0,0,1,0,22,23,67,1,0,85,90,1
0,3,0,0,0,1,2,0,28,17,98,2,0,80,92,1
0,0,0,0,14,0,2,1,25,17,98,2,1,76,84,2
0,3,1,1,0,1,0,0,28,17,98,1,0,80,92,1
0,0,1,1,14,0,0,1,25,17,98,1,1,76,84,2
0,3,1,1,0,1,0,0,28,17,98,0,0,80,92,1
0,0,1,1,14,0,0,1,25,17,98,0,1,76,84,2
0,3,0,1,0,1,1,0,28,17,98,1,0,80,92,1
0,0,0,1,14,0,1,1,25,17,98,1,1,76,84,2
0,3,0,1,0,1,1,0,28,17,98,0,0,80,92,1
0,0,0,1,14,0,1,1,25,17,98,0,1,76,84,2
1,1,1,1,9,0,1,2,24,14,90,1,0,91,63,0
1,2,1,1,15,0,1,2,23,14,90,1,0,62,66,2
1,1,1,1,9,0,2,2,24,14,90,1,0,91,63,0
1,2,1,1,15,0,2,2,23,14,90,1,0,62,66,2
0,1,1,1,16,1,1,3,29,24,78,0,0,50,52,2
0,1,1,1,16,1,2,3,29,24,78,2,0,50,52,2
0,1,1,1,16,1,0,3,29,24,78,0,0,50,52,2
1,1,0,1,2,1,1,3,19,31,75,0,0,98,41,2
1,1,0,1,15,1,1,3,25,31,75,0,1,94,48,1
1,0,0,1,0,1,2,2,20,16,99,2,1,96,57,2
1,0,0,1,12,1,2,2,19,16,99,2,1,93,64,1
1,3,0,1,8,1,2,1,26,16,99,2,1,81,73,2
1,0,1,1,0,1,1,2,20,16,99,2,1,96,57,2
1,0,1,1,12,1,1,2,19,16,99,2,1,93,64,1
1,3,1,1,8,1,1,1,26,16,99,2,1,81,73,2
1,0,1,1,0,1,2,2,20,16,99,1,1,96,57,2
1,0,1,1,12,1,2,2,19,16,99,1,1,93,64,1
1,3,1,1,8,1,2,1,26,16,99,1,1,81,73,2
0,1,1,1,7,0,0,1,22,19,87,0,1,77,79,2
0,1,1,1,17,0,0,0,20,19,87,0,1,88,94,2
0,1,0,1,7,0,1,1,22,19,87,0,1,77,79,2
0,1,0,1,17,0,1,0,20,19,87,0,1,88,94,2
0,1,0,1,7,0,1,1,22,19,87,1,1,77,79,2
0,1,0,1,17,0,1,0,20,19,87,1,1,88,94,2
0,1,1,1,7,0,1,1,22,19,87,1,1,77,79,2
0,1,1,1,17,0,1,0,20,19,87,1,1,88,94,2
1,1,0,1,15,1,2,3,26,22,82,1,0,89,44,0
1,0,0,1,4,0,2,0,25,22,82,1,1,59,91,2
1,1,0,1,15,1,1,3,26,22,82,2,0,89,44,0
1,0,0,1,4,0,1,0,25,22,82,2,1,59,91,2
1,1,0,1,15,1,0,3,26,22,82,1,0,89,44,0
1,0,0,1,4,0,0,0,25,22,82,1,1,59,91,2
1,1,1,1,15,1,2,3,26,22,82,1,0,89,44,0
1,0,1,1,4,0,2,0,25,22,82,1,1,59,91,2
1,1,1,1,15,1,1,3,26,22,82,0,0,89,44,0
1,0,1,1,4,0,1,0,25,22,82,0,1,59,91,2
0,1,1,1,18,1,2,1,25,12,94,0,1,79,81,1
0,1,1,1,18,1,1,1,25,12,94,1,1,79,81,1
0,3,0,1,2,1,2,2,24,29,90,1,0,99,61,2
0,0,0,1,19,1,2,2,25,29,90,1,1,55,62,2
0,3,1,1,2,1,1,2,24,29,90,1,0,99,61,2
0,0,1,1,19,1,1,2,25,29,90,1,1,55,62,2
0,3,1,1,2,1,0,2,24,29,90,0,0,99,61,2
0,0,1,1,19,1,0,2,25,29,90,0,1,55,62,2
1,3,0,1,4,0,2,3,20,22,90,2,1,92,46,2
1,2,0,1,11,0,2,2,22,22,90,2,0,69,55,1
1,1,0,1,10,1,2,1,19,22,90,2,1,98,75,0
1,0,0,1,9,1,2,3,25,22,90,2,1,92,52,2
1,3,1,1,4,0,1,3,20,22,90,0,1,92,46,2
1,2,1,1,11,0,1,2,22,22,90,0,0,69,55,1
1,1,1,1,10,1,1,1,19,22,90,0,1,98,75,0
1,0,1,1,9,1,1,3,25,22,90,0,1,92,52,2
1,3,0,1,4,0,1,3,20,22,90,0,1,92,46,2
1,2,0,1,11,0,1,2,22,22,90,0,0,69,55,1
1,1,0,1,10,1,1,1,19,22,90,0,1,98,75,0
1,0,0,1,9,1,1,3,25,22,90,0,1,92,52,2
1,3,1,1,4,0,0,3,20,22,90,1,1,92,46,2
1,2,1,1,11,0,0,2,22,22,90,1,0,69,55,1
1,1,1,1,10,1,0,1,19,22,90,1,1,98,75,0
1,0,1,1,9,1,0,3,25,22,90,1,1,92,52,2
1,3,1,1,4,0,1,3,20,22,90,1,1,92,46,2
1,2,1,1,11,0,1,2,22,22,90,1,0,69,55,1
1,1,1,1,10,1,1,1,19,22,90,1,1,98,75,0
1,0,1,1,9,1,1,3,25,22,90,1,1,92,52,2
0,2,1,1,3,1,0,2,25,23,94,1,1,84,63,2
0,2,0,1,3,1,2,2,25,23,94,1,1,84,63,2
0,2,1,0,3,1,2,2,25,23,94,1,1,84,63,2
0,2,0,1,3,1,1,2,25,23,94,2,1,84,63,2
1,2,1,1,8,1,0,1,24,28,74,1,1,94,78,2
1,1,1,1,0,1,0,0,27,28,74,1,1,85,91,2
1,0,1,1,16,0,0,3,18,28,74,1,0,94,45,2
1,2,0,1,8,1,2,1,24,28,74,2,1,94,78,2
1,1,0,1,0,1,2,0,27,28,74,2,1,85,91,2
1,0,0,1,16,0,2,3,18,28,74,2,0,94,45,2
0,1,1,1,15,0,2,2,22,19,63,1,1,55,67,0
0,1,1,1,1,1,2,3,27,19,63,1,1,70,44,1
0,0,1,1,2,0,2,0,27,19,63,1,0,54,86,2
0,3,1,1,18,1,2,3,23,19,63,1,0,65,54,2
0,1,1,1,15,0,1,2,22,19,63,0,1,55,67,0
0,1,1,1,1,1,1,3,27,19,63,0,1,70,44,1
0,0,1,1,2,0,1,0,27,19,63,0,0,54,86,2
0,3,1,1,18,1,1,3,23,19,63,0,0,65,54,2
1,3,0,1,8,1,1,3,22,16,93,1,0,64,40,2
1,3,1,1,8,1,0,3,22,16,93,1,0,64,40,2
1,3,1,1,8,1,1,3,22,16,93,0,0,64,40,2
1,3,0,0,8,1,2,3,22,16,93,1,0,64,40,2
1,3,0,1,8,1,0,3,22,16,93,1,0,64,40,2
1,3,0,1,8,1,2,3,22,16,93,2,0,64,40,2
0,3,0,1,14,0,0,2,28,31,67,2,1,83,61,0
1,2,0,1,2,0,1,0,28,11,87,2,0,82,86,2
1,2,0,1,17,1,1,3,21,11,87,2,0,100,50,1
1,3,0,1,2,1,1,0,23,21,81,1,1,64,98,0
1,1,0,1,13,1,1,1,28,21,81,1,1,95,82,2
1,1,0,1,9,1,1,1,21,21,81,1,1,74,84,2
1,3,1,1,2,1,0,0,23,21,81,2,1,64,98,0
1,1,1,1,13,1,0,1,28,21,81,2,1,95,82,2
1,1,1,1,9,1,0,1,21,21,81,2,1,74,84,2
1,3,1,1,2,1,1,0,23,21,81,1,1,64,98,0
1,1,1,1,13,1,1,1,28,21,81,1,1,95,82,2
1,1,1,1,9,1,1,1,21,21,81,1,1,74,84,2
0,3,1,1,9,1,1,2,24,16,68,2,1,61,60,2
0,3,1,1,9,1,1,2,24,16,68,1,1,61,60,2
0,3,0,1,9,1,2,2,24,16,68,2,1,61,60,2
0,3,0,1,18,1,2,1,21,9,80,0,1,75,78,2
0,2,0,1,13,1,2,1,26,9,80,0,0,100,81,2
0,1,0,1,16,0,2,0,29,9,80,0,0,71,93,1
0,3,1,1,18,1,0,1,21,9,80,0,1,75,78,2
0,2,1,1,13,1,0,1,26,9,80,0,0,100,81,2
0,1,1,1,16,0,0,0,29,9,80,0,0,71,93,1
0,3,1,1,10,1,1,3,21,5,92,1,1,54,44,0
0,2,1,1,5,0,2,2,21,10,92,0,0,76,56,0
0,2,0,1,5,0,1,2,21,10,92,2,0,76,56,0
0,2,1,1,5,0,0,2,21,10,92,2,0,76,56,0
1,1,0,1,17,1,2,2,21,25,83,1,1,93,56,0
1,1,1,1,17,1,2,2,21,25,83,0,1,93,56,0
1,1,1,1,17,1,2,2,21,25,83,2,1,93,56,0
1,1,1,1,17,1,1,2,21,25,83,0,1,93,56,0
0,0,1,1,17,0,2,0,24,25,91,1,0,92,88,2
0,0,1,1,0,1,2,2,21,25,91,1,0,59,67,1
0,0,1,1,20,1,2,2,28,25,91,1,1,66,62,2
0,0,1,1,17,0,1,0,24,25,91,1,0,92,88,2
0,0,1,1,0,1,1,2,21,25,91,1,0,59,67,1
0,0,1,1,20,1,1,2,28,25,91,1,1,66,62,2
0,0,1,1,17,0,0,0,24,25,91,0,0,92,88,2
0,0,1,1,0,1,0,2,21,25,91,0,0,59,67,1
0,0,1,1,20,1,0,2,28,25,91,0,1,66,62,2
0,0,0,1,17,0,0,0,24,25,91,1,0,92,88,2
0,0,0,1,0,1,0,2,21,25,91,1,0,59,67,1
0,0,0,1,20,1,0,2,28,25,91,1,1,66,62,2
1,0,1,1,12,0,1,0,23,23,68,1,1,77,95,2
1,0,1,0,12,0,0,0,23,23,68,1,1,77,95,2
1,0,1,1,12,0,0,0,23,23,68,1,1,77,95,2
1,0,1,1,12,0,1,0,23,23,68,0,1,77,95,2
1,0,1,1,12,0,2,0,23,23,68,1,1,77,95,2
0,1,0,1,13,1,2,3,24,29,88,0,1,59,54,2
1,2,1,1,9,0,0,0,29,25,76,0,1,73,90,2
1,2,1,1,9,0,1,0,29,25,76,1,1,73,90,2
1,2,0,1,9,0,2,0,29,25,76,2,1,73,90,2
1,2,1,0,9,0,2,0,29,25,76,0,1,73,90,2
1,2,0,1,9,0,2,0,29,25,76,1,1,73,90,2
0,1,1,1,17,1,1,0,29,8,72,1,0,72,85,2
0,3,1,1,8,1,1,3,23,8,72,1,1,68,54,2
0,0,1,1,4,1,1,3,28,8,72,1,1,60,43,2
0,0,1,1,1,1,1,1,21,8,72,1,0,90,79,2
0,0,1,1,0,0,1,0,25,8,72,1,1,81,98,0
1,0,0,1,19,1,1,0,22,19,83,2,0,66,86,1
1,0,0,1,10,1,1,1,23,19,83,2,1,91,78,1
1,0,0,1,19,1,0,0,22,19,83,1,0,66,86,1
1,0,0,1,10,1,0,1,23,19,83,1,1,91,78,1
1,0,1,1,19,1,0,0,22,19,83,1,0,66,86,1
1,0,1,1,10,1,0,1,23,19,83,1,1,91,78,1
1,0,0,0,19,1,1,0,22,19,83,2,0,66,86,1
1,0,0,0,10,1,1,1,23,19,83,2,1,91,78,1
0,2,0,1,16,1,2,0,27,18,95,1,0,76,94,1
0,0,0,1,20,1,2,3,19,18,95,1,1,63,51,0
0,2,0,1,20,0,2,3,29,18,95,1,1,66,53,2
0,2,1,1,16,1,2,0,27,18,95,0,0,76,94,1
0,0,1,1,20,1,2,3,19,18,95,0,1,63,51,0
0,2,1,1,20,0,2,3,29,18,95,0,1,66,53,2
0,2,1,1,16,1,2,0,27,18,95,1,0,76,94,1
0,0,1,1,20,1,2,3,19,18,95,1,1,63,51,0
0,2,1,1,20,0,2,3,29,18,95,1,1,66,53,2
0,2,0,1,16,1,1,0,27,18,95,1,0,76,94,1
0,0,0,1,20,1,1,3,19,18,95,1,1,63,51,0
0,2,0,1,20,0,1,3,29,18,95,1,1,66,53,2
0,2,1,1,16,1,0,0,27,18,95,0,0,76,94,1
0,0,1,1,20,1,0,3,19,18,95,0,1,63,51,0
0,2,1,1,20,0,0,3,29,18,95,0,1,66,53,2
0,2,1,1,16,1,1,0,27,18,95,2,0,76,94,1
0,0,1,1,20,1,1,3,19,18,95,2,1,63,51,0
0,2,1,1,20,0,1,3,29,18,95,2,1,66,53,2
0,2,1,1,16,1,1,0,27,18,95,0,0,76,94,1
0,0,1,1,20,1,1,3,19,18,95,0,1,63,51,0
0,2,1,1,20,0,1,3,29,18,95,0,1,66,53,2
1,3,1,1,1,1,1,1,18,31,96,0,0,73,77,2
1,0,1,1,16,1,1,2,26,31,96,0,1,59,69,2
1,3,1,1,1,1,2,1,18,31,96,2,0,73,77,2
1,0,1,1,16,1,2,2,26,31,96,2,1,59,69,2
1,3,1,1,1,1,0,1,18,31,96,1,0,73,77,2
1,0,1,1,16,1,0,2,26,31,96,1,1,59,69,2
0,1,1,1,6,1,1,2,26,28,98,1,1,87,64,2
0,1,0,1,7,0,2,1,18,26,100,0,1,84,80,1
0,1,0,1,7,1,2,3,19,26,100,0,0,97,45,0
0,1,1,1,7,0,2,1,18,26,100,2,1,84,80,1
0,1,1,1,7,1,2,3,19,26,100,2,0,97,45,0
0,3,0,1,17,1,1,2,29,20,69,0,1,99,57,2
0,1,0,1,12,1,1,3,20,20,69,0,1,65,41,2
0,3,0,1,17,1,1,2,29,20,69,1,1,99,57,2
0,1,0,1,12,1,1,3,20,20,69,1,1,65,41,2
0,3,1,1,17,1,2,2,29,20,69,1,1,99,57,2
0,1,1,1,12,1,2,3,20,20,69,1,1,65,41,2
0,3,1,1,17,1,0,2,29,20,69,2,1,99,57,2
0,1,1,1,12,1,0,3,20,20,69,2,1,65,41,2
0,3,0,1,17,1,0,2,29,20,69,1,1,99,57,2
0,1,0,1,12,1,0,3,20,20,69,1,1,65,41,2
0,3,1,1,17,1,1,2,29,20,69,2,1,99,57,2
0,1,1,1,12,1,1,3,20,20,69,2,1,65,41,2
1,2,1,0,12,0,1,0,25,16,89,1,0,52,89,2
1,3,1,0,5,0,1,3,18,16,89,1,0,82,42,2
1,2,1,0,8,1,1,2,21,16,89,1,1,83,69,1
1,2,0,1,12,0,1,0,25,16,89,1,0,52,89,2
1,3,0,1,5,0,1,3,18,16,89,1,0,82,42,2
1,2,0,1,8,1,1,2,21,16,89,1,1,83,69,1
1,2,1,1,12,0,1,0,25,16,89,2,0,52,89,2
1,3,1,1,5,0,1,3,18,16,89,2,0,82,42,2
1,2,1,1,8,1,1,2,21,16,89,2,1,83,69,1
1,2,1,1,12,0,1,0,25,16,89,0,0,52,89,2
1,3,1,1,5,0,1,3,18,16,89,0,0,82,42,2
1,2,1,1,8,1,1,2,21,16,89,0,1,83,69,1
1,1,0,1,6,0,1,0,22,22,60,0,1,69,88,2
1,1,1,1,6,0,1,0,22,22,60,1,1,69,88,2
1,1,0,1,6,0,1,0,22,22,60,1,1,69,88,2
1,3,1,1,16,0,0,1,28,25,60,0,1,83,76,1
1,3,0,1,16,0,0,1,28,25,60,0,1,83,76,1
1,2,1,1,18,1,1,0,20,16,72,0,1,79,88,0
1,3,1,1,1,1,1,1,19,16,72,0,1,82,73,0
1,0,1,1,14,1,1,2,28,16,72,0,0,67,56,1
1,2,1,1,0,1,1,3,23,16,72,0,1,85,52,2
1,2,0,1,18,1,2,0,20,16,72,0,1,79,88,0
1,3,0,1,1,1,2,1,19,16,72,0,1,82,73,0
1,0,0,1,14,1,2,2,28,16,72,0,0,67,56,1
1,2,0,1,0,1,2,3,23,16,72,0,1,85,52,2
1,2,1,1,18,1,1,0,20,16,72,2,1,79,88,0
1,3,1,1,1,1,1,1,19,16,72,2,1,82,73,0
1,0,1,1,14,1,1,2,28,16,72,2,0,67,56,1
1,2,1,1,0,1,1,3,23,16,72,2,1,85,52,2
1,2,0,1,18,1,2,0,20,16,72,1,1,79,88,0
1,3,0,1,1,1,2,1,19,16,72,1,1,82,73,0
1,0,0,1,14,1,2,2,28,16,72,1,0,67,56,1
1,2,0,1,0,1,2,3,23,16,72,1,1,85,52,2
1,0,1,1,13,1,2,0,21,30,67,2,1,70,96,2
1,0,1,1,12,1,2,0,18,30,67,2,0,75,87,1
1,0,1,1,18,0,2,1,24,30,67,2,1,65,77,2
1,3,1,1,12,1,2,1,23,30,67,2,1,50,75,1
1,1,1,1,12,1,2,2,24,30,67,2,0,88,69,1
1,0,0,1,13,1,1,0,21,30,67,2,1,70,96,2
1,0,0,1,12,1,1,0,18,30,67,2,0,75,87,1
1,0,0,1,18,0,1,1,24,30,67,2,1,65,77,2
1,3,0,1,12,1,1,1,23,30,67,2,1,50,75,1
1,1,0,1,12,1,1,2,24,30,67,2,0,88,69,1
0,3,1,1,7,1,2,0,21,16,69,1,1,77,85,2
0,1,0,1,15,1,2,3,22,23,66,1,0,67,43,2
0,0,0,1,18,1,2,2,28,23,66,1,0,67,58,2
0,1,1,1,15,1,0,3,22,23,66,2,0,67,43,2
0,0,1,1,18,1,0,2,28,23,66,2,0,67,58,2
0,1,1,1,15,1,0,3,22,23,66,1,0,67,43,2
0,0,1,1,18,1,0,2,28,23,66,1,0,67,58,2
0,1,1,1,15,1,1,3,22,23,66,1,0,67,43,2
0,0,1,1,18,1,1,2,28,23,66,1,0,67,58,2
0,1,1,1,15,1,2,3,22,23,66,1,0,67,43,2
0,0,1,1,18,1,2,2,28,23,66,1,0,67,58,2
0,1,1,1,15,1,2,3,22,23,66,2,0,67,43,2
0,0,1,1,18,1,2,2,28,23,66,2,0,67,58,2
1,2,1,1,2,1,0,0,23,33,64,0,1,82,100,0
1,2,1,1,2,1,1,0,23,33,64,1,1,82,100,0
1,2,0,0,2,1,1,0,23,33,64,0,1,82,100,0
0,2,0,1,15,1,1,2,25,30,79,1,1,64,69,1
0,0,0,1,17,1,1,1,19,30,79,1,1,65,84,2
0,2,0,1,15,1,2,2,25,30,79,1,1,64,69,1
0,0,0,1,17,1,2,1,19,30,79,1,1,65,84,2
0,2,0,0,15,1,2,2,25,30,79,1,1,64,69,1
0,0,0,0,17,1,2,1,19,30,79,1,1,65,84,2
1,3,1,1,16,1,0,3,28,23,63,0,0,96,44,1
1,3,0,1,16,1,1,3,28,23,63,2,0,96,44,1
1,3,1,1,16,1,1,3,28,23,63,2,0,96,44,1
1,3,0,1,16,1,1,3,28,23,63,1,0,96,44,1
1,3,1,1,16,1,1,3,28,23,63,1,0,96,44,1
1,3,0,1,16,1,1,3,28,23,63,0,0,96,44,1
1,3,1,1,3,1,2,1,19,24,81,1,1,58,83,0
1,3,1,1,9,1,2,2,25,24,81,1,0,64,62,0
1,2,1,1,10,1,2,2,28,24,81,1,0,98,55,2
1,3,1,1,3,1,1,1,19,24,81,0,1,58,83,0
1,3,1,1,9,1,1,2,25,24,81,0,0,64,62,0
1,2,1,1,10,1,1,2,28,24,81,0,0,98,55,2
1,3,1,0,3,1,1,1,19,24,81,1,1,58,83,0
1,3,1,0,9,1,1,2,25,24,81,1,0,64,62,0
1,2,1,0,10,1,1,2,28,24,81,1,0,98,55,2
1,3,1,1,3,1,0,1,19,24,81,1,1,58,83,0
1,3,1,1,9,1,0,2,25,24,81,1,0,64,62,0
1,2,1,1,10,1,0,2,28,24,81,1,0,98,55,2
1,3,0,1,3,1,1,1,19,24,81,1,1,58,83,0
1,3,0,1,9,1,1,2,25,24,81,1,0,64,62,0
1,2,0,1,10,1,1,2,28,24,81,1,0,98,55,2
1,3,1,1,3,1,2,1,19,24,81,2,1,58,83,0
1,3,1,1,9,1,2,2,25,24,81,2,0,64,62,0
1,2,1,1,10,1,2,2,28,24,81,2,0,98,55,2
1,3,1,1,3,1,1,1,19,24,81,1,1,58,83,0
1,3,1,1,9,1,1,2,25,24,81,1,0,64,62,0
1,2,1,1,10,1,1,2,28,24,81,1,0,98,55,2
1,3,1,1,3,1,1,1,19,24,81,2,1,58,83,0
1,3,1,1,9,1,1,2,25,24,81,2,0,64,62,0
1,2,1,1,10,1,1,2,28,24,81,2,0,98,55,2
0,3,0,1,10,1,1,1,29,18,97,0,0,72,73,2
0,3,0,1,1,0,1,3,25,18,97,0,1,75,53,2
0,3,0,1,10,1,2,1,29,18,97,0,0,72,73,2
0,3,0,1,1,0,2,3,25,18,97,0,1,75,53,2
0,3,1,1,10,1,2,1,29,18,97,1,0,72,73,2
0,3,1,1,1,0,2,3,25,18,97,1,1,75,53,2
0,3,0,1,10,1,0,1,29,18,97,1,0,72,73,2
0,3,0,1,1,0,0,3,25,18,97,1,1,75,53,2
1,1,0,1,17,0,1,2,28,10,82,0,0,57,69,1
1,3,0,1,16,1,1,1,28,10,82,0,0,66,76,2
0,3,1,0,17,1,2,1,27,29,91,1,0,66,75,2
0,3,0,1,17,1,1,1,27,29,91,0,0,66,75,2
1,1,0,1,19,1,2,0,22,13,71,0,0,56,96,2
1,3,0,1,4,1,2,3,29,13,71,0,0,57,51,2
1,1,1,1,19,1,1,0,22,13,71,1,0,56,96,2
1,3,1,1,4,1,1,3,29,13,71,1,0,57,51,2
1,1,0,1,19,1,1,0,22,13,71,1,0,56,96,2
1,3,0,1,4,1,1,3,29,13,71,1,0,57,51,2
1,1,0,1,19,1,0,0,22,13,71,0,0,56,96,2
1,3,0,1,4,1,0,3,29,13,71,0,0,57,51,2
1,3,0,1,2,1,1,0,28,26,93,1,0,98,90,1
1,1,0,1,20,1,1,0,18,26,93,1,1,79,94,0
1,3,1,1,2,1,2,0,28,26,93,1,0,98,90,1
1,1,1,1,20,1,2,0,18,26,93,1,1,79,94,0
0,2,1,1,19,0,2,0,22,30,93,1,1,73,99,0
1,1,1,1,10,1,2,2,21,25,72,1,0,73,57,1
1,3,1,1,5,1,2,2,19,25,72,1,1,81,56,0
1,1,1,1,10,1,0,2,21,25,72,0,0,73,57,1
1,3,1,1,5,1,0,2,19,25,72,0,1,81,56,0
1,1,1,1,10,1,1,2,21,25,72,0,0,73,57,1
1,3,1,1,5,1,1,2,19,25,72,0,1,81,56,0
1,1,0,1,10,1,1,2,21,25,72,0,0,73,57,1
1,3,0,1,5,1,1,2,19,25,72,0,1,81,56,0
1,1,1,1,10,1,1,2,21,25,72,2,0,73,57,1
1,3,1,1,5,1,1,2,19,25,72,2,1,81,56,0
1,1,1,1,10,1,0,2,21,25,72,2,0,73,57,1
1,3,1,1,5,1,0,2,19,25,72,2,1,81,56,0
1,0,0,1,16,0,1,0,19,11,69,1,1,76,97,2
1,0,1,1,16,0,1,0,19,11,69,0,1,76,97,2
0,3,1,1,18,1,2,2,23,29,60,1,1,99,68,0
0,2,1,1,9,1,2,3,21,29,60,1,0,55,42,2
0,1,1,1,13,1,2,3,22,23,70,2,1,87,44,2
0,3,1,1,16,1,2,0,28,23,70,2,0,72,90,2
0,1,1,1,13,1,2,3,22,23,70,1,1,87,44,2
0,3,1,1,16,1,2,0,28,23,70,1,0,72,90,2
0,1,0,1,13,1,2,3,22,23,70,0,1,87,44,2
0,3,0,1,16,1,2,0,28,23,70,0,0,72,90,2
0,3,1,1,12,0,0,0,23,22,75,1,1,89,89,2
0,3,0,1,12,0,1,0,23,22,75,2,1,89,89,2
0,3,0,1,17,1,1,3,18,16,62,2,0,56,52,2
0,1,0,1,16,1,1,2,21,16,62,2,1,63,56,2
0,3,0,0,17,1,2,3,18,16,62,1,0,56,52,2
0,1,0,0,16,1,2,2,21,16,62,1,1,63,56,2
0,3,0,1,17,1,1,3,18,16,62,0,0,56,52,2
0,1,0,1,16,1,1,2,21,16,62,0,1,63,56,2
0,3,0,1,17,1,1,3,18,16,62,1,0,56,52,2
0,1,0,1,16,1,1,2,21,16,62,1,1,63,56,2
0,3,0,1,17,1,0,3,18,16,62,2,0,56,52,2
0,1,0,1,16,1,0,2,21,16,62,2,1,63,56,2
0,2,0,1,15,1,1,0,27,20,99,1,1,62,90,2
0,3,0,1,6,0,1,0,27,20,99,1,1,61,97,0
0,2,1,1,15,1,0,0,27,20,99,0,1,62,90,2
0,3,1,1,6,0,0,0,27,20,99,0,1,61,97,0
0,3,0,1,15,1,1,0,26,27,89,1,1,74,96,1
0,3,0,1,9,1,1,3,21,27,89,1,0,97,51,1
0,3,0,1,15,1,0,0,26,27,89,1,1,74,96,1
0,3,0,1,9,1,0,3,21,27,89,1,0,97,51,1
0,3,1,1,15,1,1,0,26,27,89,1,1,74,96,1
0,3,1,1,9,1,1,3,21,27,89,1,0,97,51,1
0,1,1,1,16,1,1,0,24,23,73,1,1,96,86,1
0,0,1,1,17,0,1,1,21,23,73,1,0,96,82,2
0,1,1,1,9,1,1,0,23,23,73,1,1,58,93,1
0,0,1,1,0,0,1,2,27,23,73,1,1,92,65,2
0,1,0,1,16,1,2,0,24,23,73,0,1,96,86,1
0,0,0,1,17,0,2,1,21,23,73,0,0,96,82,2
0,1,0,1,9,1,2,0,23,23,73,0,1,58,93,1
0,0,0,1,0,0,2,2,27,23,73,0,1,92,65,2
0,1,0,1,16,1,2,0,24,23,73,2,1,96,86,1
0,0,0,1,17,0,2,1,21,23,73,2,0,96,82,2
0,1,0,1,9,1,2,0,23,23,73,2,1,58,93,1
0,0,0,1,0,0,2,2,27,23,73,2,1,92,65,2
0,3,0,1,14,1,1,2,27,25,78,1,0,86,68,2
0,2,0,1,13,0,1,1,26,25,78,1,1,86,74,2
1,0,0,1,15,1,2,0,24,27,95,0,0,99,95,0
1,3,0,1,13,0,2,2,29,27,95,0,1,62,58,1
1,0,0,1,8,1,2,1,22,27,95,0,1,77,84,0
1,2,0,1,7,1,2,1,22,27,95,0,0,66,72,1
1,0,0,1,15,1,1,0,24,27,95,0,0,99,95,0
1,3,0,1,13,0,1,2,29,27,95,0,1,62,58,1
1,0,0,1,8,1,1,1,22,27,95,0,1,77,84,0
1,2,0,1,7,1,1,1,22,27,95,0,0,66,72,1
1,1,0,1,5,1,1,3,21,20,87,1,1,57,52,2
1,1,0,1,5,1,1,3,21,20,87,0,1,57,52,2
1,1,1,1,5,1,2,3,21,20,87,1,1,57,52,2
1,1,1,1,5,1,1,3,21,20,87,0,1,57,52,2
1,1,1,1,5,1,1,3,21,20,87,2,1,57,52,2
1,1,0,1,5,1,0,3,21,20,87,1,1,57,52,2
1,2,1,1,3,1,1,1,18,12,79,1,1,69,83,1
1,3,1,1,12,1,1,3,22,12,79,1,1,94,50,1
1,2,0,1,3,1,1,1,18,12,79,1,1,69,83,1
1,3,0,1,12,1,1,3,22,12,79,1,1,94,50,1
1,2,0,1,3,1,0,1,18,12,79,0,1,69,83,1
1,3,0,1,12,1,0,3,22,12,79,0,1,94,50,1
0,0,1,1,11,1,1,2,21,11,97,0,1,75,62,0
0,1,1,1,11,1,1,1,25,11,97,0,1,52,83,1
0,0,1,1,10,1,1,1,19,11,97,0,0,85,73,1
0,2,1,1,11,1,1,1,29,11,97,0,1,62,80,2
0,0,1,1,11,1,0,2,21,11,97,1,1,75,62,0
0,1,1,1,11,1,0,1,25,11,97,1,1,52,83,1
0,0,1,1,10,1,0,1,19,11,97,1,0,85,73,1
0,2,1,1,11,1,0,1,29,11,97,1,1,62,80,2
0,0,0,1,11,1,1,2,21,11,97,2,1,75,62,0
0,1,0,1,11,1,1,1,25,11,97,2,1,52,83,1
0,0,0,1,10,1,1,1,19,11,97,2,0,85,73,1
0,2,0,1,11,1,1,1,29,11,97,2,1,62,80,2
1,2,0,1,10,1,0,3,23,29,80,2,1,52,51,2
1,0,0,1,0,0,0,0,29,29,80,2,0,69,89,2
1,2,1,0,10,1,1,3,23,29,80,2,1,52,51,2
1,0,1,0,0,0,1,0,29,29,80,2,0,69,89,2
0,1,1,1,14,1,2,0,27,18,88,0,1,89,90,2
0,3,1,1,5,0,2,3,24,18,88,0,1,96,45,2
0,1,0,1,14,1,1,0,27,18,88,0,1,89,90,2
0,3,0,1,5,0,1,3,24,18,88,0,1,96,45,2
0,1,1,1,14,1,0,0,27,18,88,1,1,89,90,2
0,3,1,1,5,0,0,3,24,18,88,1,1,96,45,2
0,1,0,1,14,1,1,0,27,18,88,1,1,89,90,2
0,3,0,1,5,0,1,3,24,18,88,1,1,96,45,2
1,1,1,0,1,1,0,2,18,23,93,2,1,56,66,0
1,1,0,1,1,1,0,2,18,23,93,1,1,56,66,0
1,1,1,1,1,1,0,2,18,23,93,0,1,56,66,0
1,1,0,1,1,1,2,2,18,23,93,2,1,56,66,0
1,1,1,0,1,1,1,2,18,23,93,0,1,56,66,0
0,2,1,1,5,1,2,2,24,26,99,2,0,65,68,2
0,0,1,1,1,1,2,1,29,26,99,2,1,93,77,1
0,1,1,1,13,1,0,0,25,21,95,1,0,53,90,1
0,2,1,1,5,0,0,0,21,21,95,1,0,60,88,0
0,1,1,1,13,1,1,0,25,21,95,1,0,53,90,1
0,2,1,1,5,0,1,0,21,21,95,1,0,60,88,0
0,3,0,1,5,0,0,2,25,18,71,1,0,83,56,2
0,0,0,1,6,1,0,3,20,18,71,1,0,67,54,2
0,3,0,1,5,0,1,2,25,18,71,2,0,83,56,2
0,0,0,1,6,1,1,3,20,18,71,2,0,67,54,2
0,3,1,1,5,0,1,2,25,18,71,0,0,83,56,2
0,0,1,1,6,1,1,3,20,18,71,0,0,67,54,2
0,3,0,1,5,0,1,2,25,18,71,1,0,83,56,2
0,0,0,1,6,1,1,3,20,18,71,1,0,67,54,2
0,3,1,1,5,0,2,2,25,18,71,1,0,83,56,2
0,0,1,1,6,1,2,3,20,18,71,1,0,67,54,2
0,3,1,1,5,0,0,2,25,18,71,1,0,83,56,2
0,0,1,1,6,1,0,3,20,18,71,1,0,67,54,2
0,2,0,1,13,0,2,3,27,20,64,1,0,82,45,0
0,2,1,1,13,0,1,3,27,20,64,1,0,82,45,0
0,2,0,0,13,0,2,3,27,20,64,2,0,82,45,0
0,2,0,1,13,0,1,3,27,20,64,1,0,82,45,0
0,2,1,1,13,0,0,3,27,20,64,2,0,82,45,0
0,1,1,1,19,1,1,3,20,24,85,1,1,95,47,1
0,0,1,1,16,1,1,2,23,24,85,1,1,100,64,1
0,1,1,0,19,1,1,3,20,24,85,1,1,95,47,1
0,0,1,0,16,1,1,2,23,24,85,1,1,100,64,1
0,1,1,1,19,1,1,3,20,24,85,2,1,95,47,1
0,0,1,1,16,1,1,2,23,24,85,2,1,100,64,1
0,1,1,1,19,1,1,3,20,24,85,0,1,95,47,1
0,0,1,1,16,1,1,2,23,24,85,0,1,100,64,1
0,1,0,1,19,1,2,3,20,24,85,1,1,95,47,1
0,0,0,1,16,1,2,2,23,24,85,1,1,100,64,1
0,1,0,1,0,0,2,0,19,20,85,1,1,89,95,2
0,1,0,1,3,1,2,3,20,20,85,1,1,84,42,0
0,1,1,1,11,0,1,2,29,8,67,0,1,68,55,2
0,1,1,1,11,1,1,3,29,8,67,0,1,72,44,0
0,1,1,1,20,1,0,3,21,25,64,0,1,87,46,0
0,1,1,1,14,1,0,1,18,25,64,0,1,94,84,1
0,2,1,1,4,1,0,2,18,25,64,0,0,85,63,0
0,3,1,1,1,1,0,0,26,25,64,0,0,98,88,2
0,2,1,1,15,1,0,2,23,25,64,0,1,58,55,1
0,3,1,1,10,1,0,0,28,25,64,0,0,60,99,2
0,2,1,1,19,0,0,3,21,25,64,0,1,71,40,1
0,2,0,1,7,1,1,3,20,33,74,1,1,87,52,2
1,3,0,1,8,1,1,3,24,24,80,1,1,98,50,2
1,1,0,1,13,1,1,3,22,24,80,1,0,51,43,1
1,1,0,1,1,0,1,2,27,24,80,1,1,96,59,2
1,1,0,1,8,1,1,0,28,24,80,1,0,71,96,2
1,1,0,1,7,0,1,1,28,24,80,1,0,88,84,2
1,3,1,1,8,1,2,3,24,24,80,2,1,98,50,2
1,1,1,1,13,1,2,3,22,24,80,2,0,51,43,1
1,1,1,1,1,0,2,2,27,24,80,2,1,96,59,2
1,1,1,1,8,1,2,0,28,24,80,2,0,71,96,2
1,1,1,1,7,0,2,1,28,24,80,2,0,88,84,2
1,3,1,1,8,1,1,3,24,24,80,0,1,98,50,2
1,1,1,1,13,1,1,3,22,24,80,0,0,51,43,1
1,1,1,1,1,0,1,2,27,24,80,0,1,96,59,2
1,1,1,1,8,1,1,0,28,24,80,0,0,71,96,2
1,1,1,1,7,0,1,1,28,24,80,0,0,88,84,2
1,3,0,1,8,1,2,3,24,24,80,1,1,98,50,2
1,1,0,1,13,1,2,3,22,24,80,1,0,51,43,1
1,1,0,1,1,0,2,2,27,24,80,1,1,96,59,2
1,1,0,1,8,1,2,0,28,24,80,1,0,71,96,2
1,1,0,1,7,0,2,1,28,24,80,1,0,88,84,2
1,3,0,1,8,1,2,3,24,24,80,2,1,98,50,2
1,1,0,1,13,1,2,3,22,24,80,2,0,51,43,1
1,1,0,1,1,0,2,2,27,24,80,2,1,96,59,2
1,1,0,1,8,1,2,0,28,24,80,2,0,71,96,2
1,1,0,1,7,0,2,1,28,24,80,2,0,88,84,2
1,3,0,1,8,1,1,3,24,24,80,0,1,98,50,2
1,1,0,1,13,1,1,3,22,24,80,0,0,51,43,1
1,1,0,1,1,0,1,2,27,24,80,0,1,96,59,2
1,1,0,1,8,1,1,0,28,24,80,0,0,71,96,2
1,1,0,1,7,0,1,1,28,24,80,0,0,88,84,2
1,3,1,1,8,1,2,3,24,24,80,1,1,98,50,2
1,1,1,1,13,1,2,3,22,24,80,1,0,51,43,1
1,1,1,1,1,0,2,2,27,24,80,1,1,96,59,2
1,1,1,1,8,1,2,0,28,24,80,1,0,71,96,2
1,1,1,1,7,0,2,1,28,24,80,1,0,88,84,2
0,1,0,1,16,1,2,0,21,14,77,1,0,68,92,0
0,1,0,1,5,1,2,0,20,14,77,1,1,77,97,2
0,2,0,1,13,1,2,2,18,14,77,1,1,67,69,2
0,1,0,1,16,1,0,0,21,14,77,0,0,68,92,0
0,1,0,1,5,1,0,0,20,14,77,0,1,77,97,2
0,2,0,1,13,1,0,2,18,14,77,0,1,67,69,2
0,1,1,1,16,1,1,0,21,14,77,0,0,68,92,0
0,1,1,1,5,1,1,0,20,14,77,0,1,77,97,2
0,2,1,1,13,1,1,2,18,14,77,0,1,67,69,2
1,0,1,1,1,1,0,2,23,16,98,1,1,79,59,2
1,0,1,1,3,1,0,3,28,16,98,1,0,63,43,2
1,3,1,1,11,0,0,1,18,16,98,1,0,73,80,1
1,0,1,1,8,0,0,2,24,16,98,1,0,65,67,1
1,0,1,1,0,1,0,0,27,16,98,1,1,84,99,2
1,0,0,1,1,1,0,2,23,16,98,0,1,79,59,2
1,0,0,1,3,1,0,3,28,16,98,0,0,63,43,2
1,3,0,1,11,0,0,1,18,16,98,0,0,73,80,1
1,0,0,1,8,0,0,2,24,16,98,0,0,65,67,1
1,0,0,1,0,1,0,0,27,16,98,0,1,84,99,2
1,0,1,1,1,1,1,2,23,16,98,0,1,79,59,2
1,0,1,1,3,1,1,3,28,16,98,0,0,63,43,2
1,3,1,1,11,0,1,1,18,16,98,0,0,73,80,1
1,0,1,1,8,0,1,2,24,16,98,0,0,65,67,1
1,0,1,1,0,1,1,0,27,16,98,0,1,84,99,2
1,1,0,0,14,1,1,0,29,31,69,1,0,55,85,1
1,1,0,0,13,1,1,2,20,31,69,1,0,98,64,2
1,1,1,1,14,1,0,0,29,31,69,1,0,55,85,1
1,1,1,1,13,1,0,2,20,31,69,1,0,98,64,2
1,1,1,1,14,1,0,0,29,31,69,0,0,55,85,1
1,1,1,1,13,1,0,2,20,31,69,0,0,98,64,2
0,1,0,0,8,1,2,2,18,19,81,0,0,85,57,0
0,2,0,0,12,1,2,1,20,19,81,0,1,76,74,2
0,1,0,1,8,1,1,2,18,19,81,1,0,85,57,0
0,2,0,1,12,1,1,1,20,19,81,1,1,76,74,2
0,1,1,0,8,1,2,2,18,19,81,1,0,85,57,0
0,2,1,0,12,1,2,1,20,19,81,1,1,76,74,2
0,1,0,1,8,1,2,2,18,19,81,1,0,85,57,0
0,2,0,1,12,1,2,1,20,19,81,1,1,76,74,2
1,0,1,1,15,1,1,3,29,21,89,0,0,86,40,1
1,0,1,1,15,1,0,3,29,21,89,1,0,86,40,1
1,0,1,1,15,1,2,3,29,21,89,1,0,86,40,1
1,0,0,1,15,1,1,3,29,21,89,1,0,86,40,1
1,0,0,1,15,1,1,3,29,21,89,0,0,86,40,1
1,0,1,1,3,1,0,1,23,23,97,1,0,86,77,2
1,1,1,1,9,1,0,1,29,23,97,1,0,55,76,1
1,2,1,1,20,1,0,0,20,23,97,1,0,60,99,0
1,0,1,1,3,1,2,1,23,23,97,0,0,86,77,2
1,1,1,1,9,1,2,1,29,23,97,0,0,55,76,1
1,2,1,1,20,1,2,0,20,23,97,0,0,60,99,0
1,0,0,0,3,1,2,1,23,23,97,1,0,86,77,2
1,1,0,0,9,1,2,1,29,23,97,1,0,55,76,1
1,2,0,0,20,1,2,0,20,23,97,1,0,60,99,0
1,0,1,1,3,1,1,1,23,23,97,1,0,86,77,2
1,1,1,1,9,1,1,1,29,23,97,1,0,55,76,1
1,2,1,1,20,1,1,0,20,23,97,1,0,60,99,0
1,0,1,0,3,1,2,1,23,23,97,0,0,86,77,2
1,1,1,0,9,1,2,1,29,23,97,0,0,55,76,1
1,2,1,0,20,1,2,0,20,23,97,0,0,60,99,0
1,0,1,1,3,1,0,1,23,23,97,2,0,86,77,2
1,1,1,1,9,1,0,1,29,23,97,2,0,55,76,1
1,2,1,1,20,1,0,0,20,23,97,2,0,60,99,0
1,0,1,1,3,1,2,1,23,23,97,1,0,86,77,2
1,1,1,1,9,1,2,1,29,23,97,1,0,55,76,1
1,2,1,1,20,1,2,0,20,23,97,1,0,60,99,0
1,1,1,1,4,0,1,2,18,21,75,0,1,100,55,2
1,1,1,1,12,1,1,2,25,21,75,0,1,56,56,2
1,2,1,1,4,0,1,2,25,21,75,0,1,86,56,2
1,1,1,1,2,0,1,3,20,21,75,0,0,69,49,1
1,3,1,1,20,1,1,0,19,21,75,0,1,50,90,1
1,1,1,1,4,0,2,2,18,21,75,1,1,100,55,2
1,1,1,1,12,1,2,2,25,21,75,1,1,56,56,2
1,2,1,1,4,0,2,2,25,21,75,1,1,86,56,2
1,1,1,1,2,0,2,3,20,21,75,1,0,69,49,1
1,3,1,1,20,1,2,0,19,21,75,1,1,50,90,1
1,1,1,1,4,0,0,2,18,21,75,2,1,100,55,2
1,1,1,1,12,1,0,2,25,21,75,2,1,56,56,2
1,2,1,1,4,0,0,2,25,21,75,2,1,86,56,2
1,1,1,1,2,0,0,3,20,21,75,2,0,69,49,1
1,3,1,1,20,1,0,0,19,21,75,2,1,50,90,1
1,1,1,1,4,0,1,2,18,21,75,1,1,100,55,2
1,1,1,1,12,1,1,2,25,21,75,1,1,56,56,2
1,2,1,1,4,0,1,2,25,21,75,1,1,86,56,2
1,1,1,1,2,0,1,3,20,21,75,1,0,69,49,1
1,3,1,1,20,1,1,0,19,21,75,1,1,50,90,1
1,1,1,1,4,0,0,2,18,21,75,1,1,100,55,2
1,1,1,1,12,1,0,2,25,21,75,1,1,56,56,2
1,2,1,1,4,0,0,2,25,21,75,1,1,86,56,2
1,1,1,1,2,0,0,3,20,21,75,1,0,69,49,1
1,3,1,1,20,1,0,0,19,21,75,1,1,50,90,1
0,3,0,1,12,1,1,1,26,34,64,2,0,85,74,1
0,2,0,0,5,1,2,2,25,21,72,0,1,94,61,1
0,2,0,0,14,0,2,0,23,21,72,0,0,84,89,2
0,2,1,1,5,1,2,2,25,21,72,0,1,94,61,1
0,2,1,1,14,0,2,0,23,21,72,0,0,84,89,2
0,2,1,1,5,1,0,2,25,21,72,0,1,94,61,1
0,2,1,1,14,0,0,0,23,21,72,0,0,84,89,2
0,3,0,1,19,1,1,3,27,26,66,1,1,66,47,2
0,3,0,1,6,1,1,0,24,26,66,1,0,57,88,1
0,3,0,1,0,0,1,1,22,26,66,1,0,90,83,0
0,3,1,1,19,1,1,3,27,26,66,2,1,66,47,2
0,3,1,1,6,1,1,0,24,26,66,2,0,57,88,1
0,3,1,1,0,0,1,1,22,26,66,2,0,90,83,0
0,3,0,1,19,1,2,3,27,26,66,2,1,66,47,2
0,3,0,1,6,1,2,0,24,26,66,2,0,57,88,1
0,3,0,1,0,0,2,1,22,26,66,2,0,90,83,0
0,3,1,1,19,1,2,3,27,26,66,1,1,66,47,2
0,3,1,1,6,1,2,0,24,26,66,1,0,57,88,1
0,3,1,1,0,0,2,1,22,26,66,1,0,90,83,0
1,1,0,1,8,1,2,0,26,27,82,0,0,55,88,2
1,1,0,1,3,0,2,3,27,27,82,0,1,69,44,1
1,3,0,1,9,1,2,3,27,27,82,0,1,73,47,1
1,3,0,1,1,0,2,2,19,27,82,0,0,62,56,1
1,1,1,1,8,1,1,0,26,27,82,0,0,55,88,2
1,1,1,1,3,0,1,3,27,27,82,0,1,69,44,1
1,3,1,1,9,1,1,3,27,27,82,0,1,73,47,1
1,3,1,1,1,0,1,2,19,27,82,0,0,62,56,1
1,1,1,0,8,1,1,0,26,27,82,0,0,55,88,2
1,1,1,0,3,0,1,3,27,27,82,0,1,69,44,1
1,3,1,0,9,1,1,3,27,27,82,0,1,73,47,1
1,3,1,0,1,0,1,2,19,27,82,0,0,62,56,1
1,1,0,1,8,1,1,0,26,27,82,2,0,55,88,2
1,1,0,1,3,0,1,3,27,27,82,2,1,69,44,1
1,3,0,1,9,1,1,3,27,27,82,2,1,73,47,1
1,3,0,1,1,0,1,2,19,27,82,2,0,62,56,1
1,1,1,1,8,1,0,0,26,27,82,1,0,55,88,2
1,1,1,1,3,0,0,3,27,27,82,1,1,69,44,1
1,3,1,1,9,1,0,3,27,27,82,1,1,73,47,1
1,3,1,1,1,0,0,2,19,27,82,1,0,62,56,1
1,3,0,1,9,0,1,0,21,27,81,1,1,95,99,1
1,2,0,1,16,1,1,0,18,27,81,1,1,59,98,0
1,2,0,1,18,1,1,0,25,27,81,1,0,89,94,0
1,3,1,1,9,0,0,0,21,27,81,1,1,95,99,1
1,2,1,1,16,1,0,0,18,27,81,1,1,59,98,0
1,2,1,1,18,1,0,0,25,27,81,1,0,89,94,0
1,3,0,1,9,0,2,0,21,27,81,0,1,95,99,1
1,2,0,1,16,1,2,0,18,27,81,0,1,59,98,0
1,2,0,1,18,1,2,0,25,27,81,0,0,89,94,0
0,2,1,1,13,1,0,1,25,13,88,0,1,95,82,0
0,2,0,1,13,1,1,1,25,13,88,0,1,95,82,0
0,2,1,1,13,1,1,1,25,13,88,1,1,95,82,0
0,2,1,1,13,1,1,1,25,13,88,2,1,95,82,0
0,1,1,1,12,1,1,1,18,30,85,0,1,76,83,0
0,1,1,1,8,0,1,1,29,30,85,0,1,57,72,2
0,3,1,1,1,0,1,1,28,30,85,0,1,72,73,0
0,1,1,1,2,1,1,0,28,30,85,0,1,99,92,2
0,2,1,1,18,0,1,3,19,30,85,0,1,53,52,2
0,1,1,1,12,1,0,1,18,30,85,2,1,76,83,0
0,1,1,1,8,0,0,1,29,30,85,2,1,57,72,2
0,3,1,1,1,0,0,1,28,30,85,2,1,72,73,0
0,1,1,1,2,1,0,0,28,30,85,2,1,99,92,2
0,2,1,1,18,0,0,3,19,30,85,2,1,53,52,2
0,1,0,1,12,1,1,1,18,30,85,1,1,76,83,0
0,1,0,1,8,0,1,1,29,30,85,1,1,57,72,2
0,3,0,1,1,0,1,1,28,30,85,1,1,72,73,0
0,1,0,1,2,1,1,0,28,30,85,1,1,99,92,2
0,2,0,1,18,0,1,3,19,30,85,1,1,53,52,2
0,1,0,1,12,1,1,1,18,30,85,0,1,76,83,0
0,1,0,1,8,0,1,1,29,30,85,0,1,57,72,2
0,3,0,1,1,0,1,1,28,30,85,0,1,72,73,0
0,1,0,1,2,1,1,0,28,30,85,0,1,99,92,2
0,2,0,1,18,0,1,3,19,30,85,0,1,53,52,2
1,2,1,1,2,1,1,2,19,13,68,1,0,78,60,2
1,0,1,1,20,1,1,3,25,13,68,1,0,88,54,1
1,3,1,1,9,1,1,0,27,13,68,1,0,93,90,2
1,2,1,1,2,1,0,2,19,13,68,1,0,78,60,2
1,0,1,1,20,1,0,3,25,13,68,1,0,88,54,1
1,3,1,1,9,1,0,0,27,13,68,1,0,93,90,2
1,2,1,1,2,1,0,3,21,30,98,2,1,60,44,2
1,2,1,1,2,1,0,3,21,30,98,1,1,60,44,2
1,2,0,1,2,1,2,3,21,30,98,2,1,60,44,2
1,2,0,1,2,1,1,3,21,30,98,2,1,60,44,2
1,2,1,1,2,1,1,3,21,30,98,1,1,60,44,2
0,2,0,1,5,1,2,2,22,23,87,1,1,62,66,1
0,2,0,1,1,1,2,3,22,23,87,1,1,81,53,2
0,2,0,1,5,1,0,2,22,23,87,0,1,62,66,1
0,2,0,1,1,1,0,3,22,23,87,0,1,81,53,2
0,2,0,1,5,1,2,2,22,23,87,2,1,62,66,1
0,2,0,1,1,1,2,3,22,23,87,2,1,81,53,2
0,2,1,1,5,1,2,2,22,23,87,2,1,62,66,1
0,2,1,1,1,1,2,3,22,23,87,2,1,81,53,2
0,2,0,1,5,1,1,2,22,23,87,1,1,62,66,1
0,2,0,1,1,1,1,3,22,23,87,1,1,81,53,2
0,2,1,1,5,1,0,2,22,23,87,1,1,62,66,1
0,2,1,1,1,1,0,3,22,23,87,1,1,81,53,2
0,2,1,1,7,1,2,1,19,26,78,0,0,53,73,2
0,1,1,1,6,1,2,3,18,26,78,0,1,65,48,1
0,0,1,1,16,1,2,1,20,26,78,0,0,59,71,2
0,0,1,1,5,0,2,2,25,26,78,0,0,78,66,1
0,2,1,0,7,1,2,1,19,26,78,1,0,53,73,2
0,1,1,0,6,1,2,3,18,26,78,1,1,65,48,1
0,0,1,0,16,1,2,1,20,26,78,1,0,59,71,2
0,0,1,0,5,0,2,2,25,26,78,1,0,78,66,1
0,2,0,1,7,1,1,1,19,26,78,1,0,53,73,2
0,1,0,1,6,1,1,3,18,26,78,1,1,65,48,1
0,0,0,1,16,1,1,1,20,26,78,1,0,59,71,2
0,0,0,1,5,0,1,2,25,26,78,1,0,78,66,1
1,2,1,0,0,1,2,3,28,27,96,0,0,89,46,2
1,2,1,1,0,1,0,3,28,27,96,1,0,89,46,2
1,2,0,1,0,1,1,3,28,27,96,1,0,89,46,2
1,1,1,1,3,0,0,0,21,13,64,1,1,72,92,2
1,1,1,1,3,0,2,0,21,13,64,0,1,72,92,2
1,1,1,1,3,0,0,0,21,13,64,2,1,72,92,2
1,1,1,1,3,0,2,0,21,13,64,1,1,72,92,2
0,0,0,1,10,0,2,0,21,18,63,1,1,85,87,1
0,1,0,1,10,0,2,3,27,18,63,1,1,93,54,2
0,0,0,1,10,0,0,0,21,18,63,1,1,85,87,1
0,1,0,1,10,0,0,3,27,18,63,1,1,93,54,2
0,0,1,1,10,0,2,0,21,18,63,1,1,85,87,1
0,1,1,1,10,0,2,3,27,18,63,1,1,93,54,2
0,0,1,1,10,0,1,0,21,18,63,0,1,85,87,1
0,1,1,1,10,0,1,3,27,18,63,0,1,93,54,2
0,1,0,1,14,1,1,1,21,28,97,0,1,98,71,2
0,1,1,1,14,1,0,1,21,28,97,0,1,98,71,2
1,3,0,1,10,0,1,3,19,19,75,2,0,57,45,0
1,3,0,1,1,0,1,3,28,19,75,2,0,57,48,2
1,3,1,1,10,0,2,3,19,19,75,2,0,57,45,0
1,3,1,1,1,0,2,3,28,19,75,2,0,57,48,2
1,3,0,1,10,0,1,3,19,19,75,0,0,57,45,0
1,3,0,1,1,0,1,3,28,19,75,0,0,57,48,2
1,3,1,1,10,0,1,3,19,19,75,0,0,57,45,0
1,3,1,1,1,0,1,3,28,19,75,0,0,57,48,2
0,3,0,1,14,1,1,2,22,20,78,0,1,93,67,2
0,1,0,1,20,0,1,2,21,20,78,0,1,51,57,2
0,1,0,1,2,1,1,0,19,20,78,0,0,51,88,0
0,3,1,1,14,1,2,2,22,20,78,1,1,93,67,2
0,1,1,1,20,0,2,2,21,20,78,1,1,51,57,2
0,1,1,1,2,1,2,0,19,20,78,1,0,51,88,0
0,3,0,0,14,1,1,2,22,20,78,2,1,93,67,2
0,1,0,0,20,0,1,2,21,20,78,2,1,51,57,2
0,1,0,0,2,1,1,0,19,20,78,2,0,51,88,0
0,3,0,1,14,1,0,2,22,20,78,1,1,93,67,2
0,1,0,1,20,0,0,2,21,20,78,1,1,51,57,2
0,1,0,1,2,1,0,0,19,20,78,1,0,51,88,0
0,0,1,0,12,0,2,1,27,13,85,1,1,75,82,2
0,1,1,0,10,0,2,3,28,13,85,1,1,75,53,1
0,0,1,1,12,0,0,1,27,13,85,1,1,75,82,2
0,1,1,1,10,0,0,3,28,13,85,1,1,75,53,1
0,0,1,1,12,0,2,1,27,13,85,1,1,75,82,2
0,1,1,1,10,0,2,3,28,13,85,1,1,75,53,1
0,0,1,1,12,0,2,1,27,13,85,2,1,75,82,2
0,1,1,1,10,0,2,3,28,13,85,2,1,75,53,1
1,0,0,1,9,1,2,2,27,30,61,0,1,75,63,0
0,1,0,1,8,1,2,1,26,14,67,0,1,89,73,1
0,1,0,1,12,1,2,1,19,14,67,0,0,91,77,2
0,0,0,1,11,1,2,1,29,14,67,0,1,78,77,2
0,0,0,1,5,1,2,0,21,14,67,0,1,75,86,2
0,1,0,1,7,1,2,1,29,14,67,0,1,78,82,0
0,1,0,1,8,1,0,1,26,14,67,1,1,89,73,1
0,1,0,1,12,1,0,1,19,14,67,1,0,91,77,2
0,0,0,1,11,1,0,1,29,14,67,1,1,78,77,2
0,0,0,1,5,1,0,0,21,14,67,1,1,75,86,2
0,1,0,1,7,1,0,1,29,14,67,1,1,78,82,0
0,1,1,1,8,1,0,1,26,14,67,0,1,89,73,1
0,1,1,1,12,1,0,1,19,14,67,0,0,91,77,2
0,0,1,1,11,1,0,1,29,14,67,0,1,78,77,2
0,0,1,1,5,1,0,0,21,14,67,0,1,75,86,2
0,1,1,1,7,1,0,1,29,14,67,0,1,78,82,0
0,1,1,0,8,1,1,1,26,14,67,1,1,89,73,1
0,1,1,0,12,1,1,1,19,14,67,1,0,91,77,2
0,0,1,0,11,1,1,1,29,14,67,1,1,78,77,2
0,0,1,0,5,1,1,0,21,14,67,1,1,75,86,2
0,1,1,0,7,1,1,1,29,14,67,1,1,78,82,0
1,3,0,1,5,1,2,3,26,7,74,2,1,61,52,1
1,3,0,1,5,1,1,3,26,7,74,2,1,61,52,1
0,0,0,1,7,0,0,0,18,16,74,2,1,72,93,1
0,1,0,1,9,1,0,3,21,16,74,2,1,59,46,0
0,0,1,1,7,0,1,0,18,16,74,0,1,72,93,1
0,1,1,1,9,1,1,3,21,16,74,0,1,59,46,0
0,0,1,1,7,0,2,0,18,16,74,1,1,72,93,1
0,1,1,1,9,1,2,3,21,16,74,1,1,59,46,0
0,0,1,1,7,0,2,0,18,16,74,0,1,72,93,1
0,1,1,1,9,1,2,3,21,16,74,0,1,59,46,0
0,0,1,1,7,0,0,0,18,16,74,1,1,72,93,1
0,1,1,1,9,1,0,3,21,16,74,1,1,59,46,0
0,0,0,1,7,0,1,0,18,16,74,1,1,72,93,1
0,1,0,1,9,1,1,3,21,16,74,1,1,59,46,0
0,3,0,1,19,1,2,2,26,12,79,1,0,50,67,2
0,3,0,1,19,1,1,2,26,12,79,2,0,50,67,2
0,3,1,1,19,1,1,2,26,12,79,0,0,50,67,2
1,0,0,1,4,1,1,0,29,30,73,1,0,64,94,1
1,0,0,1,10,0,1,0,25,30,73,1,1,65,91,1
1,2,0,1,16,1,1,1,27,30,73,1,1,65,79,0
1,1,0,1,15,1,1,0,28,30,73,1,1,74,89,2
1,2,0,1,8,1,1,1,22,30,73,1,1,89,73,2
1,0,1,1,4,1,1,0,29,30,73,0,0,64,94,1
1,0,1,1,10,0,1,0,25,30,73,0,1,65,91,1
1,2,1,1,16,1,1,1,27,30,73,0,1,65,79,0
1,1,1,1,15,1,1,0,28,30,73,0,1,74,89,2
1,2,1,1,8,1,1,1,22,30,73,0,1,89,73,2
1,0,0,1,4,1,2,0,28,26,64,0,1,52,87,1
1,1,0,1,12,1,2,1,27,26,64,0,1,53,84,1
1,0,0,1,4,1,1,0,28,26,64,2,1,52,87,1
1,1,0,1,12,1,1,1,27,26,64,2,1,53,84,1
1,0,0,1,4,1,2,0,28,26,64,1,1,52,87,1
1,1,0,1,12,1,2,1,27,26,64,1,1,53,84,1
1,0,0,1,4,1,1,0,28,26,64,1,1,52,87,1
1,1,0,1,12,1,1,1,27,26,64,1,1,53,84,1
1,0,1,1,4,1,0,0,28,26,64,0,1,52,87,1
1,1,1,1,12,1,0,1,27,26,64,0,1,53,84,1
1,0,1,1,4,1,1,0,28,26,64,2,1,52,87,1
1,1,1,1,12,1,1,1,27,26,64,2,1,53,84,1
1,0,1,0,4,1,2,0,28,26,64,1,1,52,87,1
1,1,1,0,12,1,2,1,27,26,64,1,1,53,84,1
1,3,0,1,13,1,0,1,29,16,66,0,0,57,70,0
1,1,0,1,5,0,0,1,26,16,66,0,0,82,81,2
1,3,0,1,18,0,0,2,25,16,66,0,1,66,64,2
1,3,1,1,13,1,1,1,29,16,66,1,0,57,70,0
1,1,1,1,5,0,1,1,26,16,66,1,0,82,81,2
1,3,1,1,18,0,1,2,25,16,66,1,1,66,64,2
1,3,0,1,13,1,1,1,29,16,66,1,0,57,70,0
1,1,0,1,5,0,1,1,26,16,66,1,0,82,81,2
1,3,0,1,18,0,1,2,25,16,66,1,1,66,64,2
1,3,1,1,13,1,1,1,29,16,66,0,0,57,70,0
1,1,1,1,5,0,1,1,26,16,66,0,0,82,81,2
1,3,1,1,18,0,1,2,25,16,66,0,1,66,64,2
1,3,0,1,13,1,2,1,29,16,66,1,0,57,70,0
1,1,0,1,5,0,2,1,26,16,66,1,0,82,81,2
1,3,0,1,18,0,2,2,25,16,66,1,1,66,64,2
1,3,0,0,13,1,2,1,29,16,66,2,0,57,70,0
1,1,0,0,5,0,2,1,26,16,66,2,0,82,81,2
1,3,0,0,18,0,2,2,25,16,66,2,1,66,64,2
1,3,1,1,13,1,1,1,29,16,66,2,0,57,70,0
1,1,1,1,5,0,1,1,26,16,66,2,0,82,81,2
1,3,1,1,18,0,1,2,25,16,66,2,1,66,64,2
1,3,0,1,3,1,1,1,28,34,61,1,1,97,80,1
1,1,0,1,2,1,1,2,20,34,61,1,0,53,60,1
1,1,0,1,7,1,1,3,21,34,61,1,1,69,52,2
1,3,0,1,20,1,1,2,29,34,61,1,1,51,64,1
1,3,1,1,3,1,1,1,28,34,61,2,1,97,80,1
1,1,1,1,2,1,1,2,20,34,61,2,0,53,60,1
1,1,1,1,7,1,1,3,21,34,61,2,1,69,52,2
1,3,1,1,20,1,1,2,29,34,61,2,1,51,64,1
1,2,0,1,5,1,0,3,25,26,79,1,1,93,47,2
1,2,0,1,13,1,0,1,29,26,79,1,1,90,75,1
1,3,0,1,0,1,0,1,27,26,79,1,0,89,76,1
1,3,0,1,18,0,0,1,25,26,79,1,0,55,83,0
1,2,0,1,5,1,2,3,25,26,79,1,1,93,47,2
1,2,0,1,13,1,2,1,29,26,79,1,1,90,75,1
1,3,0,1,0,1,2,1,27,26,79,1,0,89,76,1
1,3,0,1,18,0,2,1,25,26,79,1,0,55,83,0
1,2,1,1,5,1,0,3,25,26,79,1,1,93,47,2
1,2,1,1,13,1,0,1,29,26,79,1,1,90,75,1
1,3,1,1,0,1,0,1,27,26,79,1,0,89,76,1
1,3,1,1,18,0,0,1,25,26,79,1,0,55,83,0
1,2,1,0,5,1,2,3,25,26,79,0,1,93,47,2
1,2,1,0,13,1,2,1,29,26,79,0,1,90,75,1
1,3,1,0,0,1,2,1,27,26,79,0,0,89,76,1
1,3,1,0,18,0,2,1,25,26,79,0,0,55,83,0
1,0,0,1,19,1,0,3,26,18,98,1,1,72,48,2
1,0,1,1,19,1,2,3,26,18,98,1,1,72,48,2
1,0,1,1,19,1,1,3,26,18,98,1,1,72,48,2
1,0,0,1,19,1,1,3,26,18,98,1,1,72,48,2
1,0,0,1,19,1,1,3,26,18,98,0,1,72,48,2
1,0,1,1,19,1,0,3,26,18,98,0,1,72,48,2
1,0,1,1,8,1,2,0,28,5,65,0,0,62,100,0
1,2,1,1,11,1,2,1,19,5,65,0,1,55,83,1
1,3,1,1,19,0,2,3,21,5,65,0,1,90,40,2
1,0,0,1,8,1,2,0,28,5,65,1,0,62,100,0
1,2,0,1,11,1,2,1,19,5,65,1,1,55,83,1
1,3,0,1,19,0,2,3,21,5,65,1,1,90,40,2
1,2,0,1,3,0,2,3,26,34,98,1,1,64,44,2
1,1,0,1,2,0,2,3,20,34,98,1,1,53,48,1
1,3,0,1,0,0,2,3,25,34,98,1,1,82,50,1
1,3,1,1,20,1,1,3,23,12,89,1,0,65,42,2
1,0,1,1,3,1,1,0,29,12,89,1,1,93,92,1
1,2,1,1,11,0,1,0,19,12,89,1,1,88,96,1
1,1,1,1,6,1,1,3,29,12,89,1,0,58,41,2
1,2,1,1,10,1,1,1,27,12,89,1,1,55,83,2
1,3,1,1,20,1,0,3,23,12,89,0,0,65,42,2
1,0,1,1,3,1,0,0,29,12,89,0,1,93,92,1
1,2,1,1,11,0,0,0,19,12,89,0,1,88,96,1
1,1,1,1,6,1,0,3,29,12,89,0,0,58,41,2
1,2,1,1,10,1,0,1,27,12,89,0,1,55,83,2
1,3,1,1,20,1,0,3,23,12,89,1,0,65,42,2
1,0,1,1,3,1,0,0,29,12,89,1,1,93,92,1
1,2,1,1,11,0,0,0,19,12,89,1,1,88,96,1
1,1,1,1,6,1,0,3,29,12,89,1,0,58,41,2
1,2,1,1,10,1,0,1,27,12,89,1,1,55,83,2
1,3,0,0,20,1,2,3,23,12,89,1,0,65,42,2
1,0,0,0,3,1,2,0,29,12,89,1,1,93,92,1
1,2,0,0,11,0,2,0,19,12,89,1,1,88,96,1
1,1,0,0,6,1,2,3,29,12,89,1,0,58,41,2
1,2,0,0,10,1,2,1,27,12,89,1,1,55,83,2
1,1,1,1,12,0,1,2,25,10,85,0,1,59,68,2
1,1,1,1,12,0,0,2,25,10,85,2,1,59,68,2
0,1,1,1,20,1,2,0,19,26,86,1,1,91,91,0
0,1,0,1,20,1,0,0,19,26,86,0,1,91,91,0
0,1,0,1,20,1,0,0,19,26,86,1,1,91,91,0
0,3,1,1,8,1,1,1,26,35,93,1,0,88,84,2
0,3,1,1,16,1,1,0,23,35,93,1,1,62,96,2
1,3,1,1,11,1,2,1,23,28,64,0,1,80,79,1
1,0,1,1,12,1,2,2,20,28,64,0,1,100,64,1
1,0,1,1,2,0,2,2,24,28,64,0,0,63,60,1
1,3,1,1,11,1,1,1,23,28,64,1,1,80,79,1
1,0,1,1,12,1,1,2,20,28,64,1,1,100,64,1
1,0,1,1,2,0,1,2,24,28,64,1,0,63,60,1
1,3,1,1,11,1,0,1,23,28,64,1,1,80,79,1
1,0,1,1,12,1,0,2,20,28,64,1,1,100,64,1
1,0,1,1,2,0,0,2,24,28,64,1,0,63,60,1
1,3,0,1,11,1,1,1,23,28,64,0,1,80,79,1
1,0,0,1,12,1,1,2,20,28,64,0,1,100,64,1
1,0,0,1,2,0,1,2,24,28,64,0,0,63,60,1
0,0,0,1,3,0,1,2,25,24,88,0,1,96,61,1
0,1,0,1,16,0,1,0,23,24,88,0,0,66,99,2
0,3,0,1,17,1,1,3,20,24,88,0,1,62,45,2
0,0,0,1,17,1,1,2,24,24,88,0,1,61,65,2
0,0,1,1,3,0,1,2,25,24,88,1,1,96,61,1
0,1,1,1,16,0,1,0,23,24,88,1,0,66,99,2
0,3,1,1,17,1,1,3,20,24,88,1,1,62,45,2
0,0,1,1,17,1,1,2,24,24,88,1,1,61,65,2
0,0,0,1,3,0,2,2,25,24,88,1,1,96,61,1
0,1,0,1,16,0,2,0,23,24,88,1,0,66,99,2
0,3,0,1,17,1,2,3,20,24,88,1,1,62,45,2
0,0,0,1,17,1,2,2,24,24,88,1,1,61,65,2
0,0,1,1,10,0,2,0,23,15,75,2,0,56,87,0
0,0,0,0,10,0,1,0,23,15,75,0,0,56,87,0
0,0,1,1,10,0,1,0,23,15,75,1,0,56,87,0
0,0,0,1,10,0,2,0,23,15,75,0,0,56,87,0
0,3,0,1,5,1,1,2,22,18,74,2,1,84,60,0
0,1,0,1,8,1,1,2,28,18,74,2,1,77,55,2
0,1,0,1,10,0,1,1,27,18,74,2,0,53,82,2
0,3,0,1,4,1,1,3,20,18,74,2,0,85,53,2
0,1,0,1,19,1,1,3,21,18,74,2,0,52,48,1
0,3,0,1,5,1,0,2,22,18,74,2,1,84,60,0
0,1,0,1,8,1,0,2,28,18,74,2,1,77,55,2
0,1,0,1,10,0,0,1,27,18,74,2,0,53,82,2
0,3,0,1,4,1,0,3,20,18,74,2,0,85,53,2
0,1,0,1,19,1,0,3,21,18,74,2,0,52,48,1
0,3,1,1,5,1,2,2,22,18,74,1,1,84,60,0
0,1,1,1,8,1,2,2,28,18,74,1,1,77,55,2
0,1,1,1,10,0,2,1,27,18,74,1,0,53,82,2
0,3,1,1,4,1,2,3,20,18,74,1,0,85,53,2
0,1,1,1,19,1,2,3,21,18,74,1,0,52,48,1
0,3,0,1,5,1,1,2,22,18,74,1,1,84,60,0
0,1,0,1,8,1,1,2,28,18,74,1,1,77,55,2
0,1,0,1,10,0,1,1,27,18,74,1,0,53,82,2
0,3,0,1,4,1,1,3,20,18,74,1,0,85,53,2
0,1,0,1,19,1,1,3,21,18,74,1,0,52,48,1
0,3,1,1,6,1,1,0,27,10,85,0,1,55,85,1
0,3,1,1,6,1,1,0,27,10,85,1,1,55,85,1
0,3,1,1,6,1,2,0,27,10,85,1,1,55,85,1
1,2,0,1,17,1,2,3,28,26,62,1,1,70,53,0
1,2,0,1,6,0,2,0,27,26,62,1,1,82,97,0
1,2,1,1,17,1,1,3,28,26,62,1,1,70,53,0
1,2,1,1,6,0,1,0,27,26,62,1,1,82,97,0
1,2,0,1,17,1,1,3,28,26,62,1,1,70,53,0
1,2,0,1,6,0,1,0,27,26,62,1,1,82,97,0
0,3,1,0,14,0,2,1,20,11,62,2,1,58,73,2
0,3,1,0,7,1,2,3,19,11,62,2,0,80,53,1
0,2,1,0,8,0,2,3,26,11,62,2,0,50,46,0
0,0,1,0,0,1,2,3,28,11,62,2,0,86,45,1
0,1,1,1,5,1,0,2,20,14,75,0,1,88,68,1
0,1,0,1,5,1,0,2,20,14,75,1,1,88,68,1
1,3,1,1,20,1,1,3,29,26,73,2,1,92,41,1
1,1,1,1,9,1,1,0,23,26,73,2,0,89,86,2
1,3,0,1,20,1,2,3,29,26,73,0,1,92,41,1
1,1,0,1,9,1,2,0,23,26,73,0,0,89,86,2
1,3,0,1,20,1,1,3,29,26,73,1,1,92,41,1
1,1,0,1,9,1,1,0,23,26,73,1,0,89,86,2
1,3,1,1,20,1,2,3,29,26,73,0,1,92,41,1
1,1,1,1,9,1,2,0,23,26,73,0,0,89,86,2
1,3,0,1,20,1,2,3,29,26,73,1,1,92,41,1
1,1,0,1,9,1,2,0,23,26,73,1,0,89,86,2
1,1,0,1,8,0,1,1,26,19,90,0,1,64,74,2
1,1,1,1,8,0,1,1,26,19,90,1,1,64,74,2
1,1,0,1,8,0,1,1,26,19,90,1,1,64,74,2
1,1,0,1,8,0,2,1,26,19,90,1,1,64,74,2
1,1,1,1,8,0,0,1,26,19,90,2,1,64,74,2
1,1,0,1,8,0,2,1,26,19,90,0,1,64,74,2
0,1,0,1,3,0,2,1,27,23,62,2,1,84,83,0
0,3,0,1,13,0,2,3,26,23,62,2,1,72,45,2
0,1,1,1,3,0,0,1,27,23,62,2,1,84,83,0
0,3,1,1,13,0,0,3,26,23,62,2,1,72,45,2
0,1,0,1,3,0,0,1,27,23,62,1,1,84,83,0
0,3,0,1,13,0,0,3,26,23,62,1,1,72,45,2
0,1,1,1,3,0,0,1,27,23,62,1,1,84,83,0
0,3,1,1,13,0,0,3,26,23,62,1,1,72,45,2
0,1,1,1,3,0,2,1,27,23,62,0,1,84,83,0
0,3,1,1,13,0,2,3,26,23,62,0,1,72,45,2
1,3,0,1,16,1,2,2,20,14,69,2,1,97,63,0
1,2,0,1,13,1,2,3,18,14,69,2,0,61,49,1
1,3,1,0,16,1,2,2,20,14,69,0,1,97,63,0
1,2,1,0,13,1,2,3,18,14,69,0,0,61,49,1
1,3,0,1,16,1,1,2,20,14,69,1,1,97,63,0
1,2,0,1,13,1,1,3,18,14,69,1,0,61,49,1
1,1,1,1,14,1,1,2,27,22,65,2,1,66,69,2
1,0,1,1,7,1,1,3,28,22,65,2,1,86,48,1
1,1,1,1,14,1,0,2,27,22,65,1,1,66,69,2
1,0,1,1,7,1,0,3,28,22,65,1,1,86,48,1
1,1,1,0,14,1,0,2,27,22,65,0,1,66,69,2
1,0,1,0,7,1,0,3,28,22,65,0,1,86,48,1
1,1,0,0,14,1,1,2,27,22,65,1,1,66,69,2
1,0,0,0,7,1,1,3,28,22,65,1,1,86,48,1
1,1,0,1,14,1,1,2,27,22,65,1,1,66,69,2
1,0,0,1,7,1,1,3,28,22,65,1,1,86,48,1
1,0,1,1,1,1,1,0,28,10,98,1,1,83,89,0
1,2,1,1,1,1,1,0,25,10,98,1,0,50,100,2
1,3,1,1,16,1,1,0,27,10,98,1,0,71,87,2
1,0,1,1,19,0,1,3,20,10,98,1,1,81,42,2
1,0,1,1,6,1,1,2,24,10,98,1,0,95,61,0
1,0,0,1,1,1,2,0,28,10,98,0,1,83,89,0
1,2,0,1,1,1,2,0,25,10,98,0,0,50,100,2
1,3,0,1,16,1,2,0,27,10,98,0,0,71,87,2
1,0,0,1,19,0,2,3,20,10,98,0,1,81,42,2
1,0,0,1,6,1,2,2,24,10,98,0,0,95,61,0
0,2,0,1,12,1,2,3,21,20,67,2,1,72,43,0
0,1,0,1,7,1,2,2,23,20,67,2,1,81,63,2
0,2,0,1,18,0,2,2,28,20,67,2,1,91,69,2
0,3,0,1,11,1,2,2,27,20,67,2,0,86,57,2
0,2,0,1,12,1,2,3,21,20,67,0,1,72,43,0
0,1,0,1,7,1,2,2,23,20,67,0,1,81,63,2
0,2,0,1,18,0,2,2,28,20,67,0,1,91,69,2
0,3,0,1,11,1,2,2,27,20,67,0,0,86,57,2
0,2,0,1,12,1,1,3,21,20,67,2,1,72,43,0
0,1,0,1,7,1,1,2,23,20,67,2,1,81,63,2
0,2,0,1,18,0,1,2,28,20,67,2,1,91,69,2
0,3,0,1,11,1,1,2,27,20,67,2,0,86,57,2
0,1,1,1,20,1,1,2,24,23,76,2,1,54,66,1
0,3,1,1,14,1,1,1,21,23,76,2,1,61,71,0
0,1,0,1,20,1,1,2,24,23,76,2,1,54,66,1
0,3,0,1,14,1,1,1,21,23,76,2,1,61,71,0
0,1,1,1,20,1,0,2,24,23,76,1,1,54,66,1
0,3,1,1,14,1,0,1,21,23,76,1,1,61,71,0
0,1,1,1,20,1,1,2,24,23,76,0,1,54,66,1
0,3,1,1,14,1,1,1,21,23,76,0,1,61,71,0
0,1,1,1,20,1,2,2,24,23,76,0,1,54,66,1
0,3,1,1,14,1,2,1,21,23,76,0,1,61,71,0
0,1,1,1,20,1,2,2,24,23,76,1,1,54,66,1
0,3,1,1,14,1,2,1,21,23,76,1,1,61,71,0
0,1,0,1,20,1,1,2,24,23,76,1,1,54,66,1
0,3,0,1,14,1,1,1,21,23,76,1,1,61,71,0
0,2,0,1,3,0,1,2,21,28,92,1,0,66,69,1
0,0,0,1,17,1,1,2,23,28,92,1,0,61,59,0
0,2,1,1,3,0,1,2,21,28,92,0,0,66,69,1
0,0,1,1,17,1,1,2,23,28,92,0,0,61,59,0
0,2,1,1,12,0,1,3,26,21,90,2,1,99,41,1
0,2,1,1,12,0,0,3,26,21,90,0,1,99,41,1
0,2,0,1,12,0,1,3,26,21,90,1,1,99,41,1
0,2,0,1,12,0,0,3,26,21,90,1,1,99,41,1
0,2,1,1,12,0,2,3,26,21,90,2,1,99,41,1
1,2,1,1,5,0,0,2,22,20,75,1,0,72,55,2
1,0,1,1,13,1,0,0,26,20,75,1,0,90,96,1
1,2,0,1,5,0,1,2,22,20,75,2,0,72,55,2
1,0,0,1,13,1,1,0,26,20,75,2,0,90,96,1
1,2,1,1,5,0,2,2,22,20,75,2,0,72,55,2
1,0,1,1,13,1,2,0,26,20,75,2,0,90,96,1
1,2,0,1,5,0,2,2,22,20,75,1,0,72,55,2
1,0,0,1,13,1,2,0,26,20,75,1,0,90,96,1
1,2,0,1,5,0,1,2,22,20,75,1,0,72,55,2
1,0,0,1,13,1,1,0,26,20,75,1,0,90,96,1
0,2,1,1,5,1,2,0,23,16,80,0,1,89,98,2
0,1,1,1,1,1,2,0,19,16,80,0,1,94,89,2
0,0,1,1,7,0,2,3,21,16,80,0,1,59,52,2
0,2,0,1,5,1,0,0,23,16,80,0,1,89,98,2
0,1,0,1,1,1,0,0,19,16,80,0,1,94,89,2
0,0,0,1,7,0,0,3,21,16,80,0,1,59,52,2
1,2,0,1,0,0,2,3,19,12,70,1,1,95,40,2
1,2,0,1,18,1,2,3,22,12,70,1,1,56,47,2
1,2,1,1,0,0,2,3,19,12,70,1,1,95,40,2
1,2,1,1,18,1,2,3,22,12,70,1,1,56,47,2
1,2,1,1,0,0,1,3,19,12,70,0,1,95,40,2
1,2,1,1,18,1,1,3,22,12,70,0,1,56,47,2
1,2,0,1,0,0,2,3,19,12,70,2,1,95,40,2
1,2,0,1,18,1,2,3,22,12,70,2,1,56,47,2
0,1,1,1,3,1,1,0,28,30,76,0,0,50,94,2
0,2,1,1,16,1,1,0,20,30,76,0,0,68,95,2
0,1,1,1,19,1,1,3,22,30,76,0,1,61,40,1
0,1,1,1,16,0,1,0,24,30,76,0,1,51,90,2
0,1,1,1,14,1,1,2,25,30,76,0,0,51,59,2
0,2,1,1,6,0,1,0,25,30,76,0,1,91,98,0
1,3,0,0,13,1,0,1,21,13,61,0,1,99,72,2
1,2,0,0,11,0,0,2,21,13,61,0,0,55,69,2
1,3,1,0,13,1,1,1,21,13,61,2,1,99,72,2
1,2,1,0,11,0,1,2,21,13,61,2,0,55,69,2
1,3,1,1,13,1,0,1,21,13,61,1,1,99,72,2
1,2,1,1,11,0,0,2,21,13,61,1,0,55,69,2
0,0,0,1,11,0,1,1,21,25,62,0,1,79,77,2
0,2,0,1,12,1,1,1,19,25,62,0,0,56,74,1
0,3,0,1,15,1,1,1,21,25,62,0,1,69,78,2
0,0,1,1,11,0,0,1,21,25,62,1,1,79,77,2
0,2,1,1,12,1,0,1,19,25,62,1,0,56,74,1
0,3,1,1,15,1,0,1,21,25,62,1,1,69,78,2
0,0,0,1,11,0,0,1,21,25,62,2,1,79,77,2
0,2,0,1,12,1,0,1,19,25,62,2,0,56,74,1
0,3,0,1,15,1,0,1,21,25,62,2,1,69,78,2
1,0,1,1,14,1,0,2,21,18,86,0,0,59,64,1
1,2,1,1,20,1,0,1,21,18,86,0,0,62,84,2
1,0,0,1,14,1,1,2,21,18,86,1,0,59,64,1
1,2,0,1,20,1,1,1,21,18,86,1,0,62,84,2
1,0,1,1,14,1,1,2,21,18,86,1,0,59,64,1
1,2,1,1,20,1,1,1,21,18,86,1,0,62,84,2
1,0,0,1,14,1,1,2,21,18,86,2,0,59,64,1
1,2,0,1,20,1,1,1,21,18,86,2,0,62,84,2
1,0,0,1,14,1,1,2,21,18,86,0,0,59,64,1
1,2,0,1,20,1,1,1,21,18,86,0,0,62,84,2
1,2,1,1,4,1,2,2,18,27,91,1,0,63,62,2
1,3,1,1,3,1,2,0,22,27,91,1,0,98,97,0
1,2,1,1,4,1,2,2,18,27,91,0,0,63,62,2
1,3,1,1,3,1,2,0,22,27,91,0,0,98,97,0
1,2,0,1,4,1,0,2,18,27,91,1,0,63,62,2
1,3,0,1,3,1,0,0,22,27,91,1,0,98,97,0
1,2,1,1,4,1,1,2,18,27,91,0,0,63,62,2
1,3,1,1,3,1,1,0,22,27,91,0,0,98,97,0
1,2,0,1,4,1,1,2,18,27,91,0,0,63,62,2
1,3,0,1,3,1,1,0,22,27,91,0,0,98,97,0
1,1,0,1,0,1,1,0,26,22,80,0,0,100,92,0
1,3,0,1,0,0,1,1,22,22,80,0,1,86,74,2
1,1,1,1,0,1,2,0,26,22,80,1,0,100,92,0
1,3,1,1,0,0,2,1,22,22,80,1,1,86,74,2
1,1,0,1,0,1,2,0,26,22,80,1,0,100,92,0
1,3,0,1,0,0,2,1,22,22,80,1,1,86,74,2
1,1,0,1,0,1,0,0,26,22,80,0,0,100,92,0
1,3,0,1,0,0,0,1,22,22,80,0,1,86,74,2
1,1,1,1,0,1,1,0,26,22,80,2,0,100,92,0
1,3,1,1,0,0,1,1,22,22,80,2,1,86,74,2
0,2,1,1,1,0,1,2,25,15,68,0,1,69,66,1
0,2,1,1,1,1,1,1,25,15,68,0,0,72,84,1
0,1,1,1,15,0,1,0,21,15,68,0,1,97,89,2
0,1,1,1,13,1,1,0,23,15,68,0,1,98,92,2
0,2,1,1,13,1,1,0,24,15,68,0,1,71,89,2
0,2,1,1,1,0,1,2,25,15,68,1,1,69,66,1
0,2,1,1,1,1,1,1,25,15,68,1,0,72,84,1
0,1,1,1,15,0,1,0,21,15,68,1,1,97,89,2
0,1,1,1,13,1,1,0,23,15,68,1,1,98,92,2
0,2,1,1,13,1,1,0,24,15,68,1,1,71,89,2
0,2,0,1,1,0,1,2,25,15,68,0,1,69,66,1
0,2,0,1,1,1,1,1,25,15,68,0,0,72,84,1
0,1,0,1,15,0,1,0,21,15,68,0,1,97,89,2
0,1,0,1,13,1,1,0,23,15,68,0,1,98,92,2
0,2,0,1,13,1,1,0,24,15,68,0,1,71,89,2
0,2,0,1,1,0,2,2,25,15,68,2,1,69,66,1
0,2,0,1,1,1,2,1,25,15,68,2,0,72,84,1
0,1,0,1,15,0,2,0,21,15,68,2,1,97,89,2
0,1,0,1,13,1,2,0,23,15,68,2,1,98,92,2
0,2,0,1,13,1,2,0,24,15,68,2,1,71,89,2
0,2,0,0,1,0,2,2,25,15,68,1,1,69,66,1
0,2,0,0,1,1,2,1,25,15,68,1,0,72,84,1
0,1,0,0,15,0,2,0,21,15,68,1,1,97,89,2
0,1,0,0,13,1,2,0,23,15,68,1,1,98,92,2
0,2,0,0,13,1,2,0,24,15,68,1,1,71,89,2
0,2,0,1,1,0,1,2,25,15,68,1,1,69,66,1
0,2,0,1,1,1,1,1,25,15,68,1,0,72,84,1
0,1,0,1,15,0,1,0,21,15,68,1,1,97,89,2
0,1,0,1,13,1,1,0,23,15,68,1,1,98,92,2
0,2,0,1,13,1,1,0,24,15,68,1,1,71,89,2
1,0,0,1,3,1,1,2,20,33,89,1,1,65,57,1
1,0,0,1,19,1,0,2,19,20,88,0,1,98,65,0
1,2,0,1,16,0,0,1,26,20,88,0,1,97,78,2
1,0,0,1,18,1,0,2,29,20,88,0,1,73,62,1
1,0,1,1,19,1,1,2,19,20,88,1,1,98,65,0
1,2,1,1,16,0,1,1,26,20,88,1,1,97,78,2
1,0,1,1,18,1,1,2,29,20,88,1,1,73,62,1
1,0,0,1,19,1,1,2,19,20,88,0,1,98,65,0
1,2,0,1,16,0,1,1,26,20,88,0,1,97,78,2
1,0,0,1,18,1,1,2,29,20,88,0,1,73,62,1
1,0,1,0,19,1,2,2,19,20,88,1,1,98,65,0
1,2,1,0,16,0,2,1,26,20,88,1,1,97,78,2
1,0,1,0,18,1,2,2,29,20,88,1,1,73,62,1
1,0,1,1,11,1,1,0,22,19,98,1,1,86,100,2
1,0,1,1,14,1,1,3,23,19,98,1,1,89,49,2
1,3,1,1,4,1,1,3,25,19,98,1,0,61,50,1
1,1,1,1,16,0,1,2,19,19,98,1,1,74,65,1
1,0,1,0,11,1,0,0,22,19,98,1,1,86,100,2
1,0,1,0,14,1,0,3,23,19,98,1,1,89,49,2
1,3,1,0,4,1,0,3,25,19,98,1,0,61,50,1
1,1,1,0,16,0,0,2,19,19,98,1,1,74,65,1
1,0,1,1,11,1,0,0,22,19,98,1,1,86,100,2
1,0,1,1,14,1,0,3,23,19,98,1,1,89,49,2
1,3,1,1,4,1,0,3,25,19,98,1,0,61,50,1
1,1,1,1,16,0,0,2,19,19,98,1,1,74,65,1
1,0,1,1,11,1,2,0,22,19,98,1,1,86,100,2
1,0,1,1,14,1,2,3,23,19,98,1,1,89,49,2
1,3,1,1,4,1,2,3,25,19,98,1,0,61,50,1
1,1,1,1,16,0,2,2,19,19,98,1,1,74,65,1
1,0,1,1,11,1,2,0,22,19,98,2,1,86,100,2
1,0,1,1,14,1,2,3,23,19,98,2,1,89,49,2
1,3,1,1,4,1,2,3,25,19,98,2,0,61,50,1
1,1,1,1,16,0,2,2,19,19,98,2,1,74,65,1
1,2,1,1,3,1,0,2,22,33,68,1,1,59,61,2
1,3,1,1,12,1,0,3,23,33,68,1,1,79,41,2
1,2,1,1,7,1,0,1,26,33,68,1,0,51,76,2
1,0,1,1,11,0,0,2,24,33,68,1,1,94,62,0
1,3,0,1,15,1,2,2,18,12,63,0,0,54,68,0
1,2,0,1,18,1,2,1,24,12,63,0,1,75,71,1
1,3,0,1,15,1,1,2,18,12,63,0,0,54,68,0
1,2,0,1,18,1,1,1,24,12,63,0,1,75,71,1
0,1,1,1,6,1,2,1,24,19,76,1,1,63,80,1
0,0,1,1,0,1,2,2,29,19,76,1,1,51,61,0
0,1,1,1,6,1,1,1,24,19,76,1,1,63,80,1
0,0,1,1,0,1,1,2,29,19,76,1,1,51,61,0
0,1,0,1,6,1,2,1,24,19,76,0,1,63,80,1
0,0,0,1,0,1,2,2,29,19,76,0,1,51,61,0
0,1,1,1,6,1,0,1,24,19,76,1,1,63,80,1
0,0,1,1,0,1,0,2,29,19,76,1,1,51,61,0
0,1,1,1,6,1,2,1,24,19,76,0,1,63,80,1
0,0,1,1,0,1,2,2,29,19,76,0,1,51,61,0
0,1,1,1,6,1,0,1,24,19,76,0,1,63,80,1
0,0,1,1,0,1,0,2,29,19,76,0,1,51,61,0
1,1,1,0,0,1,1,0,21,35,90,0,1,55,93,2
1,3,1,0,16,1,1,0,20,35,90,0,1,89,92,1
1,3,1,0,16,1,1,1,28,35,90,0,1,78,72,2
1,3,1,1,8,0,2,3,20,15,75,2,0,87,48,2
1,1,1,1,18,1,2,1,27,15,75,2,1,85,77,1
1,3,1,1,15,0,2,3,29,15,75,2,0,91,41,0
1,3,0,1,8,0,1,3,20,15,75,1,0,87,48,2
1,1,0,1,18,1,1,1,27,15,75,1,1,85,77,1
1,3,0,1,15,0,1,3,29,15,75,1,0,91,41,0
0,0,1,1,2,1,1,0,19,30,73,1,0,65,87,2
0,0,0,1,2,1,0,0,19,30,73,1,0,65,87,2
1,0,0,1,19,1,1,2,19,30,84,0,0,84,61,2
1,1,0,1,5,1,1,2,23,30,84,0,1,55,60,2
1,1,0,1,17,0,1,0,27,30,84,0,1,98,87,2
1,2,0,1,4,1,1,1,25,30,84,0,1,65,84,2
1,2,0,1,9,1,1,0,21,30,84,0,0,82,87,0
1,1,0,1,9,1,1,0,19,30,84,0,0,88,90,2
1,0,0,1,19,1,1,2,19,30,84,1,0,84,61,2
1,1,0,1,5,1,1,2,23,30,84,1,1,55,60,2
1,1,0,1,17,0,1,0,27,30,84,1,1,98,87,2
1,2,0,1,4,1,1,1,25,30,84,1,1,65,84,2
1,2,0,1,9,1,1,0,21,30,84,1,0,82,87,0
1,1,0,1,9,1,1,0,19,30,84,1,0,88,90,2
1,0,1,1,19,1,1,2,19,30,84,1,0,84,61,2
1,1,1,1,5,1,1,2,23,30,84,1,1,55,60,2
1,1,1,1,17,0,1,0,27,30,84,1,1,98,87,2
1,2,1,1,4,1,1,1,25,30,84,1,1,65,84,2
1,2,1,1,9,1,1,0,21,30,84,1,0,82,87,0
1,1,1,1,9,1,1,0,19,30,84,1,0,88,90,2
0,1,0,1,1,0,2,0,29,17,95,1,1,66,94,2
0,0,0,1,2,0,2,1,25,17,95,1,0,74,81,2
0,3,0,1,10,1,2,0,22,17,95,1,0,71,88,2
0,1,1,0,1,0,0,0,29,17,95,0,1,66,94,2
0,0,1,0,2,0,0,1,25,17,95,0,0,74,81,2
0,3,1,0,10,1,0,0,22,17,95,0,0,71,88,2
0,1,0,1,1,0,1,0,29,17,95,0,1,66,94,2
0,0,0,1,2,0,1,1,25,17,95,0,0,74,81,2
0,3,0,1,10,1,1,0,22,17,95,0,0,71,88,2
1,1,1,1,7,0,2,0,24,23,62,1,0,58,98,2
1,0,1,1,0,1,2,0,26,23,62,1,1,93,91,0
1,1,0,1,7,0,0,0,24,23,62,1,0,58,98,2
1,0,0,1,0,1,0,0,26,23,62,1,1,93,91,0
1,1,0,1,7,0,1,0,24,23,62,1,0,58,98,2
1,0,0,1,0,1,1,0,26,23,62,1,1,93,91,0
1,1,1,1,7,0,2,0,24,23,62,0,0,58,98,2
1,0,1,1,0,1,2,0,26,23,62,0,1,93,91,0
1,1,1,1,7,0,1,0,24,23,62,0,0,58,98,2
1,0,1,1,0,1,1,0,26,23,62,0,1,93,91,0
1,1,0,0,7,0,1,0,24,23,62,2,0,58,98,2
1,0,0,0,0,1,1,0,26,23,62,2,1,93,91,0
0,2,0,1,11,0,1,1,19,18,66,1,1,58,83,1
0,0,0,1,15,1,1,3,27,18,66,1,0,83,42,0
0,2,0,1,7,1,1,3,28,18,66,1,0,66,49,2
0,1,0,1,6,1,1,1,22,18,66,1,0,82,83,1
0,2,1,1,11,0,2,1,19,18,66,1,1,58,83,1
0,0,1,1,15,1,2,3,27,18,66,1,0,83,42,0
0,2,1,1,7,1,2,3,28,18,66,1,0,66,49,2
0,1,1,1,6,1,2,1,22,18,66,1,0,82,83,1
0,2,1,1,11,0,1,1,19,18,66,1,1,58,83,1
0,0,1,1,15,1,1,3,27,18,66,1,0,83,42,0
0,2,1,1,7,1,1,3,28,18,66,1,0,66,49,2
0,1,1,1,6,1,1,1,22,18,66,1,0,82,83,1
0,2,0,1,11,0,2,1,19,18,66,1,1,58,83,1
0,0,0,1,15,1,2,3,27,18,66,1,0,83,42,0
0,2,0,1,7,1,2,3,28,18,66,1,0,66,49,2
0,1,0,1,6,1,2,1,22,18,66,1,0,82,83,1
0,1,0,1,3,1,1,0,25,17,64,1,1,66,86,1
0,1,0,1,17,1,1,3,20,17,64,1,1,84,54,0
0,1,0,1,3,1,2,0,25,17,64,1,1,66,86,1
0,1,0,1,17,1,2,3,20,17,64,1,1,84,54,0
0,1,1,1,3,1,0,0,25,17,64,0,1,66,86,1
0,1,1,1,17,1,0,3,20,17,64,0,1,84,54,0
0,1,1,1,3,1,0,0,25,17,64,1,1,66,86,1
0,1,1,1,17,1,0,3,20,17,64,1,1,84,54,0
1,1,1,1,18,1,2,0,26,15,61,1,0,100,85,2
1,1,0,1,18,1,1,0,26,15,61,1,0,100,85,2
1,1,1,1,18,1,0,0,26,15,61,1,0,100,85,2
1,1,0,1,18,1,1,0,26,15,61,2,0,100,85,2
0,3,0,1,3,1,1,0,22,22,79,0,0,67,99,2
0,2,0,1,16,1,1,3,21,22,79,0,1,73,47,1
0,2,0,1,12,1,1,3,29,22,79,0,1,86,47,2
0,1,0,1,16,0,1,1,25,22,79,0,0,94,78,2
0,1,0,1,11,1,1,1,27,22,79,0,1,62,73,1
0,1,0,1,8,1,1,1,29,22,79,0,0,99,72,2
0,3,0,1,16,1,1,1,21,22,79,0,1,52,80,0
0,1,0,1,4,0,1,0,26,22,79,0,1,88,94,0
0,2,0,1,4,1,1,1,22,22,79,0,1,65,81,2
0,3,0,0,3,1,1,0,22,22,79,1,0,67,99,2
0,2,0,0,16,1,1,3,21,22,79,1,1,73,47,1
0,2,0,0,12,1,1,3,29,22,79,1,1,86,47,2
0,1,0,0,16,0,1,1,25,22,79,1,0,94,78,2
0,1,0,0,11,1,1,1,27,22,79,1,1,62,73,1
0,1,0,0,8,1,1,1,29,22,79,1,0,99,72,2
0,3,0,0,16,1,1,1,21,22,79,1,1,52,80,0
0,1,0,0,4,0,1,0,26,22,79,1,1,88,94,0
0,2,0,0,4,1,1,1,22,22,79,1,1,65,81,2
0,3,1,1,3,1,1,0,22,22,79,1,0,67,99,2
0,2,1,1,16,1,1,3,21,22,79,1,1,73,47,1
0,2,1,1,12,1,1,3,29,22,79,1,1,86,47,2
0,1,1,1,16,0,1,1,25,22,79,1,0,94,78,2
0,1,1,1,11,1,1,1,27,22,79,1,1,62,73,1
0,1,1,1,8,1,1,1,29,22,79,1,0,99,72,2
0,3,1,1,16,1,1,1,21,22,79,1,1,52,80,0
0,1,1,1,4,0,1,0,26,22,79,1,1,88,94,0
0,2,1,1,4,1,1,1,22,22,79,1,1,65,81,2
0,3,1,1,3,1,2,0,22,22,79,1,0,67,99,2
0,2,1,1,16,1,2,3,21,22,79,1,1,73,47,1
0,2,1,1,12,1,2,3,29,22,79,1,1,86,47,2
0,1,1,1,16,0,2,1,25,22,79,1,0,94,78,2
0,1,1,1,11,1,2,1,27,22,79,1,1,62,73,1
0,1,1,1,8,1,2,1,29,22,79,1,0,99,72,2
0,3,1,1,16,1,2,1,21,22,79,1,1,52,80,0
0,1,1,1,4,0,2,0,26,22,79,1,1,88,94,0
0,2,1,1,4,1,2,1,22,22,79,1,1,65,81,2
1,1,1,1,4,1,1,0,26,8,73,2,1,75,93,2
1,1,1,1,4,1,2,0,26,8,73,1,1,75,93,2
1,1,0,1,4,1,2,0,26,8,73,2,1,75,93,2
1,1,1,1,4,1,2,0,26,8,73,0,1,75,93,2
1,3,1,1,8,1,1,1,25,27,75,2,0,88,84,2
1,3,1,1,8,1,0,1,25,27,75,1,0,88,84,2
1,1,1,1,2,1,1,0,26,13,87,0,1,83,85,1
1,0,1,1,5,1,1,2,21,13,87,0,1,80,65,2
1,2,1,1,17,1,1,3,28,30,91,2,1,83,43,2
0,1,0,1,5,1,1,3,18,20,68,2,1,61,42,2
0,2,0,1,15,1,1,1,23,20,68,2,1,88,79,1
0,3,0,1,19,1,1,0,27,20,68,2,0,67,95,1
0,2,0,1,8,1,1,3,25,20,68,2,0,93,44,2
0,0,0,1,0,1,1,0,23,20,68,2,1,84,97,2
0,1,1,1,5,1,1,3,18,20,68,0,1,61,42,2
0,2,1,1,15,1,1,1,23,20,68,0,1,88,79,1
0,3,1,1,19,1,1,0,27,20,68,0,0,67,95,1
0,2,1,1,8,1,1,3,25,20,68,0,0,93,44,2
0,0,1,1,0,1,1,0,23,20,68,0,1,84,97,2
0,1,1,1,5,1,0,3,18,20,68,2,1,61,42,2
0,2,1,1,15,1,0,1,23,20,68,2,1,88,79,1
0,3,1,1,19,1,0,0,27,20,68,2,0,67,95,1
0,2,1,1,8,1,0,3,25,20,68,2,0,93,44,2
0,0,1,1,0,1,0,0,23,20,68,2,1,84,97,2
0,1,1,0,5,1,2,3,18,20,68,1,1,61,42,2
0,2,1,0,15,1,2,1,23,20,68,1,1,88,79,1
0,3,1,0,19,1,2,0,27,20,68,1,0,67,95,1
0,2,1,0,8,1,2,3,25,20,68,1,0,93,44,2
0,0,1,0,0,1,2,0,23,20,68,1,1,84,97,2
0,1,1,1,5,1,1,3,18,20,68,2,1,61,42,2
0,2,1,1,15,1,1,1,23,20,68,2,1,88,79,1
0,3,1,1,19,1,1,0,27,20,68,2,0,67,95,1
0,2,1,1,8,1,1,3,25,20,68,2,0,93,44,2
0,0,1,1,0,1,1,0,23,20,68,2,1,84,97,2
0,1,1,1,5,1,1,3,18,20,68,1,1,61,42,2
0,2,1,1,15,1,1,1,23,20,68,1,1,88,79,1
0,3,1,1,19,1,1,0,27,20,68,1,0,67,95,1
0,2,1,1,8,1,1,3,25,20,68,1,0,93,44,2
0,0,1,1,0,1,1,0,23,20,68,1,1,84,97,2
0,1,1,1,5,1,2,3,18,20,68,1,1,61,42,2
0,2,1,1,15,1,2,1,23,20,68,1,1,88,79,1
0,3,1,1,19,1,2,0,27,20,68,1,0,67,95,1
0,2,1,1,8,1,2,3,25,20,68,1,0,93,44,2
0,0,1,1,0,1,2,0,23,20,68,1,1,84,97,2
0,1,0,1,5,1,2,3,18,20,68,0,1,61,42,2
0,2,0,1,15,1,2,1,23,20,68,0,1,88,79,1
0,3,0,1,19,1,2,0,27,20,68,0,0,67,95,1
0,2,0,1,8,1,2,3,25,20,68,0,0,93,44,2
0,0,0,1,0,1,2,0,23,20,68,0,1,84,97,2
0,2,1,1,17,1,1,1,23,21,81,1,1,68,70,2
0,2,1,1,17,1,1,1,23,21,81,2,1,68,70,2
0,1,1,1,12,1,0,2,28,12,83,1,0,71,58,2
0,1,0,1,12,1,1,2,28,12,83,1,0,71,58,2
0,1,1,1,12,1,1,2,28,12,83,0,0,71,58,2
1,3,1,1,15,1,1,3,27,15,68,2,1,73,46,1
1,3,1,0,15,1,0,3,27,15,68,1,1,73,46,1
1,3,1,1,15,1,1,3,27,15,68,1,1,73,46,1
0,2,1,1,9,0,1,0,25,16,86,1,1,60,89,0
0,1,1,1,12,0,1,3,23,16,86,1,0,89,41,2
0,3,1,1,19,1,1,1,23,16,86,1,1,54,84,2
0,2,1,1,9,0,1,0,25,16,86,0,1,60,89,0
0,1,1,1,12,0,1,3,23,16,86,0,0,89,41,2
0,3,1,1,19,1,1,1,23,16,86,0,1,54,84,2
0,2,1,1,9,0,0,0,25,16,86,0,1,60,89,0
0,1,1,1,12,0,0,3,23,16,86,0,0,89,41,2
0,3,1,1,19,1,0,1,23,16,86,0,1,54,84,2
0,2,1,1,9,0,2,0,25,16,86,0,1,60,89,0
0,1,1,1,12,0,2,3,23,16,86,0,0,89,41,2
0,3,1,1,19,1,2,1,23,16,86,0,1,54,84,2
0,3,0,1,12,0,2,1,25,24,70,1,0,73,79,0
0,3,1,1,12,0,0,1,25,24,70,2,0,73,79,0
0,3,0,1,12,0,2,1,25,24,70,0,0,73,79,0
1,1,1,0,14,1,2,1,26,18,62,2,1,67,70,1
1,0,1,0,8,1,2,3,29,18,62,2,0,88,50,1
1,1,1,1,14,1,1,1,26,18,62,1,1,67,70,1
1,0,1,1,8,1,1,3,29,18,62,1,0,88,50,1
1,1,0,1,14,1,2,1,26,18,62,0,1,67,70,1
1,0,0,1,8,1,2,3,29,18,62,0,0,88,50,1
0,3,1,1,8,1,0,0,24,27,72,1,0,71,89,2
0,3,1,1,10,1,0,3,18,27,72,1,1,78,54,2
0,3,1,1,8,1,2,0,24,27,72,1,0,71,89,2
0,3,1,1,10,1,2,3,18,27,72,1,1,78,54,2
0,3,0,1,8,1,1,0,24,27,72,1,0,71,89,2
0,3,0,1,10,1,1,3,18,27,72,1,1,78,54,2
0,2,0,1,4,0,0,0,22,34,62,0,1,81,88,2
0,0,1,1,16,1,2,0,24,22,69,1,0,76,85,1
0,1,1,1,9,1,2,0,25,22,69,1,1,93,98,2
0,2,1,1,0,0,2,2,23,22,69,1,1,65,56,2
0,0,0,1,16,1,2,0,24,22,69,0,0,76,85,1
0,1,0,1,9,1,2,0,25,22,69,0,1,93,98,2
0,2,0,1,0,0,2,2,23,22,69,0,1,65,56,2
0,0,0,1,16,1,1,0,24,22,69,0,0,76,85,1
0,1,0,1,9,1,1,0,25,22,69,0,1,93,98,2
0,2,0,1,0,0,1,2,23,22,69,0,1,65,56,2
0,0,0,1,16,1,1,0,24,22,69,2,0,76,85,1
0,1,0,1,9,1,1,0,25,22,69,2,1,93,98,2
0,2,0,1,0,0,1,2,23,22,69,2,1,65,56,2
0,0,0,0,16,1,1,0,24,22,69,0,0,76,85,1
0,1,0,0,9,1,1,0,25,22,69,0,1,93,98,2
0,2,0,0,0,0,1,2,23,22,69,0,1,65,56,2
1,1,1,1,8,1,1,2,29,26,66,1,1,90,63,1
1,3,1,1,1,1,1,1,22,26,66,1,0,97,84,1
1,0,0,1,12,1,1,2,27,9,98,1,1,89,55,0
1,1,0,1,11,1,1,2,18,9,98,1,1,68,65,0
1,2,0,1,8,0,1,2,21,9,98,1,0,67,65,1
1,0,0,1,12,1,1,2,27,9,98,0,1,89,55,0
1,1,0,1,11,1,1,2,18,9,98,0,1,68,65,0
1,2,0,1,8,0,1,2,21,9,98,0,0,67,65,1
1,0,0,1,12,1,2,2,27,9,98,1,1,89,55,0
1,1,0,1,11,1,2,2,18,9,98,1,1,68,65,0
1,2,0,1,8,0,2,2,21,9,98,1,0,67,65,1
1,0,1,1,12,1,1,2,27,9,98,1,1,89,55,0
1,1,1,1,11,1,1,2,18,9,98,1,1,68,65,0
1,2,1,1,8,0,1,2,21,9,98,1,0,67,65,1
0,0,1,1,5,1,2,1,20,13,80,2,0,82,75,2
0,3,1,1,5,1,2,2,27,13,80,2,0,67,62,1
0,0,1,1,18,1,2,3,24,13,80,2,1,56,52,0
0,2,1,1,1,1,2,3,22,13,80,2,1,84,46,2
0,3,1,1,14,1,2,3,19,13,80,2,0,82,44,0
0,3,1,1,16,1,2,1,29,13,80,2,1,98,79,1
0,0,1,1,5,1,1,1,20,13,80,2,0,82,75,2
0,3,1,1,5,1,1,2,27,13,80,2,0,67,62,1
0,0,1,1,18,1,1,3,24,13,80,2,1,56,52,0
0,2,1,1,1,1,1,3,22,13,80,2,1,84,46,2
0,3,1,1,14,1,1,3,19,13,80,2,0,82,44,0
0,3,1,1,16,1,1,1,29,13,80,2,1,98,79,1
0,0,0,1,5,1,1,1,20,13,80,1,0,82,75,2
0,3,0,1,5,1,1,2,27,13,80,1,0,67,62,1
0,0,0,1,18,1,1,3,24,13,80,1,1,56,52,0
0,2,0,1,1,1,1,3,22,13,80,1,1,84,46,2
0,3,0,1,14,1,1,3,19,13,80,1,0,82,44,0
0,3,0,1,16,1,1,1,29,13,80,1,1,98,79,1
0,2,1,1,0,1,1,2,27,7,73,1,0,69,68,0
0,2,1,1,12,0,1,3,29,7,73,1,1,92,40,2
0,0,1,1,10,1,1,0,29,7,73,1,1,88,99,0
0,1,1,1,7,0,1,2,21,7,73,1,1,65,58,1
0,1,1,1,16,1,1,1,21,7,73,1,1,60,76,0
1,1,1,1,7,0,2,3,25,35,61,0,1,80,47,1
1,1,1,1,10,0,2,2,19,35,61,0,0,61,56,2
1,2,0,1,9,1,2,1,28,25,93,0,1,50,82,1
1,0,0,1,7,0,2,1,22,25,93,0,0,72,71,1
1,2,0,1,9,1,2,1,28,25,93,2,1,50,82,1
1,0,0,1,7,0,2,1,22,25,93,2,0,72,71,1
1,2,1,1,9,1,1,1,28,25,93,0,1,50,82,1
1,0,1,1,7,0,1,1,22,25,93,0,0,72,71,1
1,2,0,1,9,1,1,1,28,25,93,1,1,50,82,1
1,0,0,1,7,0,1,1,22,25,93,1,0,72,71,1
0,3,0,1,14,1,0,2,23,26,71,1,1,62,64,1
0,0,0,1,14,0,0,1,27,26,71,1,0,55,71,0
0,3,0,1,9,1,0,0,19,26,71,1,1,61,89,2
0,1,0,1,5,1,0,1,18,26,71,1,1,50,72,1
0,3,0,1,5,1,0,3,28,26,71,1,0,97,47,0
0,1,0,1,4,1,0,0,18,26,71,1,1,60,90,2
0,3,0,1,4,1,0,0,25,26,71,1,0,57,100,2
0,3,0,1,14,1,2,2,23,26,71,0,1,62,64,1
0,0,0,1,14,0,2,1,27,26,71,0,0,55,71,0
0,3,0,1,9,1,2,0,19,26,71,0,1,61,89,2
0,1,0,1,5,1,2,1,18,26,71,0,1,50,72,1
0,3,0,1,5,1,2,3,28,26,71,0,0,97,47,0
0,1,0,1,4,1,2,0,18,26,71,0,1,60,90,2
0,3,0,1,4,1,2,0,25,26,71,0,0,57,100,2
0,3,1,0,14,1,1,2,23,26,71,1,1,62,64,1
0,0,1,0,14,0,1,1,27,26,71,1,0,55,71,0
0,3,1,0,9,1,1,0,19,26,71,1,1,61,89,2
0,1,1,0,5,1,1,1,18,26,71,1,1,50,72,1
0,3,1,0,5,1,1,3,28,26,71,1,0,97,47,0
0,1,1,0,4,1,1,0,18,26,71,1,1,60,90,2
0,3,1,0,4,1,1,0,25,26,71,1,0,57,100,2
1,0,0,1,18,0,1,3,28,22,93,0,1,92,43,2
1,0,1,1,18,0,2,3,28,22,93,2,1,92,43,2
1,0,1,1,18,0,0,3,28,22,93,1,1,92,43,2
1,0,1,1,18,0,1,3,28,22,93,2,1,92,43,2
0,0,1,1,0,0,1,2,19,16,99,0,1,55,57,2
0,0,1,1,0,0,2,2,19,16,99,2,1,55,57,2
0,0,0,0,0,0,1,2,19,16,99,0,1,55,57,2
0,0,0,0,0,0,1,2,19,16,99,2,1,55,57,2
0,0,0,1,0,0,1,2,19,16,99,0,1,55,57,2
0,0,1,1,0,0,1,2,19,16,99,1,1,55,57,2
1,2,1,1,1,1,2,2,22,15,82,1,1,97,55,2
1,1,1,1,6,1,2,3,26,15,82,1,1,80,51,1
1,1,1,1,7,0,2,0,24,15,82,1,1,67,90,2
1,3,1,1,9,1,2,0,27,15,82,1,0,75,90,1
1,2,1,1,17,0,2,3,25,15,82,1,1,81,49,1
1,2,1,0,1,1,2,2,22,15,82,2,1,97,55,2
1,1,1,0,6,1,2,3,26,15,82,2,1,80,51,1
1,1,1,0,7,0,2,0,24,15,82,2,1,67,90,2
1,3,1,0,9,1,2,0,27,15,82,2,0,75,90,1
1,2,1,0,17,0,2,3,25,15,82,2,1,81,49,1
1,2,1,1,0,1,0,2,24,23,92,2,1,80,55,2
1,2,1,1,0,1,1,2,24,23,92,0,1,80,55,2
1,2,1,1,0,1,1,2,24,23,92,1,1,80,55,2
1,2,0,1,0,1,2,2,24,23,92,1,1,80,55,2
1,2,1,1,0,1,2,2,24,23,92,2,1,80,55,2
1,3,1,1,13,1,1,1,25,20,91,1,1,59,84,0
1,3,1,1,13,1,2,1,25,20,91,0,1,59,84,0
1,3,1,1,13,1,0,1,25,20,91,1,1,59,84,0
1,3,0,1,13,1,1,1,25,20,91,1,1,59,84,0
1,3,1,1,13,1,1,1,25,20,91,2,1,59,84,0
1,3,1,1,1,1,2,2,19,16,74,0,0,61,66,2
1,0,1,1,5,1,2,2,28,16,74,0,1,82,68,0
1,3,0,1,1,1,2,2,19,16,74,0,0,61,66,2
1,0,0,1,5,1,2,2,28,16,74,0,1,82,68,0
1,3,0,1,1,1,2,2,19,16,74,1,0,61,66,2
1,0,0,1,5,1,2,2,28,16,74,1,1,82,68,0
1,0,1,1,4,0,2,2,23,19,82,1,1,64,59,1
1,1,1,1,10,0,2,1,29,19,82,1,1,86,76,2
1,1,1,1,5,1,2,2,29,19,82,1,0,99,62,2
1,0,1,1,16,0,2,0,18,19,82,1,1,68,90,1
1,0,0,1,4,0,0,2,23,19,82,1,1,64,59,1
1,1,0,1,10,0,0,1,29,19,82,1,1,86,76,2
1,1,0,1,5,1,0,2,29,19,82,1,0,99,62,2
1,0,0,1,16,0,0,0,18,19,82,1,1,68,90,1
1,0,0,1,4,0,1,2,23,19,82,0,1,64,59,1
1,1,0,1,10,0,1,1,29,19,82,0,1,86,76,2
1,1,0,1,5,1,1,2,29,19,82,0,0,99,62,2
1,0,0,1,16,0,1,0,18,19,82,0,1,68,90,1
1,0,0,1,4,0,1,2,23,19,82,1,1,64,59,1
1,1,0,1,10,0,1,1,29,19,82,1,1,86,76,2
1,1,0,1,5,1,1,2,29,19,82,1,0,99,62,2
1,0,0,1,16,0,1,0,18,19,82,1,1,68,90,1
0,1,1,1,12,0,1,3,25,23,69,2,0,67,53,2
0,3,1,1,14,1,1,3,22,23,69,2,0,86,40,0
0,1,0,1,15,1,0,3,23,8,80,2,1,67,43,2
0,0,0,1,9,1,2,2,28,19,71,2,0,67,66,2
0,0,0,1,12,1,2,2,22,19,71,2,1,68,57,2
0,1,0,1,14,1,2,1,23,19,71,2,1,73,77,2
0,0,1,1,9,1,1,2,28,19,71,1,0,67,66,2
0,0,1,1,12,1,1,2,22,19,71,1,1,68,57,2
0,1,1,1,14,1,1,1,23,19,71,1,1,73,77,2
0,0,1,1,9,1,1,2,28,19,71,0,0,67,66,2
0,0,1,1,12,1,1,2,22,19,71,0,1,68,57,2
0,1,1,1,14,1,1,1,23,19,71,0,1,73,77,2
0,0,1,1,9,1,2,2,28,19,71,0,0,67,66,2
0,0,1,1,12,1,2,2,22,19,71,0,1,68,57,2
0,1,1,1,14,1,2,1,23,19,71,0,1,73,77,2
1,1,1,1,4,0,1,2,19,13,67,2,0,78,62,2
1,0,1,1,11,1,1,3,26,13,67,2,1,77,52,1
1,0,1,1,12,1,1,3,26,13,67,2,0,50,54,1
1,1,1,1,4,0,1,2,19,13,67,1,0,78,62,2
1,0,1,1,11,1,1,3,26,13,67,1,1,77,52,1
1,0,1,1,12,1,1,3,26,13,67,1,0,50,54,1
1,1,1,1,4,0,0,2,19,13,67,1,0,78,62,2
1,0,1,1,11,1,0,3,26,13,67,1,1,77,52,1
1,0,1,1,12,1,0,3,26,13,67,1,0,50,54,1
1,1,1,1,4,0,2,2,19,13,67,1,0,78,62,2
1,0,1,1,11,1,2,3,26,13,67,1,1,77,52,1
1,0,1,1,12,1,2,3,26,13,67,1,0,50,54,1
0,1,1,1,17,1,1,3,27,16,93,1,1,84,46,1
0,1,1,1,17,1,2,3,27,16,93,0,1,84,46,1
0,2,0,1,3,1,1,1,25,18,68,2,1,80,80,2
0,1,0,1,2,0,1,1,20,18,68,2,0,55,79,1
0,2,0,1,3,1,2,1,25,18,68,1,1,80,80,2
0,1,0,1,2,0,2,1,20,18,68,1,0,55,79,1
0,3,0,1,0,0,1,1,27,18,67,1,1,57,79,2
0,0,0,1,7,1,1,0,24,18,67,1,1,62,85,2
0,1,0,1,20,0,1,1,27,18,67,1,1,61,76,2
0,3,1,1,0,0,2,1,27,18,67,0,1,57,79,2
0,0,1,1,7,1,2,0,24,18,67,0,1,62,85,2
0,1,1,1,20,0,2,1,27,18,67,0,1,61,76,2
1,2,0,0,8,0,1,1,21,21,66,0,0,68,72,2
1,2,0,1,8,0,1,1,21,21,66,1,0,68,72,2
1,2,1,1,8,0,1,1,21,21,66,1,0,68,72,2
0,0,0,1,14,0,2,1,21,26,90,0,1,62,81,2
0,0,0,1,18,1,2,0,29,26,90,0,0,63,97,2
0,0,0,1,3,1,2,2,28,26,90,0,0,67,55,1
0,3,0,1,19,1,2,0,21,26,90,0,1,88,94,2
0,2,0,1,1,1,2,2,21,26,90,0,1,80,62,2
0,0,1,1,14,0,1,1,21,26,90,1,1,62,81,2
0,0,1,1,18,1,1,0,29,26,90,1,0,63,97,2
0,0,1,1,3,1,1,2,28,26,90,1,0,67,55,1
0,3,1,1,19,1,1,0,21,26,90,1,1,88,94,2
0,2,1,1,1,1,1,2,21,26,90,1,1,80,62,2
0,0,0,1,14,0,1,1,21,26,90,2,1,62,81,2
0,0,0,1,18,1,1,0,29,26,90,2,0,63,97,2
0,0,0,1,3,1,1,2,28,26,90,2,0,67,55,1
0,3,0,1,19,1,1,0,21,26,90,2,1,88,94,2
0,2,0,1,1,1,1,2,21,26,90,2,1,80,62,2
0,1,1,1,17,1,1,3,27,11,84,2,1,75,43,2
0,1,0,1,17,1,1,3,27,11,84,0,1,75,43,2
0,1,1,1,17,1,0,3,27,11,84,0,1,75,43,2
0,0,0,1,11,0,0,2,26,5,87,1,1,77,59,1
1,0,0,1,13,1,0,1,20,19,86,0,1,56,70,2
1,0,1,1,13,1,2,1,20,19,86,2,1,56,70,2
1,0,0,1,13,1,1,1,20,19,86,1,1,56,70,2
1,0,1,1,13,1,1,1,20,19,86,0,1,56,70,2
1,0,1,1,19,0,1,0,28,13,60,1,0,71,92,1
1,0,0,1,19,0,1,0,28,13,60,0,0,71,92,1
1,0,0,1,19,0,0,0,28,13,60,0,0,71,92,1
1,0,0,1,19,0,1,0,28,13,60,2,0,71,92,1
1,1,1,0,14,1,1,1,25,9,61,0,0,70,83,1
1,1,1,1,14,1,2,1,25,9,61,1,0,70,83,1
0,2,1,1,12,1,2,3,19,17,71,0,0,55,46,0
0,0,1,1,6,1,2,3,29,17,71,0,0,72,44,1
0,2,1,1,8,1,2,2,25,17,71,0,1,58,69,2
0,2,0,1,12,1,0,3,19,17,71,1,0,55,46,0
0,0,0,1,6,1,0,3,29,17,71,1,0,72,44,1
0,2,0,1,8,1,0,2,25,17,71,1,1,58,69,2
0,2,0,1,12,1,1,3,19,17,71,0,0,55,46,0
0,0,0,1,6,1,1,3,29,17,71,0,0,72,44,1
0,2,0,1,8,1,1,2,25,17,71,0,1,58,69,2
0,1,1,1,13,1,1,2,27,11,61,2,1,80,55,0
0,0,1,1,2,0,1,3,19,11,61,2,1,53,46,2
0,3,1,1,19,1,1,1,28,11,61,2,0,72,84,2
1,2,0,1,11,1,2,3,21,20,74,0,1,59,53,2
1,2,0,1,17,1,2,0,27,20,74,0,1,96,88,2
1,2,1,1,11,1,1,3,21,20,74,2,1,59,53,2
1,2,1,1,17,1,1,0,27,20,74,2,1,96,88,2
1,2,0,1,11,1,1,3,21,20,74,2,1,59,53,2
1,2,0,1,17,1,1,0,27,20,74,2,1,96,88,2
1,2,1,1,11,1,1,3,21,20,74,1,1,59,53,2
1,2,1,1,17,1,1,0,27,20,74,1,1,96,88,2
1,2,0,1,11,1,1,3,21,20,74,1,1,59,53,2
1,2,0,1,17,1,1,0,27,20,74,1,1,96,88,2
1,2,0,1,14,1,1,0,29,23,64,1,0,86,95,1
1,1,0,1,20,0,1,1,25,23,64,1,0,64,75,2
1,2,1,1,14,1,1,0,29,23,64,2,0,86,95,1
1,1,1,1,20,0,1,1,25,23,64,2,0,64,75,2
1,2,1,1,14,1,2,0,29,23,64,1,0,86,95,1
1,1,1,1,20,0,2,1,25,23,64,1,0,64,75,2
1,2,1,1,14,1,0,0,29,23,64,1,0,86,95,1
1,1,1,1,20,0,0,1,25,23,64,1,0,64,75,2
1,2,0,1,14,1,2,0,29,23,64,0,0,86,95,1
1,1,0,1,20,0,2,1,25,23,64,0,0,64,75,2
1,2,1,1,14,1,1,0,29,23,64,1,0,86,95,1
1,1,1,1,20,0,1,1,25,23,64,1,0,64,75,2
0,2,0,1,0,1,2,1,25,21,80,1,1,50,75,2
0,0,0,1,7,0,2,0,25,21,80,1,1,96,87,1
0,0,0,1,8,1,2,0,22,21,80,1,1,64,88,0
0,2,1,1,0,1,2,1,25,21,80,1,1,50,75,2
0,0,1,1,7,0,2,0,25,21,80,1,1,96,87,1
0,0,1,1,8,1,2,0,22,21,80,1,1,64,88,0
0,2,1,1,0,1,2,1,25,21,80,0,1,50,75,2
0,0,1,1,7,0,2,0,25,21,80,0,1,96,87,1
0,0,1,1,8,1,2,0,22,21,80,0,1,64,88,0
0,2,1,1,0,1,0,1,25,21,80,1,1,50,75,2
0,0,1,1,7,0,0,0,25,21,80,1,1,96,87,1
0,0,1,1,8,1,0,0,22,21,80,1,1,64,88,0
0,2,1,1,0,1,1,1,25,21,80,0,1,50,75,2
0,0,1,1,7,0,1,0,25,21,80,0,1,96,87,1
0,0,1,1,8,1,1,0,22,21,80,0,1,64,88,0
0,2,0,1,0,1,0,1,25,21,80,1,1,50,75,2
0,0,0,1,7,0,0,0,25,21,80,1,1,96,87,1
0,0,0,1,8,1,0,0,22,21,80,1,1,64,88,0
1,0,1,1,8,1,1,1,26,14,91,1,0,86,79,1
1,0,1,1,8,1,2,1,26,14,91,1,0,86,79,1
1,2,0,1,8,0,1,0,23,27,69,1,0,77,87,0
1,2,1,1,8,0,2,0,23,27,69,0,0,77,87,0
1,2,1,1,8,0,0,0,23,27,69,1,0,77,87,0
1,0,0,1,2,1,1,2,22,14,100,0,1,79,56,1
1,1,0,1,16,0,1,1,26,14,100,0,1,73,72,2
1,2,0,1,0,1,2,2,23,30,66,0,1,55,63,2
1,2,0,0,0,1,2,2,23,30,66,0,1,55,63,2
1,0,1,1,10,0,0,3,19,26,90,0,1,73,47,1
1,0,1,1,10,0,2,3,19,26,90,1,1,73,47,1
1,2,0,1,12,0,2,3,26,16,77,0,1,95,51,1
1,2,1,1,12,0,1,3,26,16,77,1,1,95,51,1
1,2,1,0,12,0,0,3,26,16,77,1,1,95,51,1
0,3,1,1,12,0,1,0,29,24,92,2,1,82,87,0
0,0,1,1,8,1,1,0,18,24,92,2,0,70,96,2
0,3,0,1,12,0,2,0,29,24,92,2,1,82,87,0
0,0,0,1,8,1,2,0,18,24,92,2,0,70,96,2
0,3,0,1,12,0,2,0,29,24,92,1,1,82,87,0
0,0,0,1,8,1,2,0,18,24,92,1,0,70,96,2
0,3,0,1,12,0,0,0,29,24,92,1,1,82,87,0
0,0,0,1,8,1,0,0,18,24,92,1,0,70,96,2
0,3,0,1,12,0,1,0,29,24,92,1,1,82,87,0
0,0,0,1,8,1,1,0,18,24,92,1,0,70,96,2
0,3,1,1,12,0,1,0,29,24,92,0,1,82,87,0
0,0,1,1,8,1,1,0,18,24,92,0,0,70,96,2
1,2,1,1,18,1,1,2,25,28,82,1,1,80,67,1
1,0,1,1,6,1,1,1,27,28,82,1,1,93,82,1
1,2,1,1,0,1,1,0,20,28,82,1,1,51,99,2
1,2,0,1,18,1,2,2,25,28,82,0,1,80,67,1
1,0,0,1,6,1,2,1,27,28,82,0,1,93,82,1
1,2,0,1,0,1,2,0,20,28,82,0,1,51,99,2
1,2,1,1,18,1,2,2,25,28,82,0,1,80,67,1
1,0,1,1,6,1,2,1,27,28,82,0,1,93,82,1
1,2,1,1,0,1,2,0,20,28,82,0,1,51,99,2
0,3,1,1,13,1,2,2,24,29,100,1,0,87,56,2
0,1,1,1,13,0,2,2,21,29,100,1,1,90,69,2
0,3,1,0,13,1,1,2,24,29,100,1,0,87,56,2
0,1,1,0,13,0,1,2,21,29,100,1,1,90,69,2
1,0,0,1,6,1,1,2,25,15,85,2,1,76,67,0
1,2,0,1,16,1,1,3,25,15,85,2,1,60,46,2
1,3,0,1,16,0,1,1,23,15,85,2,0,54,82,2
1,0,1,1,6,1,2,2,25,15,85,1,1,76,67,0
1,2,1,1,16,1,2,3,25,15,85,1,1,60,46,2
1,3,1,1,16,0,2,1,23,15,85,1,0,54,82,2
1,0,0,1,6,1,1,2,25,15,85,1,1,76,67,0
1,2,0,1,16,1,1,3,25,15,85,1,1,60,46,2
1,3,0,1,16,0,1,1,23,15,85,1,0,54,82,2
1,0,1,1,6,1,1,2,25,15,85,1,1,76,67,0
1,2,1,1,16,1,1,3,25,15,85,1,1,60,46,2
1,3,1,1,16,0,1,1,23,15,85,1,0,54,82,2
1,1,0,1,3,1,1,2,22,32,88,0,1,70,63,2
1,1,0,1,3,1,1,3,20,32,88,0,1,88,45,2
1,1,1,1,3,1,0,2,22,32,88,0,1,70,63,2
1,1,1,1,3,1,0,3,20,32,88,0,1,88,45,2
1,3,0,1,3,1,2,3,29,27,80,2,0,84,52,2
1,3,1,1,3,1,0,3,29,27,80,1,0,84,52,2
1,3,1,1,3,1,0,3,29,27,80,2,0,84,52,2
1,3,0,1,3,1,0,3,29,27,80,0,0,84,52,2
1,3,0,0,3,1,1,3,29,27,80,2,0,84,52,2
1,3,1,1,3,1,0,3,29,27,80,0,0,84,52,2
0,3,1,1,16,1,1,1,26,14,70,0,1,97,76,0
0,1,1,1,2,0,1,2,25,14,70,0,0,67,66,2
0,3,1,1,11,1,1,0,25,14,70,0,1,81,93,1
0,0,1,1,8,1,1,0,19,14,70,0,1,73,97,0
0,3,1,1,16,1,1,1,26,14,70,2,1,97,76,0
0,1,1,1,2,0,1,2,25,14,70,2,0,67,66,2
0,3,1,1,11,1,1,0,25,14,70,2,1,81,93,1
0,0,1,1,8,1,1,0,19,14,70,2,1,73,97,0
0,0,1,1,15,1,2,0,25,27,61,1,1,100,86,2
0,2,0,1,1,1,1,2,20,26,81,0,0,56,58,2
0,3,0,1,16,1,1,3,24,26,81,0,1,77,50,2
0,2,0,1,1,0,1,0,26,26,81,0,0,50,86,0
0,1,0,1,20,0,1,1,25,26,81,0,1,100,72,2
0,2,1,1,1,1,1,2,20,26,81,1,0,56,58,2
0,3,1,1,16,1,1,3,24,26,81,1,1,77,50,2
0,2,1,1,1,0,1,0,26,26,81,1,0,50,86,0
0,1,1,1,20,0,1,1,25,26,81,1,1,100,72,2
0,2,0,1,1,1,0,2,20,26,81,2,0,56,58,2
0,3,0,1,16,1,0,3,24,26,81,2,1,77,50,2
0,2,0,1,1,0,0,0,26,26,81,2,0,50,86,0
0,1,0,1,20,0,0,1,25,26,81,2,1,100,72,2
0,2,1,1,1,1,1,2,20,26,81,0,0,56,58,2
0,3,1,1,16,1,1,3,24,26,81,0,1,77,50,2
0,2,1,1,1,0,1,0,26,26,81,0,0,50,86,0
0,1,1,1,20,0,1,1,25,26,81,0,1,100,72,2
1,2,1,1,16,1,1,3,28,11,97,0,0,51,46,2
1,2,1,1,16,1,2,3,28,11,97,1,0,51,46,2
1,2,0,1,16,1,1,3,28,11,97,1,0,51,46,2
0,2,1,1,11,1,2,2,18,18,77,1,0,80,56,1
0,1,1,1,17,0,2,3,20,18,77,1,0,73,41,2
0,2,1,1,19,0,2,0,27,18,77,1,0,70,95,2
0,2,1,1,11,1,1,2,18,18,77,2,0,80,56,1
0,1,1,1,17,0,1,3,20,18,77,2,0,73,41,2
0,2,1,1,19,0,1,0,27,18,77,2,0,70,95,2
0,2,1,0,11,1,2,2,18,18,77,2,0,80,56,1
0,1,1,0,17,0,2,3,20,18,77,2,0,73,41,2
0,2,1,0,19,0,2,0,27,18,77,2,0,70,95,2
0,2,0,1,11,1,1,2,18,18,77,0,0,80,56,1
0,1,0,1,17,0,1,3,20,18,77,0,0,73,41,2
0,2,0,1,19,0,1,0,27,18,77,0,0,70,95,2
1,2,0,1,1,1,1,1,23,28,91,0,0,61,71,1
1,3,0,1,16,1,1,2,19,28,91,0,1,86,55,1
1,2,1,1,1,1,2,1,23,28,91,2,0,61,71,1
1,3,1,1,16,1,2,2,19,28,91,2,1,86,55,1
1,2,1,1,1,1,1,1,23,28,91,0,0,61,71,1
1,3,1,1,16,1,1,2,19,28,91,0,1,86,55,1
1,2,0,1,1,1,1,1,23,28,91,1,0,61,71,1
1,3,0,1,16,1,1,2,19,28,91,1,1,86,55,1
0,3,1,1,2,1,2,3,26,23,65,0,0,94,42,2
0,1,1,1,4,1,2,1,19,23,65,0,1,90,82,0
0,3,0,1,2,1,1,3,26,23,65,1,0,94,42,2
0,1,0,1,4,1,1,1,19,23,65,1,1,90,82,0
0,3,1,1,2,1,1,3,26,23,65,0,0,94,42,2
0,1,1,1,4,1,1,1,19,23,65,0,1,90,82,0
1,1,0,1,11,0,2,2,21,33,87,0,1,81,64,0
1,2,0,1,20,1,2,1,18,33,87,0,1,52,76,2
1,2,0,1,11,0,2,1,24,33,87,0,0,74,82,2
1,1,0,1,11,1,2,0,21,33,87,0,0,82,100,2
0,1,1,1,17,1,0,2,18,26,92,1,0,56,62,2
0,2,1,1,17,1,0,0,22,26,92,1,0,60,90,1
0,0,1,1,10,0,0,1,19,26,92,1,0,58,76,0
0,3,1,1,13,1,0,3,25,26,92,1,0,76,41,1
1,2,1,0,4,1,1,1,22,29,99,2,0,90,78,1
1,2,1,0,9,0,1,0,22,29,99,2,1,96,85,1
1,2,1,1,4,1,1,1,22,29,99,0,0,90,78,1
1,2,1,1,9,0,1,0,22,29,99,0,1,96,85,1
0,1,0,1,1,0,1,0,26,26,93,0,1,76,90,0
0,1,0,1,19,1,1,0,24,26,93,0,1,97,89,0
0,1,0,1,18,1,1,1,23,26,93,0,0,78,78,0
0,1,0,1,1,0,0,0,26,26,93,1,1,76,90,0
0,1,0,1,19,1,0,0,24,26,93,1,1,97,89,0
0,1,0,1,18,1,0,1,23,26,93,1,0,78,78,0
0,1,0,1,1,0,2,0,26,26,93,1,1,76,90,0
0,1,0,1,19,1,2,0,24,26,93,1,1,97,89,0
0,1,0,1,18,1,2,1,23,26,93,1,0,78,78,0
0,1,1,1,1,0,1,0,26,26,93,1,1,76,90,0
0,1,1,1,19,1,1,0,24,26,93,1,1,97,89,0
0,1,1,1,18,1,1,1,23,26,93,1,0,78,78,0
0,1,1,1,1,0,2,0,26,26,93,0,1,76,90,0
0,1,1,1,19,1,2,0,24,26,93,0,1,97,89,0
0,1,1,1,18,1,2,1,23,26,93,0,0,78,78,0
1,1,1,1,14,1,1,3,23,18,70,1,1,96,40,0
1,3,1,1,19,0,1,2,24,18,70,1,1,90,69,2
1,1,1,1,4,1,1,3,29,18,70,1,0,63,50,1
1,1,1,1,14,1,0,3,23,18,70,1,1,96,40,0
1,3,1,1,19,0,0,2,24,18,70,1,1,90,69,2
1,1,1,1,4,1,0,3,29,18,70,1,0,63,50,1
1,1,0,1,14,1,2,3,23,18,70,1,1,96,40,0
1,3,0,1,19,0,2,2,24,18,70,1,1,90,69,2
1,1,0,1,4,1,2,3,29,18,70,1,0,63,50,1
0,3,0,1,17,0,1,1,18,15,91,0,1,90,81,0
0,2,0,1,10,0,1,0,26,15,91,0,0,91,88,1
0,3,0,1,17,0,2,1,18,15,91,1,1,90,81,0
0,2,0,1,10,0,2,0,26,15,91,1,0,91,88,1
0,3,1,1,17,0,0,1,18,15,91,0,1,90,81,0
0,2,1,1,10,0,0,0,26,15,91,0,0,91,88,1
0,3,1,1,17,0,2,1,18,15,91,2,1,90,81,0
0,2,1,1,10,0,2,0,26,15,91,2,0,91,88,1
1,2,1,1,7,0,1,2,23,8,88,2,1,64,64,2
0,2,1,1,8,1,1,2,21,32,84,1,0,88,59,2
0,2,0,1,5,1,1,2,25,19,75,0,0,54,60,2
0,1,0,1,7,0,1,3,29,19,75,0,0,87,51,1
0,2,0,1,13,0,1,0,20,19,75,0,1,86,90,0
0,2,0,1,5,1,0,2,25,19,75,2,0,54,60,2
0,1,0,1,7,0,0,3,29,19,75,2,0,87,51,1
0,2,0,1,13,0,0,0,20,19,75,2,1,86,90,0
0,2,0,1,5,1,2,2,25,19,75,1,0,54,60,2
0,1,0,1,7,0,2,3,29,19,75,1,0,87,51,1
0,2,0,1,13,0,2,0,20,19,75,1,1,86,90,0
0,2,0,1,5,1,2,2,25,19,75,0,0,54,60,2
0,1,0,1,7,0,2,3,29,19,75,0,0,87,51,1
0,2,0,1,13,0,2,0,20,19,75,0,1,86,90,0
0,2,1,1,5,1,2,2,25,19,75,1,0,54,60,2
0,1,1,1,7,0,2,3,29,19,75,1,0,87,51,1
0,2,1,1,13,0,2,0,20,19,75,1,1,86,90,0
0,2,1,1,5,1,2,2,25,19,75,2,0,54,60,2
0,1,1,1,7,0,2,3,29,19,75,2,0,87,51,1
0,2,1,1,13,0,2,0,20,19,75,2,1,86,90,0
0,2,1,1,5,1,1,2,25,19,75,2,0,54,60,2
0,1,1,1,7,0,1,3,29,19,75,2,0,87,51,1
0,2,1,1,13,0,1,0,20,19,75,2,1,86,90,0
0,3,0,1,6,0,1,0,29,22,85,2,1,63,86,2
0,3,0,1,17,1,1,2,21,22,85,2,0,52,69,0
0,3,1,1,6,0,1,0,29,22,85,0,1,63,86,2
0,3,1,1,17,1,1,2,21,22,85,0,0,52,69,0
0,3,1,1,6,0,1,0,29,22,85,1,1,63,86,2
0,3,1,1,17,1,1,2,21,22,85,1,0,52,69,0
0,2,1,0,0,1,2,0,27,25,87,0,1,97,94,2
0,3,1,0,8,0,2,1,23,25,87,0,1,51,74,1
0,2,1,1,0,1,1,0,27,25,87,1,1,97,94,2
0,3,1,1,8,0,1,1,23,25,87,1,1,51,74,1
0,2,1,1,0,1,2,0,27,25,87,1,1,97,94,2
0,3,1,1,8,0,2,1,23,25,87,1,1,51,74,1
0,3,1,1,10,1,2,1,26,22,92,0,0,91,71,0
0,3,1,0,10,1,1,1,26,22,92,0,0,91,71,0
0,3,0,1,10,1,2,1,26,22,92,0,0,91,71,0
0,0,0,1,8,1,2,2,24,27,96,0,1,56,55,2
0,3,0,1,2,1,2,0,25,27,96,0,1,53,88,1
0,3,0,1,13,1,2,0,19,27,96,0,1,84,86,2
0,0,1,1,8,1,1,2,24,27,96,1,1,56,55,2
0,3,1,1,2,1,1,0,25,27,96,1,1,53,88,1
0,3,1,1,13,1,1,0,19,27,96,1,1,84,86,2
1,1,1,1,5,0,1,3,18,21,67,2,0,100,47,2
1,2,1,1,17,0,1,3,22,21,67,2,0,67,50,2
1,1,1,1,5,0,1,3,18,21,67,1,0,100,47,2
1,2,1,1,17,0,1,3,22,21,67,1,0,67,50,2
0,0,1,1,14,1,1,1,23,30,100,0,1,99,82,1
0,3,1,1,16,1,1,2,18,30,100,0,1,72,61,2
0,0,1,1,13,1,1,2,20,30,100,0,1,91,68,1
0,0,0,1,14,1,2,1,23,30,100,1,1,99,82,1
0,3,0,1,16,1,2,2,18,30,100,1,1,72,61,2
0,0,0,1,13,1,2,2,20,30,100,1,1,91,68,1
0,2,0,1,16,0,2,1,19,36,88,2,0,85,83,1
0,1,0,1,3,1,2,0,21,36,88,2,0,73,88,0
0,3,0,1,14,0,2,3,25,36,88,2,0,72,45,2
0,1,0,1,3,1,2,2,28,36,88,2,0,77,57,1
0,3,0,1,11,1,2,2,21,36,88,2,0,71,69,2
1,0,1,1,4,1,1,0,20,23,65,1,1,75,96,1
1,3,1,1,9,1,1,1,24,23,65,1,1,95,73,0
1,3,1,1,6,0,1,3,29,23,65,1,1,77,42,1
1,0,0,0,4,1,2,0,20,23,65,0,1,75,96,1
1,3,0,0,9,1,2,1,24,23,65,0,1,95,73,0
1,3,0,0,6,0,2,3,29,23,65,0,1,77,42,1
1,0,0,0,4,1,1,0,20,23,65,2,1,75,96,1
1,3,0,0,9,1,1,1,24,23,65,2,1,95,73,0
1,3,0,0,6,0,1,3,29,23,65,2,1,77,42,1
1,0,0,1,12,0,1,0,28,9,76,1,0,86,97,1
1,1,0,1,8,1,1,2,19,9,76,1,1,95,61,1
1,0,0,0,12,0,2,0,28,9,76,0,0,86,97,1
1,1,0,0,8,1,2,2,19,9,76,0,1,95,61,1
1,0,1,1,12,0,1,0,28,9,76,1,0,86,97,1
1,1,1,1,8,1,1,2,19,9,76,1,1,95,61,1
0,0,0,1,15,1,2,3,19,25,94,0,0,51,50,2
0,0,1,1,15,1,0,3,19,25,94,0,0,51,50,2
0,0,0,1,15,1,2,3,19,25,94,2,0,51,50,2
0,0,1,1,15,1,0,3,19,25,94,1,0,51,50,2
0,2,1,0,9,1,1,2,23,28,84,1,1,90,62,2
0,2,1,1,9,1,1,2,23,28,84,1,1,90,62,2
0,2,0,1,11,1,1,2,22,19,86,1,1,96,58,2
0,2,0,1,4,1,1,1,21,19,86,1,1,51,76,1
0,1,0,1,2,1,1,2,21,19,86,1,1,76,61,1
0,3,1,1,4,0,1,2,29,19,62,0,0,89,63,1
0,2,1,1,13,0,1,0,28,19,62,0,0,90,89,2
0,3,1,1,4,0,1,2,29,19,62,1,0,89,63,1
0,2,1,1,13,0,1,0,28,19,62,1,0,90,89,2
0,3,1,1,4,0,0,2,29,19,62,1,0,89,63,1
0,2,1,1,13,0,0,0,28,19,62,1,0,90,89,2
1,3,1,1,15,1,0,0,28,24,79,2,1,85,85,2
1,3,0,0,15,1,2,0,28,24,79,2,1,85,85,2
1,3,0,1,15,1,1,0,28,24,79,2,1,85,85,2
0,0,0,1,12,1,1,3,29,30,63,1,0,67,47,2
0,3,0,1,17,1,1,0,20,30,63,1,1,66,99,2
0,0,1,1,12,1,2,3,29,30,63,1,0,67,47,2
0,3,1,1,17,1,2,0,20,30,63,1,1,66,99,2
0,0,0,1,12,1,2,3,29,30,63,1,0,67,47,2
0,3,0,1,17,1,2,0,20,30,63,1,1,66,99,2
0,0,0,1,12,1,0,3,29,30,63,2,0,67,47,2
0,3,0,1,17,1,0,0,20,30,63,2,1,66,99,2
1,3,1,1,8,1,1,0,26,13,73,1,1,99,94,2
1,2,1,1,18,1,1,2,20,13,73,1,1,52,64,2
1,3,0,1,8,1,0,0,26,13,73,1,1,99,94,2
1,2,0,1,18,1,0,2,20,13,73,1,1,52,64,2
1,2,0,1,2,1,0,3,29,23,66,0,1,92,41,0
1,2,0,1,2,1,2,3,29,23,66,1,1,92,41,0
1,2,1,1,2,1,2,3,29,23,66,2,1,92,41,0
1,2,0,1,2,1,1,3,29,23,66,0,1,92,41,0
1,2,1,1,14,1,1,1,24,27,94,1,1,84,77,2
1,0,1,1,9,1,0,2,28,18,81,0,1,87,69,2
1,0,1,1,9,1,2,2,28,18,81,0,1,87,69,2
1,0,0,1,9,1,2,2,28,18,81,0,1,87,69,2
1,0,0,1,9,1,1,2,28,18,81,0,1,87,69,2
1,0,1,1,9,1,2,2,28,18,81,1,1,87,69,2
1,0,1,1,9,1,0,2,28,18,81,2,1,87,69,2
1,0,0,1,9,1,1,2,28,18,81,1,1,87,69,2
1,0,1,0,12,1,1,0,20,30,71,2,0,81,93,2
1,0,1,0,2,1,1,3,20,30,71,2,0,53,51,2
1,2,0,1,12,1,0,3,29,9,75,2,1,88,48,1
0,2,1,1,18,0,1,3,25,11,89,1,0,56,50,0
0,3,1,1,8,0,1,0,25,11,89,1,1,51,91,2
0,0,1,1,1,1,1,0,24,28,82,1,0,67,90,2
0,0,1,1,20,1,1,0,23,28,82,1,1,56,93,2
1,3,1,1,7,1,1,2,26,29,62,1,1,79,68,0
1,1,1,1,9,1,2,3,25,32,87,1,1,86,47,0
1,0,1,1,0,1,0,2,19,32,96,0,0,62,59,2
1,0,0,1,5,1,1,2,26,27,92,2,1,100,61,0
1,3,0,1,6,1,1,0,27,27,92,2,1,75,85,2
1,2,0,1,9,1,1,0,20,27,92,2,1,97,89,2
1,0,1,1,5,1,1,2,26,27,92,2,1,100,61,0
1,3,1,1,6,1,1,0,27,27,92,2,1,75,85,2
1,2,1,1,9,1,1,0,20,27,92,2,1,97,89,2
1,0,1,1,5,1,1,2,26,27,92,0,1,100,61,0
1,3,1,1,6,1,1,0,27,27,92,0,1,75,85,2
1,2,1,1,9,1,1,0,20,27,92,0,1,97,89,2
1,0,1,1,5,1,1,2,26,27,92,1,1,100,61,0
1,3,1,1,6,1,1,0,27,27,92,1,1,75,85,2
1,2,1,1,9,1,1,0,20,27,92,1,1,97,89,2
1,0,0,1,5,1,1,2,26,27,92,1,1,100,61,0
1,3,0,1,6,1,1,0,27,27,92,1,1,75,85,2
1,2,0,1,9,1,1,0,20,27,92,1,1,97,89,2
1,0,1,1,5,1,2,2,26,27,92,1,1,100,61,0
1,3,1,1,6,1,2,0,27,27,92,1,1,75,85,2
1,2,1,1,9,1,2,0,20,27,92,1,1,97,89,2
1,2,1,1,20,0,1,2,27,26,67,2,0,51,65,2
1,1,1,1,0,1,1,3,27,26,67,2,1,75,52,1
1,3,1,1,6,1,1,0,19,26,67,2,0,94,99,1
1,2,1,1,18,1,1,2,28,26,67,2,1,66,56,2
1,2,1,1,20,0,2,2,27,26,67,1,0,51,65,2
1,1,1,1,0,1,2,3,27,26,67,1,1,75,52,1
1,3,1,1,6,1,2,0,19,26,67,1,0,94,99,1
1,2,1,1,18,1,2,2,28,26,67,1,1,66,56,2
1,2,1,1,20,0,0,2,27,26,67,2,0,51,65,2
1,1,1,1,0,1,0,3,27,26,67,2,1,75,52,1
1,3,1,1,6,1,0,0,19,26,67,2,0,94,99,1
1,2,1,1,18,1,0,2,28,26,67,2,1,66,56,2
1,2,1,1,20,0,1,2,27,26,67,1,0,51,65,2
1,1,1,1,0,1,1,3,27,26,67,1,1,75,52,1
1,3,1,1,6,1,1,0,19,26,67,1,0,94,99,1
1,2,1,1,18,1,1,2,28,26,67,1,1,66,56,2
1,2,1,1,20,0,1,2,27,26,67,0,0,51,65,2
1,1,1,1,0,1,1,3,27,26,67,0,1,75,52,1
1,3,1,1,6,1,1,0,19,26,67,0,0,94,99,1
1,2,1,1,18,1,1,2,28,26,67,0,1,66,56,2
1,2,0,1,20,0,1,2,27,26,67,1,0,51,65,2
1,1,0,1,0,1,1,3,27,26,67,1,1,75,52,1
1,3,0,1,6,1,1,0,19,26,67,1,0,94,99,1
1,2,0,1,18,1,1,2,28,26,67,1,1,66,56,2
1,2,1,1,20,0,2,2,27,26,67,2,0,51,65,2
1,1,1,1,0,1,2,3,27,26,67,2,1,75,52,1
1,3,1,1,6,1,2,0,19,26,67,2,0,94,99,1
1,2,1,1,18,1,2,2,28,26,67,2,1,66,56,2
1,3,0,1,13,0,1,2,20,17,63,2,0,83,67,2
1,0,0,1,6,0,1,3,25,17,63,2,0,81,50,1
1,3,0,1,3,1,1,0,28,17,63,2,1,83,89,2
1,0,0,1,13,0,1,0,18,17,63,2,1,57,99,1
1,3,0,1,13,0,1,2,20,17,63,0,0,83,67,2
1,0,0,1,6,0,1,3,25,17,63,0,0,81,50,1
1,3,0,1,3,1,1,0,28,17,63,0,1,83,89,2
1,0,0,1,13,0,1,0,18,17,63,0,1,57,99,1
1,3,1,1,13,0,1,2,20,17,63,1,0,83,67,2
1,0,1,1,6,0,1,3,25,17,63,1,0,81,50,1
1,3,1,1,3,1,1,0,28,17,63,1,1,83,89,2
1,0,1,1,13,0,1,0,18,17,63,1,1,57,99,1
1,2,1,1,9,1,1,0,23,26,87,2,1,81,99,2
1,0,1,1,15,1,1,1,20,26,87,2,1,56,78,2
1,3,1,1,3,1,1,2,27,26,87,2,0,98,68,2
1,1,1,1,0,0,1,3,20,26,87,2,1,50,42,2
1,0,1,1,16,0,1,3,18,26,87,2,1,55,46,2
1,2,0,1,9,1,2,0,23,26,87,0,1,81,99,2
1,0,0,1,15,1,2,1,20,26,87,0,1,56,78,2
1,3,0,1,3,1,2,2,27,26,87,0,0,98,68,2
1,1,0,1,0,0,2,3,20,26,87,0,1,50,42,2
1,0,0,1,16,0,2,3,18,26,87,0,1,55,46,2
1,2,0,1,9,1,1,0,23,26,87,2,1,81,99,2
1,0,0,1,15,1,1,1,20,26,87,2,1,56,78,2
1,3,0,1,3,1,1,2,27,26,87,2,0,98,68,2
1,1,0,1,0,0,1,3,20,26,87,2,1,50,42,2
1,0,0,1,16,0,1,3,18,26,87,2,1,55,46,2
1,2,1,1,9,1,1,0,23,26,87,1,1,81,99,2
1,0,1,1,15,1,1,1,20,26,87,1,1,56,78,2
1,3,1,1,3,1,1,2,27,26,87,1,0,98,68,2
1,1,1,1,0,0,1,3,20,26,87,1,1,50,42,2
1,0,1,1,16,0,1,3,18,26,87,1,1,55,46,2
0,1,1,1,0,1,2,3,25,29,62,2,1,91,45,0
0,0,1,1,16,1,2,0,21,29,62,2,1,54,90,2
0,3,1,1,4,1,2,2,22,29,62,2,1,58,58,2
0,1,1,1,16,0,2,0,25,29,62,2,1,64,100,2
0,0,1,1,11,0,2,3,24,29,62,2,1,78,46,2
0,1,1,1,11,0,2,1,25,29,62,2,1,90,80,1
0,2,1,1,8,0,2,1,24,29,62,2,1,80,82,0
0,3,0,1,12,0,1,0,25,9,82,1,0,54,98,2
0,3,1,1,12,0,0,0,25,9,82,1,0,54,98,2
1,0,1,0,4,1,1,2,23,29,94,1,0,50,57,2
1,0,1,0,15,1,1,3,24,29,94,1,1,97,44,1
1,2,1,0,13,1,1,2,23,29,94,1,1,98,65,2
1,0,1,1,4,1,2,2,23,29,94,1,0,50,57,2
1,0,1,1,15,1,2,3,24,29,94,1,1,97,44,1
1,2,1,1,13,1,2,2,23,29,94,1,1,98,65,2
1,2,0,1,18,1,1,2,28,14,67,1,0,62,60,0
1,2,0,1,18,1,1,0,19,14,67,1,0,51,93,0
1,2,0,1,18,1,0,2,28,14,67,1,0,62,60,0
1,2,0,1,18,1,0,0,19,14,67,1,0,51,93,0
1,2,1,1,18,1,1,2,28,14,67,0,0,62,60,0
1,2,1,1,18,1,1,0,19,14,67,0,0,51,93,0
1,0,0,1,5,1,1,0,22,31,61,1,0,96,96,2
1,3,0,1,13,1,1,3,26,31,61,1,1,64,46,1
0,3,0,1,4,1,1,2,23,27,73,0,0,60,62,0
0,2,0,1,10,1,1,2,29,27,73,0,0,50,65,0
0,0,0,1,19,1,1,0,29,27,73,0,0,58,91,0
0,3,0,1,4,1,1,2,23,27,73,1,0,60,62,0
0,2,0,1,10,1,1,2,29,27,73,1,0,50,65,0
0,0,0,1,19,1,1,0,29,27,73,1,0,58,91,0
0,3,1,1,4,1,2,2,23,27,73,2,0,60,62,0
0,2,1,1,10,1,2,2,29,27,73,2,0,50,65,0
0,0,1,1,19,1,2,0,29,27,73,2,0,58,91,0
0,3,0,1,4,1,0,2,23,27,73,1,0,60,62,0
0,2,0,1,10,1,0,2,29,27,73,1,0,50,65,0
0,0,0,1,19,1,0,0,29,27,73,1,0,58,91,0
0,3,1,1,8,0,1,3,28,23,96,2,0,78,42,2
0,0,1,1,2,0,1,2,29,23,96,2,1,66,68,2
0,3,0,1,8,0,0,3,28,23,96,1,0,78,42,2
0,0,0,1,2,0,0,2,29,23,96,1,1,66,68,2
0,3,1,1,8,0,1,3,28,23,96,1,0,78,42,2
0,0,1,1,2,0,1,2,29,23,96,1,1,66,68,2
0,3,1,1,8,0,2,3,28,23,96,0,0,78,42,2
0,0,1,1,2,0,2,2,29,23,96,0,1,66,68,2
1,2,1,1,14,1,0,3,19,31,65,1,0,87,43,2
1,3,1,1,14,0,1,1,23,9,95,1,0,52,73,2
1,3,1,1,17,1,1,0,21,9,95,1,0,85,98,2
0,1,1,1,3,0,1,0,18,19,85,0,0,95,96,1
0,1,0,1,3,0,1,0,18,19,85,0,0,95,96,1
0,1,1,1,3,0,1,0,18,19,85,2,0,95,96,1
0,1,1,1,3,0,0,0,18,19,85,1,0,95,96,1
0,1,1,1,3,0,2,0,18,19,85,1,0,95,96,1
0,1,1,1,3,0,1,0,18,19,85,1,0,95,96,1
0,1,0,1,3,0,2,0,18,19,85,1,0,95,96,1
0,3,0,1,2,1,1,1,19,17,81,1,1,100,71,2
0,3,0,1,2,1,2,1,19,17,81,2,1,100,71,2
0,3,1,1,2,1,0,1,19,17,81,2,1,100,71,2
0,3,0,1,2,1,1,1,19,17,81,2,1,100,71,2
0,3,0,1,2,1,0,1,19,17,81,1,1,100,71,2
1,1,0,1,0,1,2,0,18,10,64,1,1,52,85,1
1,2,0,1,0,1,2,3,24,10,64,1,0,54,44,0
1,3,0,1,8,0,1,2,29,17,100,0,0,81,61,1
1,3,0,1,8,0,2,2,29,17,100,0,0,81,61,1
1,3,1,1,8,0,2,2,29,17,100,0,0,81,61,1
0,2,1,1,18,1,1,3,25,13,93,0,1,78,49,1
0,1,1,1,20,0,1,1,29,13,93,0,0,82,83,1
0,0,1,1,5,0,1,3,27,13,93,0,0,71,48,1
0,0,1,1,12,1,1,3,22,13,93,0,1,75,47,2
0,2,0,1,18,1,1,3,25,13,93,2,1,78,49,1
0,1,0,1,20,0,1,1,29,13,93,2,0,82,83,1
0,0,0,1,5,0,1,3,27,13,93,2,0,71,48,1
0,0,0,1,12,1,1,3,22,13,93,2,1,75,47,2
0,2,0,1,18,1,0,3,25,13,93,2,1,78,49,1
0,1,0,1,20,0,0,1,29,13,93,2,0,82,83,1
0,0,0,1,5,0,0,3,27,13,93,2,0,71,48,1
0,0,0,1,12,1,0,3,22,13,93,2,1,75,47,2
0,2,1,1,18,1,2,3,25,13,93,0,1,78,49,1
0,1,1,1,20,0,2,1,29,13,93,0,0,82,83,1
0,0,1,1,5,0,2,3,27,13,93,0,0,71,48,1
0,0,1,1,12,1,2,3,22,13,93,0,1,75,47,2
0,3,1,1,13,1,0,3,26,31,64,0,1,89,45,0
0,2,1,1,14,1,0,2,28,31,64,0,1,86,56,2
0,2,1,1,20,0,0,2,27,31,64,0,1,98,59,1
0,1,1,1,19,1,0,2,26,31,64,0,0,77,60,2
0,2,1,1,12,1,0,2,24,31,64,0,1,77,64,1
0,3,0,1,13,1,1,3,26,31,64,0,1,89,45,0
0,2,0,1,14,1,1,2,28,31,64,0,1,86,56,2
0,2,0,1,20,0,1,2,27,31,64,0,1,98,59,1
0,1,0,1,19,1,1,2,26,31,64,0,0,77,60,2
0,2,0,1,12,1,1,2,24,31,64,0,1,77,64,1
0,3,1,1,13,1,1,3,26,31,64,1,1,89,45,0
0,2,1,1,14,1,1,2,28,31,64,1,1,86,56,2
0,2,1,1,20,0,1,2,27,31,64,1,1,98,59,1
0,1,1,1,19,1,1,2,26,31,64,1,0,77,60,2
0,2,1,1,12,1,1,2,24,31,64,1,1,77,64,1
0,3,0,1,13,1,2,3,26,31,64,1,1,89,45,0
0,2,0,1,14,1,2,2,28,31,64,1,1,86,56,2
0,2,0,1,20,0,2,2,27,31,64,1,1,98,59,1
0,1,0,1,19,1,2,2,26,31,64,1,0,77,60,2
0,2,0,1,12,1,2,2,24,31,64,1,1,77,64,1
0,3,1,1,3,1,1,2,23,30,69,1,0,91,64,2
0,3,1,1,0,1,1,0,25,30,69,1,1,76,88,1
0,1,1,1,1,0,1,1,25,30,69,1,0,70,72,1
0,3,0,1,3,1,1,2,23,30,69,1,0,91,64,2
0,3,0,1,0,1,1,0,25,30,69,1,1,76,88,1
0,1,0,1,1,0,1,1,25,30,69,1,0,70,72,1
1,1,1,1,14,0,1,1,25,17,60,1,1,51,81,2
1,3,1,1,1,1,1,2,18,17,60,1,0,93,62,2
1,3,1,1,15,0,1,2,26,17,60,1,1,69,68,2
1,2,0,1,2,1,1,3,25,25,95,1,1,92,43,1
1,2,0,1,0,1,1,3,28,25,95,1,1,65,43,1
1,0,0,1,11,1,1,0,20,25,95,1,0,98,95,2
1,2,1,0,2,1,1,3,25,25,95,2,1,92,43,1
1,2,1,0,0,1,1,3,28,25,95,2,1,65,43,1
1,0,1,0,11,1,1,0,20,25,95,2,0,98,95,2
1,2,1,1,2,1,0,3,25,25,95,1,1,92,43,1
1,2,1,1,0,1,0,3,28,25,95,1,1,65,43,1
1,0,1,1,11,1,0,0,20,25,95,1,0,98,95,2
1,2,0,1,2,1,2,3,25,25,95,1,1,92,43,1
1,2,0,1,0,1,2,3,28,25,95,1,1,65,43,1
1,0,0,1,11,1,2,0,20,25,95,1,0,98,95,2
1,2,1,1,2,1,2,3,25,25,95,1,1,92,43,1
1,2,1,1,0,1,2,3,28,25,95,1,1,65,43,1
1,0,1,1,11,1,2,0,20,25,95,1,0,98,95,2
1,2,1,1,2,1,1,3,25,25,95,0,1,92,43,1
1,2,1,1,0,1,1,3,28,25,95,0,1,65,43,1
1,0,1,1,11,1,1,0,20,25,95,0,0,98,95,2
0,1,1,1,8,0,1,0,27,27,90,1,1,74,85,0
0,1,0,1,8,0,2,0,27,27,90,1,1,74,85,0
0,1,0,1,8,0,1,0,27,27,90,1,1,74,85,0
1,1,1,1,4,1,0,1,22,15,60,2,0,85,70,1
1,3,1,1,3,1,0,0,29,15,60,2,1,95,97,2
1,3,1,1,19,0,0,3,18,15,60,2,0,70,46,1
1,0,1,1,0,0,0,2,27,15,60,2,1,57,58,2
1,1,0,1,4,1,2,1,22,15,60,0,0,85,70,1
1,3,0,1,3,1,2,0,29,15,60,0,1,95,97,2
1,3,0,1,19,0,2,3,18,15,60,0,0,70,46,1
1,0,0,1,0,0,2,2,27,15,60,0,1,57,58,2
1,1,1,1,4,1,1,1,22,15,60,0,0,85,70,1
1,3,1,1,3,1,1,0,29,15,60,0,1,95,97,2
1,3,1,1,19,0,1,3,18,15,60,0,0,70,46,1
1,0,1,1,0,0,1,2,27,15,60,0,1,57,58,2
1,1,0,1,4,1,0,1,22,15,60,1,0,85,70,1
1,3,0,1,3,1,0,0,29,15,60,1,1,95,97,2
1,3,0,1,19,0,0,3,18,15,60,1,0,70,46,1
1,0,0,1,0,0,0,2,27,15,60,1,1,57,58,2
1,1,0,1,4,1,1,1,22,15,60,2,0,85,70,1
1,3,0,1,3,1,1,0,29,15,60,2,1,95,97,2
1,3,0,1,19,0,1,3,18,15,60,2,0,70,46,1
1,0,0,1,0,0,1,2,27,15,60,2,1,57,58,2
1,0,0,1,1,1,2,3,29,19,72,1,1,50,53,1
1,3,0,1,14,1,2,3,25,19,72,1,1,90,47,1
1,0,1,1,1,1,1,3,29,19,72,0,1,50,53,1
1,3,1,1,14,1,1,3,25,19,72,0,1,90,47,1
1,0,0,1,1,1,0,3,29,19,72,1,1,50,53,1
1,3,0,1,14,1,0,3,25,19,72,1,1,90,47,1
1,0,1,1,1,1,1,3,29,19,72,2,1,50,53,1
1,3,1,1,14,1,1,3,25,19,72,2,1,90,47,1
1,1,1,1,18,1,1,2,18,25,70,2,0,81,61,2
1,1,0,1,18,1,1,2,18,25,70,1,0,81,61,2
1,1,1,1,18,1,2,2,18,25,70,1,0,81,61,2
1,1,1,1,18,1,1,2,18,25,70,1,0,81,61,2
1,1,0,1,18,1,2,2,18,25,70,2,0,81,61,2
1,1,1,1,18,1,1,2,18,25,70,0,0,81,61,2
0,1,1,1,3,0,2,0,18,24,67,0,1,82,97,1
0,1,1,1,3,0,1,0,18,24,67,0,1,82,97,1
0,1,0,1,3,0,1,0,18,24,67,1,1,82,97,1
0,1,1,1,3,0,2,0,18,24,67,1,1,82,97,1
0,1,0,1,3,0,2,0,18,24,67,2,1,82,97,1
0,1,0,1,3,0,1,0,18,24,67,0,1,82,97,1
0,1,1,1,3,0,1,0,18,24,67,1,1,82,97,1
0,1,0,1,3,0,0,0,18,24,67,1,1,82,97,1
0,2,1,1,10,1,1,2,28,11,87,1,0,58,65,2
0,3,1,1,4,1,1,0,29,11,87,1,1,56,89,0
0,0,1,1,2,0,1,0,28,11,87,1,1,79,89,0
0,2,0,1,10,1,1,2,28,11,87,2,0,58,65,2
0,3,0,1,4,1,1,0,29,11,87,2,1,56,89,0
0,0,0,1,2,0,1,0,28,11,87,2,1,79,89,0
1,3,1,1,12,1,1,1,19,17,69,0,0,84,75,2
1,3,1,1,12,1,2,1,19,17,69,1,0,84,75,2
1,3,1,1,12,1,1,1,19,17,69,2,0,84,75,2
0,3,1,1,9,1,1,3,24,25,84,0,0,88,51,1
0,3,1,1,9,1,1,3,24,25,84,1,0,88,51,1
0,1,1,1,20,1,2,1,18,10,89,1,1,74,81,2
0,1,0,1,7,1,1,0,25,15,65,0,0,96,90,0
0,0,0,1,8,0,1,0,25,15,65,0,1,65,90,2
0,3,0,1,1,0,1,2,21,15,65,0,1,86,62,1
0,1,1,1,7,1,2,0,25,15,65,1,0,96,90,0
0,0,1,1,8,0,2,0,25,15,65,1,1,65,90,2
0,3,1,1,1,0,2,2,21,15,65,1,1,86,62,1
0,1,0,1,7,1,1,0,25,15,65,1,0,96,90,0
0,0,0,1,8,0,1,0,25,15,65,1,1,65,90,2
0,3,0,1,1,0,1,2,21,15,65,1,1,86,62,1
0,1,1,0,7,1,0,0,25,15,65,1,0,96,90,0
0,0,1,0,8,0,0,0,25,15,65,1,1,65,90,2
0,3,1,0,1,0,0,2,21,15,65,1,1,86,62,1
0,1,1,1,7,1,1,0,25,15,65,1,0,96,90,0
0,0,1,1,8,0,1,0,25,15,65,1,1,65,90,2
0,3,1,1,1,0,1,2,21,15,65,1,1,86,62,1
0,1,1,1,7,1,2,0,25,15,65,0,0,96,90,0
0,0,1,1,8,0,2,0,25,15,65,0,1,65,90,2
0,3,1,1,1,0,2,2,21,15,65,0,1,86,62,1
0,1,1,1,7,1,0,0,25,15,65,1,0,96,90,0
0,0,1,1,8,0,0,0,25,15,65,1,1,65,90,2
0,3,1,1,1,0,0,2,21,15,65,1,1,86,62,1
0,1,0,1,13,1,1,0,29,21,63,0,0,97,87,2
0,3,0,1,14,1,1,3,25,21,63,0,0,81,51,2
0,3,0,1,1,1,1,2,26,21,63,0,0,91,63,2
0,2,0,1,20,1,1,1,25,21,63,0,1,54,83,2
0,1,0,1,13,1,0,0,29,21,63,1,0,97,87,2
0,3,0,1,14,1,0,3,25,21,63,1,0,81,51,2
0,3,0,1,1,1,0,2,26,21,63,1,0,91,63,2
0,2,0,1,20,1,0,1,25,21,63,1,1,54,83,2
0,1,1,1,13,1,0,0,29,21,63,0,0,97,87,2
0,3,1,1,14,1,0,3,25,21,63,0,0,81,51,2
0,3,1,1,1,1,0,2,26,21,63,0,0,91,63,2
0,2,1,1,20,1,0,1,25,21,63,0,1,54,83,2
0,1,1,1,13,1,1,0,29,21,63,1,0,97,87,2
0,3,1,1,14,1,1,3,25,21,63,1,0,81,51,2
0,3,1,1,1,1,1,2,26,21,63,1,0,91,63,2
0,2,1,1,20,1,1,1,25,21,63,1,1,54,83,2
0,1,0,1,13,1,1,0,29,21,63,1,0,97,87,2
0,3,0,1,14,1,1,3,25,21,63,1,0,81,51,2
0,3,0,1,1,1,1,2,26,21,63,1,0,91,63,2
0,2,0,1,20,1,1,1,25,21,63,1,1,54,83,2
1,1,1,1,9,1,1,0,29,27,99,1,0,59,85,2
1,1,0,1,9,1,1,0,29,27,99,0,0,59,85,2
1,1,0,1,9,1,1,0,29,27,99,2,0,59,85,2
1,1,1,1,9,1,0,0,29,27,99,0,0,59,85,2
0,1,0,1,1,0,0,0,21,20,62,2,1,64,99,0
0,1,1,0,1,0,0,0,21,20,62,2,1,64,99,0
0,1,1,1,1,0,1,0,21,20,62,1,1,64,99,0
0,1,1,0,1,0,1,0,21,20,62,1,1,64,99,0
0,1,0,1,1,0,1,0,21,20,62,2,1,64,99,0
0,1,1,1,15,1,0,1,21,21,79,2,0,73,81,2
0,3,1,1,9,0,0,2,25,21,79,2,1,51,62,2
0,1,1,1,16,1,0,3,26,21,79,2,1,62,54,1
0,1,1,1,15,1,2,1,21,21,79,1,0,73,81,2
0,3,1,1,9,0,2,2,25,21,79,1,1,51,62,2
0,1,1,1,16,1,2,3,26,21,79,1,1,62,54,1
0,1,0,1,15,1,0,1,21,21,79,0,0,73,81,2
0,3,0,1,9,0,0,2,25,21,79,0,1,51,62,2
0,1,0,1,16,1,0,3,26,21,79,0,1,62,54,1
0,1,1,1,15,1,0,1,21,21,79,0,0,73,81,2
0,3,1,1,9,0,0,2,25,21,79,0,1,51,62,2
0,1,1,1,16,1,0,3,26,21,79,0,1,62,54,1
0,1,0,1,15,1,0,1,21,21,79,1,0,73,81,2
0,3,0,1,9,0,0,2,25,21,79,1,1,51,62,2
0,1,0,1,16,1,0,3,26,21,79,1,1,62,54,1
0,1,0,1,15,1,2,1,21,21,79,0,0,73,81,2
0,3,0,1,9,0,2,2,25,21,79,0,1,51,62,2
0,1,0,1,16,1,2,3,26,21,79,0,1,62,54,1
0,1,1,1,15,1,1,1,21,21,79,2,0,73,81,2
0,3,1,1,9,0,1,2,25,21,79,2,1,51,62,2
0,1,1,1,16,1,1,3,26,21,79,2,1,62,54,1
1,3,1,1,4,1,2,1,28,18,93,1,0,74,73,2
1,1,1,1,13,1,2,0,23,18,93,1,1,68,100,0
1,3,1,1,4,1,2,1,27,18,93,1,0,96,70,2
1,0,1,1,13,1,2,0,27,18,93,1,0,91,94,2
1,3,1,1,4,1,0,1,28,18,93,1,0,74,73,2
1,1,1,1,13,1,0,0,23,18,93,1,1,68,100,0
1,3,1,1,4,1,0,1,27,18,93,1,0,96,70,2
1,0,1,1,13,1,0,0,27,18,93,1,0,91,94,2
1,3,1,1,4,1,1,1,28,18,93,1,0,74,73,2
1,1,1,1,13,1,1,0,23,18,93,1,1,68,100,0
1,3,1,1,4,1,1,1,27,18,93,1,0,96,70,2
1,0,1,1,13,1,1,0,27,18,93,1,0,91,94,2
1,1,0,1,3,1,1,1,23,21,85,2,0,98,81,2
1,2,0,1,6,1,1,2,22,21,85,2,0,81,62,2
1,1,1,1,3,1,1,1,23,21,85,1,0,98,81,2
1,2,1,1,6,1,1,2,22,21,85,1,0,81,62,2
1,1,1,1,3,1,2,1,23,21,85,1,0,98,81,2
1,2,1,1,6,1,2,2,22,21,85,1,0,81,62,2
1,1,0,1,3,1,1,1,23,21,85,0,0,98,81,2
1,2,0,1,6,1,1,2,22,21,85,0,0,81,62,2
1,1,0,1,3,1,0,1,23,21,85,1,0,98,81,2
1,2,0,1,6,1,0,2,22,21,85,1,0,81,62,2
1,1,1,1,3,1,0,1,23,21,85,1,0,98,81,2
1,2,1,1,6,1,0,2,22,21,85,1,0,81,62,2
1,3,0,1,10,0,2,2,23,14,74,2,1,77,56,0
1,3,1,1,10,0,1,2,23,14,74,2,1,77,56,0
1,3,1,0,10,0,1,2,23,14,74,2,1,77,56,0
1,3,1,1,10,0,1,2,23,14,74,1,1,77,56,0
1,3,1,1,10,0,2,2,23,14,74,0,1,77,56,0
1,3,0,1,10,0,1,2,23,14,74,1,1,77,56,0
1,2,1,1,9,0,1,2,25,23,72,0,0,89,61,2
1,2,1,1,13,1,1,0,19,23,72,0,1,50,94,2
1,0,1,1,18,1,1,3,21,23,72,0,1,66,46,0
1,0,1,1,9,0,1,3,25,23,72,0,0,53,46,1
1,2,1,1,9,0,2,2,25,23,72,1,0,89,61,2
1,2,1,1,13,1,2,0,19,23,72,1,1,50,94,2
1,0,1,1,18,1,2,3,21,23,72,1,1,66,46,0
1,0,1,1,9,0,2,3,25,23,72,1,0,53,46,1
1,2,0,1,9,0,2,2,25,23,72,0,0,89,61,2
1,2,0,1,13,1,2,0,19,23,72,0,1,50,94,2
1,0,0,1,18,1,2,3,21,23,72,0,1,66,46,0
1,0,0,1,9,0,2,3,25,23,72,0,0,53,46,1
1,2,1,1,9,0,1,2,25,23,72,1,0,89,61,2
1,2,1,1,13,1,1,0,19,23,72,1,1,50,94,2
1,0,1,1,18,1,1,3,21,23,72,1,1,66,46,0
1,0,1,1,9,0,1,3,25,23,72,1,0,53,46,1
1,2,1,1,9,0,1,2,25,23,72,2,0,89,61,2
1,2,1,1,13,1,1,0,19,23,72,2,1,50,94,2
1,0,1,1,18,1,1,3,21,23,72,2,1,66,46,0
1,0,1,1,9,0,1,3,25,23,72,2,0,53,46,1
1,2,1,1,9,0,0,2,25,23,72,0,0,89,61,2
1,2,1,1,13,1,0,0,19,23,72,0,1,50,94,2
1,0,1,1,18,1,0,3,21,23,72,0,1,66,46,0
1,0,1,1,9,0,0,3,25,23,72,0,0,53,46,1
1,2,0,1,9,0,1,2,25,23,72,2,0,89,61,2
1,2,0,1,13,1,1,0,19,23,72,2,1,50,94,2
1,0,0,1,18,1,1,3,21,23,72,2,1,66,46,0
1,0,0,1,9,0,1,3,25,23,72,2,0,53,46,1
1,2,1,0,9,0,2,2,25,23,72,1,0,89,61,2
1,2,1,0,13,1,2,0,19,23,72,1,1,50,94,2
1,0,1,0,18,1,2,3,21,23,72,1,1,66,46,0
1,0,1,0,9,0,2,3,25,23,72,1,0,53,46,1
1,3,1,1,5,0,0,3,25,25,96,2,1,72,51,2
1,1,1,1,14,1,0,0,21,25,96,2,0,51,89,1
1,1,1,1,11,1,0,0,23,25,96,2,1,85,85,2
1,3,1,1,5,0,2,3,25,25,96,0,1,72,51,2
1,1,1,1,14,1,2,0,21,25,96,0,0,51,89,1
1,1,1,1,11,1,2,0,23,25,96,0,1,85,85,2
1,3,0,1,5,0,1,3,25,25,96,0,1,72,51,2
1,1,0,1,14,1,1,0,21,25,96,0,0,51,89,1
1,1,0,1,11,1,1,0,23,25,96,0,1,85,85,2
1,3,0,1,5,0,0,3,25,25,96,1,1,72,51,2
1,1,0,1,14,1,0,0,21,25,96,1,0,51,89,1
1,1,0,1,11,1,0,0,23,25,96,1,1,85,85,2
1,3,0,1,5,0,2,3,25,25,96,1,1,72,51,2
1,1,0,1,14,1,2,0,21,25,96,1,0,51,89,1
1,1,0,1,11,1,2,0,23,25,96,1,1,85,85,2
0,2,1,1,17,0,1,3,18,6,95,1,1,65,40,0
0,2,1,1,12,1,1,1,24,6,95,1,1,66,71,2
0,1,1,1,17,1,1,1,28,32,72,0,1,92,72,0
0,3,1,1,5,1,1,1,19,32,72,0,1,58,81,2
0,1,1,0,17,1,1,1,26,28,73,0,1,88,72,2
0,1,1,1,17,1,1,1,26,28,73,1,1,88,72,2
0,1,0,1,17,1,0,1,26,28,73,1,1,88,72,2
0,1,1,1,17,1,2,1,26,28,73,1,1,88,72,2
0,0,1,1,11,1,0,3,22,14,94,0,0,63,46,0
0,0,1,1,2,1,0,3,22,14,94,0,1,60,40,1
0,3,1,1,1,1,0,2,25,14,94,0,1,74,65,2
0,2,1,1,15,1,0,2,22,14,94,0,1,53,66,1
0,1,1,1,12,0,0,0,29,14,94,0,0,75,95,1
0,0,1,1,11,1,2,3,22,14,94,1,0,63,46,0
0,0,1,1,2,1,2,3,22,14,94,1,1,60,40,1
0,3,1,1,1,1,2,2,25,14,94,1,1,74,65,2
0,2,1,1,15,1,2,2,22,14,94,1,1,53,66,1
0,1,1,1,12,0,2,0,29,14,94,1,0,75,95,1
0,0,0,1,11,1,1,3,22,14,94,1,0,63,46,0
0,0,0,1,2,1,1,3,22,14,94,1,1,60,40,1
0,3,0,1,1,1,1,2,25,14,94,1,1,74,65,2
0,2,0,1,15,1,1,2,22,14,94,1,1,53,66,1
0,1,0,1,12,0,1,0,29,14,94,1,0,75,95,1
0,0,1,1,11,1,1,3,22,14,94,1,0,63,46,0
0,0,1,1,2,1,1,3,22,14,94,1,1,60,40,1
0,3,1,1,1,1,1,2,25,14,94,1,1,74,65,2
0,2,1,1,15,1,1,2,22,14,94,1,1,53,66,1
0,1,1,1,12,0,1,0,29,14,94,1,0,75,95,1
1,3,1,1,14,0,2,1,19,11,73,1,0,91,73,2
1,3,1,1,7,1,2,0,27,11,73,1,1,67,88,1
1,3,0,0,14,0,1,1,19,11,73,1,0,91,73,2
1,3,0,0,7,1,1,0,27,11,73,1,1,67,88,1
1,3,0,0,14,0,2,1,19,11,73,1,0,91,73,2
1,3,0,0,7,1,2,0,27,11,73,1,1,67,88,1
1,2,1,0,4,1,2,0,27,25,67,1,0,84,92,0
1,3,1,0,0,1,2,1,20,25,67,1,0,57,70,2
1,3,1,0,4,0,2,0,21,25,67,1,1,92,91,1
1,3,1,0,5,1,2,0,24,25,67,1,0,88,98,2
1,2,1,1,4,1,1,0,27,25,67,1,0,84,92,0
1,3,1,1,0,1,1,1,20,25,67,1,0,57,70,2
1,3,1,1,4,0,1,0,21,25,67,1,1,92,91,1
1,3,1,1,5,1,1,0,24,25,67,1,0,88,98,2
1,2,1,1,4,1,1,0,27,25,67,2,0,84,92,0
1,3,1,1,0,1,1,1,20,25,67,2,0,57,70,2
1,3,1,1,4,0,1,0,21,25,67,2,1,92,91,1
1,3,1,1,5,1,1,0,24,25,67,2,0,88,98,2
1,2,1,1,1,1,2,1,27,39,95,2,1,88,72,2
1,2,1,1,17,1,2,1,29,39,95,2,0,92,79,2
1,2,0,1,10,1,0,1,22,27,90,1,1,91,82,1
1,3,0,1,19,1,0,1,22,27,90,1,1,91,77,2
1,3,0,1,1,0,0,1,21,27,90,1,0,75,79,2
1,2,0,0,10,1,1,1,22,27,90,0,1,91,82,1
1,3,0,0,19,1,1,1,22,27,90,0,1,91,77,2
1,3,0,0,1,0,1,1,21,27,90,0,0,75,79,2
1,2,0,1,10,1,1,1,22,27,90,2,1,91,82,1
1,3,0,1,19,1,1,1,22,27,90,2,1,91,77,2
1,3,0,1,1,0,1,1,21,27,90,2,0,75,79,2
1,2,0,1,10,1,2,1,22,27,90,2,1,91,82,1
1,3,0,1,19,1,2,1,22,27,90,2,1,91,77,2
1,3,0,1,1,0,2,1,21,27,90,2,0,75,79,2
1,3,1,1,19,0,0,3,21,11,89,1,1,72,46,1
1,3,1,1,2,1,0,3,29,11,89,1,0,87,54,2
1,3,0,1,19,0,2,3,21,11,89,0,1,72,46,1
1,3,0,1,2,1,2,3,29,11,89,0,0,87,54,2
0,1,0,1,11,0,0,2,20,26,97,2,1,90,66,0
0,2,0,1,5,1,0,1,24,26,97,2,1,75,74,0
0,2,0,1,8,1,0,1,26,26,97,2,0,96,77,1
0,1,1,1,11,0,0,2,20,26,97,1,1,90,66,0
0,2,1,1,5,1,0,1,24,26,97,1,1,75,74,0
0,2,1,1,8,1,0,1,26,26,97,1,0,96,77,1
0,0,1,1,7,1,2,0,22,17,60,2,1,52,85,2
0,3,1,1,7,1,2,2,18,17,60,2,1,74,62,1
0,1,1,1,15,1,2,0,26,17,60,2,0,65,97,2
0,0,0,1,7,1,0,0,22,17,60,1,1,52,85,2
0,3,0,1,7,1,0,2,18,17,60,1,1,74,62,1
0,1,0,1,15,1,0,0,26,17,60,1,0,65,97,2
0,0,1,1,7,1,0,0,22,17,60,1,1,52,85,2
0,3,1,1,7,1,0,2,18,17,60,1,1,74,62,1
0,1,1,1,15,1,0,0,26,17,60,1,0,65,97,2
1,2,1,1,3,0,2,0,28,28,70,1,1,56,92,1
1,3,1,1,16,1,2,3,20,28,70,1,1,80,40,2
1,2,1,1,3,0,0,0,28,28,70,2,1,56,92,1
1,3,1,1,16,1,0,3,20,28,70,2,1,80,40,2
1,2,1,1,3,0,1,0,28,28,70,0,1,56,92,1
1,3,1,1,16,1,1,3,20,28,70,0,1,80,40,2
1,2,1,1,3,0,1,0,28,28,70,1,1,56,92,1
1,3,1,1,16,1,1,3,20,28,70,1,1,80,40,2
1,3,1,1,13,1,1,2,24,20,64,1,1,87,55,0
1,3,1,1,13,1,0,2,24,20,64,0,1,87,55,0
1,3,1,1,13,1,1,2,24,20,64,2,1,87,55,0
1,3,1,1,13,1,0,2,24,20,64,2,1,87,55,0
1,3,0,1,13,1,0,2,24,20,64,1,1,87,55,0
1,0,0,1,20,1,1,3,19,16,96,2,0,59,51,2
1,0,0,1,18,0,1,1,29,16,96,2,0,64,74,1
1,0,1,1,20,1,1,3,19,16,96,1,0,59,51,2
1,0,1,1,18,0,1,1,29,16,96,1,0,64,74,1
1,0,1,1,20,1,1,3,19,16,96,2,0,59,51,2
1,0,1,1,18,0,1,1,29,16,96,2,0,64,74,1
1,0,0,1,20,1,1,3,19,16,96,1,0,59,51,2
1,0,0,1,18,0,1,1,29,16,96,1,0,64,74,1
1,3,1,1,11,1,2,1,28,26,60,0,1,69,84,2
1,1,1,1,1,1,2,1,27,14,96,2,0,88,75,1
1,2,1,1,8,1,2,0,27,14,96,2,1,55,86,0
1,1,0,1,1,1,0,1,27,14,96,1,0,88,75,1
1,2,0,1,8,1,0,0,27,14,96,1,1,55,86,0
1,3,1,1,6,1,1,1,21,23,96,0,1,89,70,0
1,3,0,1,6,1,1,1,21,23,96,1,1,89,70,0
1,3,1,1,6,1,2,1,21,23,96,1,1,89,70,0
1,3,0,1,6,1,2,1,21,23,96,1,1,89,70,0
1,3,1,0,3,1,1,2,22,32,86,1,1,60,69,1
1,1,1,0,20,1,1,1,23,32,86,1,0,70,75,2
1,3,1,1,3,1,1,2,22,32,86,0,1,60,69,1
1,1,1,1,20,1,1,1,23,32,86,0,0,70,75,2
0,0,0,1,10,1,1,0,27,14,87,1,1,72,85,1
0,1,0,1,3,0,1,2,27,14,87,1,1,73,58,0
0,0,1,1,14,1,0,2,18,23,74,0,0,56,69,2
0,3,1,1,9,0,0,0,27,23,74,0,0,66,90,2
0,3,1,1,5,0,0,2,24,23,74,0,1,53,55,2
0,0,0,1,14,1,1,2,18,23,74,1,0,56,69,2
0,3,0,1,9,0,1,0,27,23,74,1,0,66,90,2
0,3,0,1,5,0,1,2,24,23,74,1,1,53,55,2
0,0,0,1,14,1,2,2,18,23,74,1,0,56,69,2
0,3,0,1,9,0,2,0,27,23,74,1,0,66,90,2
0,3,0,1,5,0,2,2,24,23,74,1,1,53,55,2
0,0,1,1,14,1,2,2,18,23,74,1,0,56,69,2
0,3,1,1,9,0,2,0,27,23,74,1,0,66,90,2
0,3,1,1,5,0,2,2,24,23,74,1,1,53,55,2
1,1,0,1,3,1,1,0,25,19,96,2,0,64,96,1
1,1,1,1,3,1,0,0,25,19,96,2,0,64,96,1
1,1,0,1,3,1,1,0,25,19,96,1,0,64,96,1
1,1,1,1,3,1,2,0,25,19,96,1,0,64,96,1
1,1,1,0,3,1,0,0,25,19,96,1,0,64,96,1
1,1,1,1,3,1,1,0,25,19,96,1,0,64,96,1
1,1,1,1,3,1,1,0,25,19,96,2,0,64,96,1
1,1,0,1,3,1,1,0,29,26,72,2,1,75,97,2
1,1,0,1,10,0,1,2,28,26,72,2,1,77,65,1
1,1,1,1,3,1,1,0,29,26,72,1,1,75,97,2
1,1,1,1,10,0,1,2,28,26,72,1,1,77,65,1
1,1,0,1,3,1,2,0,29,26,72,1,1,75,97,2
1,1,0,1,10,0,2,2,28,26,72,1,1,77,65,1
1,1,0,0,3,1,1,0,29,26,72,1,1,75,97,2
1,1,0,0,10,0,1,2,28,26,72,1,1,77,65,1
0,0,1,1,3,1,1,0,24,36,64,1,1,87,99,1
0,3,1,1,20,1,1,2,26,36,64,1,1,56,61,2
0,3,1,1,10,0,1,0,26,36,64,1,1,63,95,0
0,2,1,1,14,0,1,0,23,36,64,1,1,70,92,2
1,1,0,1,5,1,2,3,21,22,66,1,1,86,40,0
1,1,0,1,1,1,2,2,20,22,66,1,1,84,59,2
1,1,0,1,5,1,1,3,21,22,66,2,1,86,40,0
1,1,0,1,1,1,1,2,20,22,66,2,1,84,59,2
1,1,1,1,5,1,0,3,21,22,66,1,1,86,40,0
1,1,1,1,1,1,0,2,20,22,66,1,1,84,59,2
1,1,1,1,0,1,2,0,19,22,91,0,1,60,94,1
1,1,1,1,0,1,1,0,19,22,91,1,1,60,94,1
1,1,0,1,0,1,2,0,19,22,91,1,1,60,94,1
1,1,1,1,0,1,2,0,19,22,91,1,1,60,94,1
1,1,0,1,0,1,0,0,19,22,91,1,1,60,94,1
1,3,0,1,13,1,1,1,19,18,85,0,1,65,79,0
1,2,0,1,5,1,1,1,21,18,85,0,1,85,71,1
1,3,1,1,13,1,0,1,19,18,85,2,1,65,79,0
1,2,1,1,5,1,0,1,21,18,85,2,1,85,71,1
1,3,0,1,13,1,2,1,19,18,85,1,1,65,79,0
1,2,0,1,5,1,2,1,21,18,85,1,1,85,71,1
1,3,1,1,13,1,1,1,19,18,85,1,1,65,79,0
1,2,1,1,5,1,1,1,21,18,85,1,1,85,71,1
1,3,0,1,13,1,1,1,19,18,85,1,1,65,79,0
1,2,0,1,5,1,1,1,21,18,85,1,1,85,71,1
1,3,1,1,13,1,1,1,19,18,85,0,1,65,79,0
1,2,1,1,5,1,1,1,21,18,85,0,1,85,71,1
0,2,0,1,9,1,1,1,18,21,69,2,1,81,72,1
0,2,1,1,9,1,1,1,18,21,69,1,1,81,72,1
1,2,0,1,9,0,2,2,28,28,92,2,1,55,56,0
1,2,0,1,20,1,2,2,19,28,92,2,1,76,56,2
1,1,0,1,19,1,2,2,27,28,92,2,1,70,57,1
1,3,0,1,8,1,2,3,29,28,92,2,1,56,46,2
1,3,0,1,11,1,2,1,23,7,96,1,1,93,71,2
1,2,0,1,1,0,2,3,28,7,96,1,0,73,40,1
1,3,0,1,11,1,0,1,23,7,96,1,1,93,71,2
1,2,0,1,1,0,0,3,28,7,96,1,0,73,40,1
0,2,1,1,8,0,1,2,21,16,76,0,1,65,65,0
0,2,1,1,11,0,1,3,20,16,76,0,0,52,43,1
0,1,1,1,14,1,1,2,25,16,76,0,1,68,66,2
0,2,0,1,8,0,1,2,21,16,76,0,1,65,65,0
0,2,0,1,11,0,1,3,20,16,76,0,0,52,43,1
0,1,0,1,14,1,1,2,25,16,76,0,1,68,66,2
0,2,1,1,8,0,2,2,21,16,76,2,1,65,65,0
0,2,1,1,11,0,2,3,20,16,76,2,0,52,43,1
0,1,1,1,14,1,2,2,25,16,76,2,1,68,66,2
0,2,1,1,8,0,1,2,21,16,76,1,1,65,65,0
0,2,1,1,11,0,1,3,20,16,76,1,0,52,43,1
0,1,1,1,14,1,1,2,25,16,76,1,1,68,66,2
0,2,0,1,8,0,1,2,21,16,76,1,1,65,65,0
0,2,0,1,11,0,1,3,20,16,76,1,0,52,43,1
0,1,0,1,14,1,1,2,25,16,76,1,1,68,66,2
1,3,1,1,8,0,1,1,24,28,81,0,1,94,78,0
1,1,1,1,3,1,1,3,20,28,81,0,1,93,45,1
1,3,1,1,8,0,1,1,24,28,81,2,1,94,78,0
1,1,1,1,3,1,1,3,20,28,81,2,1,93,45,1
1,3,1,1,8,0,1,1,24,28,81,1,1,94,78,0
1,1,1,1,3,1,1,3,20,28,81,1,1,93,45,1
1,3,1,1,8,0,0,1,24,28,81,1,1,94,78,0
1,1,1,1,3,1,0,3,20,28,81,1,1,93,45,1
1,3,1,1,8,0,2,1,24,28,81,2,1,94,78,0
1,1,1,1,3,1,2,3,20,28,81,2,1,93,45,1
1,3,0,1,8,0,2,1,24,28,81,1,1,94,78,0
1,1,0,1,3,1,2,3,20,28,81,1,1,93,45,1
0,3,1,1,15,1,2,1,28,14,78,0,0,82,70,1
0,3,1,1,15,1,1,1,28,14,78,1,0,82,70,1
0,3,1,1,15,1,1,1,28,14,78,2,0,82,70,1
0,3,1,1,15,1,2,1,28,14,78,1,0,82,70,1
0,3,0,1,15,1,1,1,28,14,78,0,0,82,70,1
1,1,1,1,16,1,1,3,19,25,81,0,1,70,41,2
1,2,1,1,2,1,1,1,25,25,81,0,1,86,76,2
1,2,1,1,14,1,1,3,21,25,81,0,1,50,47,1
1,3,1,1,1,0,1,0,25,25,81,0,1,76,96,1
1,0,1,1,6,1,1,0,23,25,81,0,1,77,88,2
1,1,1,1,16,1,0,3,19,25,81,0,1,70,41,2
1,2,1,1,2,1,0,1,25,25,81,0,1,86,76,2
1,2,1,1,14,1,0,3,21,25,81,0,1,50,47,1
1,3,1,1,1,0,0,0,25,25,81,0,1,76,96,1
1,0,1,1,6,1,0,0,23,25,81,0,1,77,88,2
1,1,0,1,16,1,1,3,19,25,81,1,1,70,41,2
1,2,0,1,2,1,1,1,25,25,81,1,1,86,76,2
1,2,0,1,14,1,1,3,21,25,81,1,1,50,47,1
1,3,0,1,1,0,1,0,25,25,81,1,1,76,96,1
1,0,0,1,6,1,1,0,23,25,81,1,1,77,88,2
1,1,1,1,16,1,0,3,19,25,81,1,1,70,41,2
1,2,1,1,2,1,0,1,25,25,81,1,1,86,76,2
1,2,1,1,14,1,0,3,21,25,81,1,1,50,47,1
1,3,1,1,1,0,0,0,25,25,81,1,1,76,96,1
1,0,1,1,6,1,0,0,23,25,81,1,1,77,88,2
0,1,1,0,20,1,1,3,20,19,70,2,1,90,47,0
0,1,1,1,20,1,1,3,20,19,70,1,1,90,47,0
0,1,0,1,20,1,2,3,20,19,70,1,1,90,47,0
0,0,1,1,8,1,0,2,26,18,62,1,1,70,55,1
0,3,1,1,10,1,0,1,19,18,62,1,0,65,70,2
0,0,1,1,13,1,0,0,18,18,62,1,0,63,97,2
0,1,1,1,4,1,0,2,28,18,62,1,0,86,65,2
0,0,1,1,8,1,1,2,26,18,62,1,1,70,55,1
0,3,1,1,10,1,1,1,19,18,62,1,0,65,70,2
0,0,1,1,13,1,1,0,18,18,62,1,0,63,97,2
0,1,1,1,4,1,1,2,28,18,62,1,0,86,65,2
0,0,1,1,8,1,2,2,26,18,62,1,1,70,55,1
0,3,1,1,10,1,2,1,19,18,62,1,0,65,70,2
0,0,1,1,13,1,2,0,18,18,62,1,0,63,97,2
0,1,1,1,4,1,2,2,28,18,62,1,0,86,65,2
0,2,1,1,0,0,1,2,27,18,86,1,0,65,65,0
0,0,1,1,4,0,1,0,19,18,86,1,1,83,96,2
0,2,1,1,0,0,0,2,27,18,86,0,0,65,65,0
0,0,1,1,4,0,0,0,19,18,86,0,1,83,96,2
0,3,1,1,19,0,1,0,29,27,87,0,0,100,90,2
0,1,1,1,2,1,1,1,25,27,87,0,0,91,79,1
0,0,1,1,19,1,1,3,24,27,87,0,1,87,42,0
0,3,0,1,19,0,1,0,29,27,87,1,0,100,90,2
0,1,0,1,2,1,1,1,25,27,87,1,0,91,79,1
0,0,0,1,19,1,1,3,24,27,87,1,1,87,42,0
0,1,0,1,14,0,1,3,24,13,99,0,1,64,45,2
0,1,1,1,14,0,1,3,24,13,99,0,1,64,45,2
0,1,0,1,14,0,0,3,24,13,99,1,1,64,45,2
1,3,0,1,2,0,0,0,23,27,71,1,1,52,92,0
1,3,1,1,2,0,1,0,23,27,71,1,1,52,92,0
1,3,1,1,2,0,2,0,23,27,71,1,1,52,92,0
1,2,1,1,7,1,1,1,29,24,84,1,0,70,76,2
1,2,1,1,18,1,1,1,29,24,84,1,1,53,79,0
1,2,0,1,7,1,2,1,29,24,84,1,0,70,76,2
1,2,0,1,18,1,2,1,29,24,84,1,1,53,79,0
1,2,0,1,7,1,1,1,29,24,84,1,0,70,76,2
1,2,0,1,18,1,1,1,29,24,84,1,1,53,79,0
0,2,1,1,17,0,1,2,26,16,77,2,1,97,65,2
0,3,1,1,18,1,1,2,20,16,77,2,1,57,56,0
0,0,1,1,10,0,1,0,27,16,77,2,1,60,90,1
0,2,1,1,17,0,2,2,26,16,77,0,1,97,65,2
0,3,1,1,18,1,2,2,20,16,77,0,1,57,56,0
0,0,1,1,10,0,2,0,27,16,77,0,1,60,90,1
0,2,1,1,17,0,2,2,26,16,77,1,1,97,65,2
0,3,1,1,18,1,2,2,20,16,77,1,1,57,56,0
0,0,1,1,10,0,2,0,27,16,77,1,1,60,90,1
0,2,1,1,17,0,0,2,26,16,77,0,1,97,65,2
0,3,1,1,18,1,0,2,20,16,77,0,1,57,56,0
0,0,1,1,10,0,0,0,27,16,77,0,1,60,90,1
0,2,0,1,17,0,0,2,26,16,77,1,1,97,65,2
0,3,0,1,18,1,0,2,20,16,77,1,1,57,56,0
0,0,0,1,10,0,0,0,27,16,77,1,1,60,90,1
1,2,0,1,15,0,1,1,26,22,69,0,1,61,77,0
1,2,0,1,17,0,1,3,28,22,69,0,0,80,41,2
1,2,1,1,15,0,1,1,26,22,69,0,1,61,77,0
1,2,1,1,17,0,1,3,28,22,69,0,0,80,41,2
1,2,0,1,15,0,1,1,26,22,69,1,1,61,77,0
1,2,0,1,17,0,1,3,28,22,69,1,0,80,41,2
1,2,1,1,15,0,1,1,26,22,69,1,1,61,77,0
1,2,1,1,17,0,1,3,28,22,69,1,0,80,41,2
0,3,0,1,0,1,0,3,23,27,94,1,0,99,41,1
0,2,0,1,15,1,0,1,27,27,94,1,0,84,73,2
0,1,0,1,8,1,0,0,27,27,94,1,0,72,100,0
0,0,0,1,11,0,0,1,29,27,94,1,1,100,70,2
0,2,0,1,9,1,0,1,24,27,94,1,1,56,79,0
0,0,0,1,1,0,0,1,18,27,94,1,0,81,76,2
0,3,1,1,0,1,1,3,23,27,94,1,0,99,41,1
0,2,1,1,15,1,1,1,27,27,94,1,0,84,73,2
0,1,1,1,8,1,1,0,27,27,94,1,0,72,100,0
0,0,1,1,11,0,1,1,29,27,94,1,1,100,70,2
0,2,1,1,9,1,1,1,24,27,94,1,1,56,79,0
0,0,1,1,1,0,1,1,18,27,94,1,0,81,76,2
0,3,1,1,0,1,2,3,23,27,94,0,0,99,41,1
0,2,1,1,15,1,2,1,27,27,94,0,0,84,73,2
0,1,1,1,8,1,2,0,27,27,94,0,0,72,100,0
0,0,1,1,11,0,2,1,29,27,94,0,1,100,70,2
0,2,1,1,9,1,2,1,24,27,94,0,1,56,79,0
0,0,1,1,1,0,2,1,18,27,94,0,0,81,76,2
0,3,0,1,0,1,2,3,23,27,94,2,0,99,41,1
0,2,0,1,15,1,2,1,27,27,94,2,0,84,73,2
0,1,0,1,8,1,2,0,27,27,94,2,0,72,100,0
0,0,0,1,11,0,2,1,29,27,94,2,1,100,70,2
0,2,0,1,9,1,2,1,24,27,94,2,1,56,79,0
0,0,0,1,1,0,2,1,18,27,94,2,0,81,76,2
0,0,0,1,15,0,1,0,29,31,89,1,0,89,97,2
0,1,0,1,13,1,1,0,27,31,89,1,0,91,97,1
0,1,0,1,15,0,1,2,25,31,89,1,1,54,67,1
0,0,1,1,15,0,1,0,29,31,89,1,0,89,97,2
0,1,1,1,13,1,1,0,27,31,89,1,0,91,97,1
0,1,1,1,15,0,1,2,25,31,89,1,1,54,67,1
0,1,0,1,16,0,2,1,26,27,99,1,0,76,73,1
0,1,0,1,8,1,2,1,26,27,99,1,1,82,84,2
1,1,1,1,7,1,1,2,24,7,99,1,0,76,62,2
1,0,1,1,20,1,1,1,25,7,99,1,0,61,77,2
1,3,1,1,16,1,1,0,18,7,99,1,0,71,100,0
0,3,1,1,5,0,0,1,29,25,74,0,0,83,77,0
0,3,1,1,3,0,0,0,22,25,74,0,1,76,96,1
0,3,1,1,1,1,0,1,23,25,74,0,0,94,74,0
0,3,1,1,5,0,2,1,29,25,74,2,0,83,77,0
0,3,1,1,3,0,2,0,22,25,74,2,1,76,96,1
0,3,1,1,1,1,2,1,23,25,74,2,0,94,74,0
0,3,1,1,5,0,1,1,29,25,74,1,0,83,77,0
0,3,1,1,3,0,1,0,22,25,74,1,1,76,96,1
0,3,1,1,1,1,1,1,23,25,74,1,0,94,74,0
1,3,1,1,15,1,0,3,20,18,61,0,1,88,46,1
1,3,0,1,15,1,0,3,20,18,61,0,1,88,46,1
1,3,1,1,15,1,1,3,20,18,61,1,1,88,46,1
0,0,0,1,19,0,0,2,22,27,67,0,1,92,55,0
0,2,0,1,2,1,0,3,29,27,67,0,0,80,40,0
0,0,0,1,3,1,0,2,22,27,67,0,1,92,69,0
0,0,1,1,19,0,2,2,22,27,67,2,1,92,55,0
0,2,1,1,2,1,2,3,29,27,67,2,0,80,40,0
0,0,1,1,3,1,2,2,22,27,67,2,1,92,69,0
0,0,1,1,19,0,1,2,22,27,67,1,1,92,55,0
0,2,1,1,2,1,1,3,29,27,67,1,0,80,40,0
0,0,1,1,3,1,1,2,22,27,67,1,1,92,69,0
1,3,0,1,19,1,2,2,27,31,90,0,1,92,66,2
1,3,0,1,5,1,1,0,21,19,61,0,0,59,85,2
1,3,0,1,3,1,1,0,29,19,61,0,1,54,100,1
1,3,1,1,5,1,2,0,21,19,61,0,0,59,85,2
1,3,1,1,3,1,2,0,29,19,61,0,1,54,100,1
1,3,1,1,5,1,2,0,21,19,61,2,0,59,85,2
1,3,1,1,3,1,2,0,29,19,61,2,1,54,100,1
1,3,0,1,5,1,1,0,21,19,61,1,0,59,85,2
1,3,0,1,3,1,1,0,29,19,61,1,1,54,100,1
1,3,0,1,5,1,2,0,21,19,61,0,0,59,85,2
1,3,0,1,3,1,2,0,29,19,61,0,1,54,100,1
0,3,1,1,19,1,1,2,29,18,70,0,1,53,55,2
0,3,1,1,8,1,1,0,27,18,70,0,1,81,88,2
0,3,0,1,19,1,0,2,29,18,70,1,1,53,55,2
0,3,0,1,8,1,0,0,27,18,70,1,1,81,88,2
0,3,0,1,19,1,1,2,29,18,70,1,1,53,55,2
0,3,0,1,8,1,1,0,27,18,70,1,1,81,88,2
1,0,0,1,8,0,1,3,19,18,89,0,0,54,54,1
1,0,0,1,8,0,0,3,19,18,89,2,0,54,54,1
1,0,1,1,8,0,2,3,19,18,89,0,0,54,54,1
1,0,0,1,8,0,1,3,19,18,89,1,0,54,54,1
1,3,0,1,1,1,1,3,26,10,93,1,0,73,45,2
1,3,0,1,9,1,1,2,26,10,93,1,1,82,66,0
0,0,1,1,4,1,2,1,20,26,84,1,0,79,75,0
0,3,1,1,9,1,2,3,22,26,84,1,1,63,49,2
0,2,1,1,1,1,2,0,26,26,84,1,0,75,94,2
0,0,1,0,4,1,1,1,20,26,84,1,0,79,75,0
0,3,1,0,9,1,1,3,22,26,84,1,1,63,49,2
0,2,1,0,1,1,1,0,26,26,84,1,0,75,94,2
1,0,0,1,3,1,1,2,18,30,87,1,1,66,56,2
1,0,1,1,3,1,2,2,18,30,87,0,1,66,56,2
1,0,1,1,3,1,1,2,18,30,87,2,1,66,56,2
1,0,0,1,3,1,1,2,18,30,87,0,1,66,56,2
1,0,1,1,3,1,1,2,18,30,87,0,1,66,56,2
1,3,0,1,19,0,0,3,19,19,100,2,0,84,44,2
1,3,1,1,19,0,0,3,19,19,100,2,0,84,44,2
1,3,1,1,19,0,2,3,19,19,100,1,0,84,44,2
1,3,1,1,19,0,2,3,19,19,100,2,0,84,44,2
1,3,1,1,19,0,0,3,19,19,100,0,0,84,44,2
0,2,1,0,14,1,2,2,24,19,69,1,1,78,63,2
0,2,1,0,15,1,2,0,19,19,69,1,0,79,100,2
0,2,0,1,14,1,0,2,24,19,69,1,1,78,63,2
0,2,0,1,15,1,0,0,19,19,69,1,0,79,100,2
0,2,1,1,14,1,0,2,24,19,69,1,1,78,63,2
0,2,1,1,15,1,0,0,19,19,69,1,0,79,100,2
0,2,1,1,14,1,1,2,24,19,69,0,1,78,63,2
0,2,1,1,15,1,1,0,19,19,69,0,0,79,100,2
0,2,1,1,14,1,1,2,24,19,69,1,1,78,63,2
0,2,1,1,15,1,1,0,19,19,69,1,0,79,100,2
0,2,1,1,14,1,2,2,24,19,69,0,1,78,63,2
0,2,1,1,15,1,2,0,19,19,69,0,0,79,100,2
1,0,1,1,9,0,0,1,25,27,78,1,0,82,84,1
1,0,1,1,11,1,0,3,29,27,78,1,1,88,43,2
1,3,1,1,16,1,0,2,23,27,78,1,1,65,55,1
1,0,0,1,9,0,1,1,25,27,78,1,0,82,84,1
1,0,0,1,11,1,1,3,29,27,78,1,1,88,43,2
1,3,0,1,16,1,1,2,23,27,78,1,1,65,55,1
1,0,1,1,9,0,1,1,25,27,78,2,0,82,84,1
1,0,1,1,11,1,1,3,29,27,78,2,1,88,43,2
1,3,1,1,16,1,1,2,23,27,78,2,1,65,55,1
1,0,0,1,9,0,1,1,25,27,78,0,0,82,84,1
1,0,0,1,11,1,1,3,29,27,78,0,1,88,43,2
1,3,0,1,16,1,1,2,23,27,78,0,1,65,55,1
1,0,0,1,9,0,2,1,25,27,78,1,0,82,84,1
1,0,0,1,11,1,2,3,29,27,78,1,1,88,43,2
1,3,0,1,16,1,2,2,23,27,78,1,1,65,55,1
1,0,1,1,9,0,1,1,25,27,78,0,0,82,84,1
1,0,1,1,11,1,1,3,29,27,78,0,1,88,43,2
1,3,1,1,16,1,1,2,23,27,78,0,1,65,55,1
0,3,1,1,11,1,1,3,26,14,62,1,0,53,48,1
0,0,1,1,16,1,1,0,23,14,62,1,0,92,91,2
0,3,1,1,11,1,2,3,26,14,62,1,0,53,48,1
0,0,1,1,16,1,2,0,23,14,62,1,0,92,91,2
0,3,1,1,11,1,2,3,26,14,62,0,0,53,48,1
0,0,1,1,16,1,2,0,23,14,62,0,0,92,91,2
0,0,0,1,5,0,1,1,28,21,61,1,1,52,70,1
0,1,0,1,6,1,1,1,27,21,61,1,0,76,80,0
0,0,1,1,5,0,1,1,28,21,61,0,1,52,70,1
0,1,1,1,6,1,1,1,27,21,61,0,0,76,80,0
0,0,1,0,5,0,1,1,28,21,61,2,1,52,70,1
0,1,1,0,6,1,1,1,27,21,61,2,0,76,80,0
1,2,0,1,2,1,1,1,19,23,86,1,1,64,79,1
1,2,1,1,2,1,1,1,19,23,86,1,1,64,79,1
0,2,0,0,15,0,2,1,29,26,82,1,0,67,78,1
0,1,0,0,0,1,2,3,18,26,82,1,0,50,46,0
0,2,1,1,15,0,0,1,29,26,82,2,0,67,78,1
0,1,1,1,0,1,0,3,18,26,82,2,0,50,46,0
0,2,0,1,15,0,0,1,29,26,82,1,0,67,78,1
0,1,0,1,0,1,0,3,18,26,82,1,0,50,46,0
0,0,1,1,4,1,2,1,27,24,79,1,1,71,74,2
0,3,1,1,19,1,2,2,22,24,79,1,1,92,69,2
0,2,1,1,4,1,2,1,21,24,79,1,1,71,74,1
0,0,0,1,4,1,0,1,27,24,79,0,1,71,74,2
0,3,0,1,19,1,0,2,22,24,79,0,1,92,69,2
0,2,0,1,4,1,0,1,21,24,79,0,1,71,74,1
0,3,1,1,11,1,1,2,25,9,76,1,1,99,68,2
0,3,1,1,0,1,1,3,29,9,76,1,0,81,52,1
0,3,1,1,18,0,1,3,25,9,76,1,0,52,47,2
0,1,0,0,19,0,2,0,29,23,85,2,1,57,89,1
0,1,0,0,5,1,2,2,24,23,85,2,0,71,69,1
0,1,1,1,19,0,2,0,29,23,85,2,1,57,89,1
0,1,1,1,5,1,2,2,24,23,85,2,0,71,69,1
0,1,1,1,19,0,1,0,29,23,85,0,1,57,89,1
0,1,1,1,5,1,1,2,24,23,85,0,0,71,69,1
0,1,1,1,19,0,0,0,29,23,85,2,1,57,89,1
0,1,1,1,5,1,0,2,24,23,85,2,0,71,69,1
0,1,1,1,19,0,1,0,29,23,85,2,1,57,89,1
0,1,1,1,5,1,1,2,24,23,85,2,0,71,69,1
0,1,0,1,19,0,0,0,29,23,85,0,1,57,89,1
0,1,0,1,5,1,0,2,24,23,85,0,0,71,69,1
0,0,0,1,20,1,1,1,18,30,94,1,0,87,80,2
0,1,0,1,13,0,1,2,29,30,94,1,1,93,61,1
0,0,1,1,20,1,1,1,18,30,94,0,0,87,80,2
0,1,1,1,13,0,1,2,29,30,94,0,1,93,61,1
0,0,0,0,20,1,0,1,18,30,94,0,0,87,80,2
0,1,0,0,13,0,0,2,29,30,94,0,1,93,61,1
1,0,1,1,4,1,1,0,19,28,76,1,1,99,97,0
1,2,1,1,0,1,1,2,20,28,76,1,0,85,68,2
1,0,1,1,4,1,1,0,19,28,76,2,1,99,97,0
1,2,1,1,0,1,1,2,20,28,76,2,0,85,68,2
1,0,0,1,4,1,1,0,19,28,76,1,1,99,97,0
1,2,0,1,0,1,1,2,20,28,76,1,0,85,68,2
1,0,1,1,4,1,2,0,19,28,76,2,1,99,97,0
1,2,1,1,0,1,2,2,20,28,76,2,0,85,68,2
1,0,0,1,4,1,0,0,19,28,76,2,1,99,97,0
1,2,0,1,0,1,0,2,20,28,76,2,0,85,68,2
0,1,1,1,15,0,1,1,23,30,96,1,1,69,74,1
0,1,1,1,16,0,1,3,18,30,96,1,0,60,45,2
0,2,1,1,18,1,1,0,27,30,96,1,1,61,88,2
1,0,1,1,10,0,2,2,24,33,69,1,1,59,62,1
1,3,1,1,2,0,2,3,27,33,69,1,0,85,45,2
0,1,0,1,6,1,1,0,18,16,97,1,1,60,93,1
0,1,0,1,16,0,1,1,24,16,97,1,1,53,74,1
0,0,0,1,3,1,1,2,24,16,97,1,1,97,61,2
0,1,0,0,6,1,1,0,18,16,97,0,1,60,93,1
0,1,0,0,16,0,1,1,24,16,97,0,1,53,74,1
0,0,0,0,3,1,1,2,24,16,97,0,1,97,61,2
0,3,0,1,2,0,1,1,21,12,65,1,1,54,80,1
0,3,0,1,17,1,1,3,27,12,65,1,0,67,54,1
0,3,1,1,2,0,2,1,21,12,65,1,1,54,80,1
0,3,1,1,17,1,2,3,27,12,65,1,0,67,54,1
0,3,1,1,2,0,1,1,21,12,65,1,1,54,80,1
0,3,1,1,17,1,1,3,27,12,65,1,0,67,54,1
0,3,1,1,2,0,0,1,21,12,65,1,1,54,80,1
0,3,1,1,17,1,0,3,27,12,65,1,0,67,54,1
0,1,1,1,18,1,0,0,19,16,78,2,1,91,93,0
0,3,1,1,16,1,0,3,20,16,78,2,1,56,50,2
0,1,0,1,18,1,2,0,19,16,78,0,1,91,93,0
0,3,0,1,16,1,2,3,20,16,78,0,1,56,50,2
0,1,0,1,18,1,2,0,19,16,78,1,1,91,93,0
0,3,0,1,16,1,2,3,20,16,78,1,1,56,50,2
0,1,0,1,18,1,1,0,19,16,78,2,1,91,93,0
0,3,0,1,16,1,1,3,20,16,78,2,1,56,50,2
0,1,1,1,18,1,1,0,19,16,78,1,1,91,93,0
0,3,1,1,16,1,1,3,20,16,78,1,1,56,50,2
0,0,1,1,4,1,2,0,21,12,81,0,1,67,88,0
0,0,0,1,4,1,2,0,21,12,81,0,1,67,88,0
0,1,0,1,3,0,1,0,24,9,87,1,0,88,95,2
0,2,0,1,8,1,1,3,26,9,87,1,0,86,41,1
0,1,0,1,6,1,1,0,27,9,87,1,0,87,92,1
0,0,0,1,11,1,1,2,28,9,87,1,1,79,65,1
0,1,0,1,9,1,1,1,23,9,87,1,0,56,83,2
0,1,1,1,3,0,1,0,24,9,87,1,0,88,95,2
0,2,1,1,8,1,1,3,26,9,87,1,0,86,41,1
0,1,1,1,6,1,1,0,27,9,87,1,0,87,92,1
0,0,1,1,11,1,1,2,28,9,87,1,1,79,65,1
0,1,1,1,9,1,1,1,23,9,87,1,0,56,83,2
1,2,0,1,18,1,2,3,24,21,86,1,0,96,42,2
1,1,0,1,11,1,2,2,24,21,86,1,1,93,62,1
1,3,0,1,17,1,2,2,28,21,86,1,1,59,64,2
1,2,0,1,10,1,2,1,27,21,86,1,0,97,78,0
1,2,1,1,18,1,1,3,24,21,86,2,0,96,42,2
1,1,1,1,11,1,1,2,24,21,86,2,1,93,62,1
1,3,1,1,17,1,1,2,28,21,86,2,1,59,64,2
1,2,1,1,10,1,1,1,27,21,86,2,0,97,78,0
1,2,0,1,18,1,1,3,24,21,86,1,0,96,42,2
1,1,0,1,11,1,1,2,24,21,86,1,1,93,62,1
1,3,0,1,17,1,1,2,28,21,86,1,1,59,64,2
1,2,0,1,10,1,1,1,27,21,86,1,0,97,78,0
1,2,1,1,18,1,0,3,24,21,86,2,0,96,42,2
1,1,1,1,11,1,0,2,24,21,86,2,1,93,62,1
1,3,1,1,17,1,0,2,28,21,86,2,1,59,64,2
1,2,1,1,10,1,0,1,27,21,86,2,0,97,78,0
0,2,1,1,15,1,1,3,27,18,94,1,0,72,43,0
0,2,1,1,19,1,1,2,20,18,94,1,1,87,58,2
0,2,1,1,15,1,0,3,27,18,94,1,0,72,43,0
0,2,1,1,19,1,0,2,20,18,94,1,1,87,58,2
0,2,1,1,15,1,2,3,27,18,94,1,0,72,43,0
0,2,1,1,19,1,2,2,20,18,94,1,1,87,58,2
0,2,1,1,15,1,0,3,27,18,94,0,0,72,43,0
0,2,1,1,19,1,0,2,20,18,94,0,1,87,58,2
0,2,0,1,15,1,0,3,27,18,94,2,0,72,43,0
0,2,0,1,19,1,0,2,20,18,94,2,1,87,58,2
0,2,1,0,15,1,1,3,27,18,94,1,0,72,43,0
0,2,1,0,19,1,1,2,20,18,94,1,1,87,58,2
1,0,0,1,10,1,1,1,18,31,85,1,1,59,79,2
1,0,0,1,17,1,1,1,27,31,85,1,0,90,70,2
1,0,0,1,9,1,1,0,24,31,85,1,0,83,99,1
1,3,0,1,2,1,1,3,21,31,85,1,1,82,41,0
0,1,1,1,3,0,1,2,23,16,61,0,1,51,65,2
0,3,1,1,1,1,1,3,24,16,61,0,0,91,50,2
0,1,0,1,3,0,1,2,23,16,61,0,1,51,65,2
0,3,0,1,1,1,1,3,24,16,61,0,0,91,50,2
0,1,1,1,3,0,2,2,23,16,61,1,1,51,65,2
0,3,1,1,1,1,2,3,24,16,61,1,0,91,50,2
0,1,1,1,3,0,1,2,23,16,61,1,1,51,65,2
0,3,1,1,1,1,1,3,24,16,61,1,0,91,50,2
0,1,0,1,3,0,0,2,23,16,61,1,1,51,65,2
0,3,0,1,1,1,0,3,24,16,61,1,0,91,50,2
1,1,0,1,3,1,2,1,22,11,96,2,0,50,74,2
1,3,0,1,1,1,2,1,27,11,96,2,0,100,82,1
1,1,0,1,14,1,2,0,18,11,96,2,0,88,98,2
1,2,0,1,1,1,2,2,27,11,96,2,0,53,67,0
1,2,0,1,5,0,2,3,27,11,96,2,0,81,44,1
1,1,0,1,3,1,2,1,22,11,96,1,0,50,74,2
1,3,0,1,1,1,2,1,27,11,96,1,0,100,82,1
1,1,0,1,14,1,2,0,18,11,96,1,0,88,98,2
1,2,0,1,1,1,2,2,27,11,96,1,0,53,67,0
1,2,0,1,5,0,2,3,27,11,96,1,0,81,44,1
0,0,1,1,16,1,1,2,28,9,69,2,0,83,64,2
0,3,1,1,10,1,1,2,21,9,69,2,0,58,64,2
0,3,0,1,13,1,2,3,24,10,97,2,1,63,42,1
0,1,0,1,8,1,2,1,24,10,97,2,1,66,75,0
0,3,0,1,13,1,1,3,24,10,97,1,1,63,42,1
0,1,0,1,8,1,1,1,24,10,97,1,1,66,75,0
1,2,0,1,5,1,0,3,20,30,72,1,1,78,50,0
1,2,0,1,5,1,1,3,20,30,72,1,1,78,50,0
1,2,0,1,14,1,1,0,18,7,92,2,1,58,91,2
0,2,1,1,16,0,2,2,18,19,65,0,1,75,60,2
0,2,1,1,16,0,2,2,18,19,65,1,1,75,60,2
0,2,1,0,16,0,2,2,18,19,65,1,1,75,60,2
0,2,0,1,16,0,1,2,18,19,65,0,1,75,60,2
0,2,1,1,16,0,0,2,18,19,65,2,1,75,60,2
0,2,0,1,16,0,2,2,18,19,65,0,1,75,60,2
0,2,0,1,16,0,2,2,18,19,65,1,1,75,60,2
1,2,0,1,20,1,1,0,24,24,87,2,1,77,87,0
1,1,0,1,2,0,1,3,27,24,87,2,0,98,47,2
1,1,0,1,8,1,1,3,25,24,87,2,1,74,40,2
1,1,0,1,14,1,1,3,20,26,99,2,1,73,40,2
1,0,0,1,7,1,1,0,25,26,99,2,1,50,95,2
1,1,1,1,14,1,1,3,20,26,99,1,1,73,40,2
1,0,1,1,7,1,1,0,25,26,99,1,1,50,95,2
1,1,1,1,14,1,2,3,20,26,99,1,1,73,40,2
1,0,1,1,7,1,2,0,25,26,99,1,1,50,95,2
0,3,0,1,12,1,1,2,28,21,92,1,0,72,61,1
0,1,0,1,4,1,1,1,25,21,92,1,1,73,72,1
0,2,0,1,3,1,1,2,28,21,92,1,0,89,68,2
0,3,0,1,4,1,1,3,20,21,92,1,0,79,48,1
0,3,1,1,12,1,2,2,28,21,92,1,0,72,61,1
0,1,1,1,4,1,2,1,25,21,92,1,1,73,72,1
0,2,1,1,3,1,2,2,28,21,92,1,0,89,68,2
0,3,1,1,4,1,2,3,20,21,92,1,0,79,48,1
0,3,0,1,12,1,0,2,28,21,92,1,0,72,61,1
0,1,0,1,4,1,0,1,25,21,92,1,1,73,72,1
0,2,0,1,3,1,0,2,28,21,92,1,0,89,68,2
0,3,0,1,4,1,0,3,20,21,92,1,0,79,48,1
1,1,1,1,0,1,1,3,29,20,68,1,1,75,54,2
1,1,1,1,0,1,2,3,29,20,68,2,1,75,54,2
1,1,0,1,0,1,0,3,29,20,68,0,1,75,54,2
1,1,0,1,0,1,0,3,29,20,68,1,1,75,54,2
1,1,1,0,7,1,0,0,21,9,73,1,1,85,89,1
1,1,1,0,16,1,0,2,18,9,73,1,1,90,64,2
1,3,1,0,16,0,0,2,25,9,73,1,0,65,56,0
1,1,1,1,7,1,1,0,21,9,73,0,1,85,89,1
1,1,1,1,16,1,1,2,18,9,73,0,1,90,64,2
1,3,1,1,16,0,1,2,25,9,73,0,0,65,56,0
0,3,1,0,3,1,1,3,28,28,91,1,0,50,52,0
0,0,1,0,18,1,1,0,19,28,91,1,0,73,94,1
0,2,0,1,19,0,1,1,27,15,73,2,0,72,76,2
0,2,0,1,9,1,1,2,20,15,73,2,1,80,61,2
0,2,0,1,19,0,2,1,27,15,73,1,0,72,76,2
0,2,0,1,9,1,2,2,20,15,73,1,1,80,61,2
0,2,0,1,19,0,1,1,27,15,73,1,0,72,76,2
0,2,0,1,9,1,1,2,20,15,73,1,1,80,61,2
0,2,1,1,19,0,1,1,27,15,73,2,0,72,76,2
0,2,1,1,9,1,1,2,20,15,73,2,1,80,61,2
1,3,1,1,16,1,0,2,21,13,79,2,1,69,61,1
1,3,0,1,16,1,2,2,21,13,79,1,1,69,61,1
1,3,0,0,16,1,1,2,21,13,79,1,1,69,61,1
0,1,1,1,11,1,1,1,28,26,73,0,1,80,77,2
0,0,1,1,7,0,1,3,24,26,73,0,1,99,50,1
0,1,0,1,11,1,1,1,28,26,73,2,1,80,77,2
0,0,0,1,7,0,1,3,24,26,73,2,1,99,50,1
0,2,0,1,18,1,2,1,21,28,66,1,0,83,81,0
0,3,0,1,18,1,2,2,21,28,66,1,0,100,68,0
0,2,1,1,18,1,0,1,21,28,66,1,0,83,81,0
0,3,1,1,18,1,0,2,21,28,66,1,0,100,68,0
1,2,0,1,16,1,1,2,22,25,62,1,0,75,56,0
1,0,0,1,16,1,1,1,24,25,62,1,1,51,77,2
1,3,0,1,3,1,1,2,18,25,62,1,1,89,63,0
1,2,1,1,16,1,1,2,22,25,62,0,0,75,56,0
1,0,1,1,16,1,1,1,24,25,62,0,1,51,77,2
1,3,1,1,3,1,1,2,18,25,62,0,1,89,63,0
0,3,1,1,6,0,1,1,24,13,95,1,0,62,78,2
0,2,1,1,18,1,1,1,27,13,95,1,1,59,83,2
0,3,1,1,20,0,1,0,28,13,95,1,0,78,97,0
0,3,1,1,6,0,2,1,24,13,95,1,0,62,78,2
0,2,1,1,18,1,2,1,27,13,95,1,1,59,83,2
0,3,1,1,20,0,2,0,28,13,95,1,0,78,97,0
0,3,1,1,6,0,2,1,24,13,95,0,0,62,78,2
0,2,1,1,18,1,2,1,27,13,95,0,1,59,83,2
0,3,1,1,20,0,2,0,28,13,95,0,0,78,97,0
1,0,0,1,14,1,2,0,20,19,87,0,1,80,91,0
1,1,0,1,12,0,2,0,18,19,87,0,1,67,98,1
1,0,0,1,14,1,2,0,20,19,87,2,1,80,91,0
1,1,0,1,12,0,2,0,18,19,87,2,1,67,98,1
1,0,1,1,14,1,2,0,20,19,87,1,1,80,91,0
1,1,1,1,12,0,2,0,18,19,87,1,1,67,98,1
1,0,0,1,14,1,1,0,20,19,87,2,1,80,91,0
1,1,0,1,12,0,1,0,18,19,87,2,1,67,98,1
0,3,1,1,19,0,0,2,19,18,87,2,1,91,69,1
0,3,1,1,19,0,1,2,19,18,87,0,1,91,69,1
0,3,1,1,4,0,1,0,18,25,98,1,0,89,98,0
0,3,1,1,4,0,2,0,18,25,98,1,0,89,98,0
0,3,1,1,4,0,0,0,18,25,98,1,0,89,98,0
0,0,1,1,0,1,2,3,24,28,93,1,1,60,50,2
0,1,1,1,0,1,2,2,26,28,93,1,0,58,62,1
0,1,1,1,14,1,1,3,26,17,79,0,1,74,45,2
0,0,1,1,17,0,1,1,20,17,79,0,0,93,81,0
0,3,1,1,9,1,1,3,29,17,79,0,0,71,43,2
0,0,1,1,0,0,1,3,25,17,79,0,1,83,41,1
0,1,0,1,14,1,1,3,26,17,79,0,1,74,45,2
0,0,0,1,17,0,1,1,20,17,79,0,0,93,81,0
0,3,0,1,9,1,1,3,29,17,79,0,0,71,43,2
0,0,0,1,0,0,1,3,25,17,79,0,1,83,41,1
0,1,0,1,14,1,2,3,26,17,79,1,1,74,45,2
0,0,0,1,17,0,2,1,20,17,79,1,0,93,81,0
0,3,0,1,9,1,2,3,29,17,79,1,0,71,43,2
0,0,0,1,0,0,2,3,25,17,79,1,1,83,41,1
0,1,0,1,14,1,2,3,26,17,79,0,1,74,45,2
0,0,0,1,17,0,2,1,20,17,79,0,0,93,81,0
0,3,0,1,9,1,2,3,29,17,79,0,0,71,43,2
0,0,0,1,0,0,2,3,25,17,79,0,1,83,41,1
0,1,1,1,14,1,0,3,26,17,79,0,1,74,45,2
0,0,1,1,17,0,0,1,20,17,79,0,0,93,81,0
0,3,1,1,9,1,0,3,29,17,79,0,0,71,43,2
0,0,1,1,0,0,0,3,25,17,79,0,1,83,41,1
0,1,1,1,14,1,2,3,26,17,79,1,1,74,45,2
0,0,1,1,17,0,2,1,20,17,79,1,0,93,81,0
0,3,1,1,9,1,2,3,29,17,79,1,0,71,43,2
0,0,1,1,0,0,2,3,25,17,79,1,1,83,41,1
0,1,0,1,17,1,0,1,21,10,72,1,1,56,79,2
0,0,0,1,0,1,0,2,29,10,72,1,1,97,58,2
0,3,0,1,12,1,0,0,18,10,72,1,1,85,87,0
0,0,0,1,20,0,0,3,21,10,72,1,1,80,41,2
0,1,0,1,3,1,0,0,21,10,72,1,0,96,85,0
1,1,1,1,10,1,0,1,23,30,77,1,0,68,80,2
1,3,1,1,20,1,0,2,21,30,77,1,1,90,68,0
1,3,1,1,19,1,0,0,23,30,77,1,0,79,89,2
1,3,1,1,12,1,1,2,23,16,64,2,1,69,67,2
1,0,1,1,20,0,1,0,25,16,64,2,1,72,91,1
1,1,1,1,9,1,1,1,29,16,64,2,0,98,84,2
1,2,1,1,10,1,1,2,29,16,64,2,1,56,62,1
1,0,1,1,19,1,1,1,24,16,64,2,1,51,82,0
1,0,1,1,5,1,1,2,29,16,64,2,0,61,56,2
1,3,0,1,12,1,0,2,23,16,64,1,1,69,67,2
1,0,0,1,20,0,0,0,25,16,64,1,1,72,91,1
1,1,0,1,9,1,0,1,29,16,64,1,0,98,84,2
1,2,0,1,10,1,0,2,29,16,64,1,1,56,62,1
1,0,0,1,19,1,0,1,24,16,64,1,1,51,82,0
1,0,0,1,5,1,0,2,29,16,64,1,0,61,56,2
1,3,0,1,12,1,1,2,23,16,64,1,1,69,67,2
1,0,0,1,20,0,1,0,25,16,64,1,1,72,91,1
1,1,0,1,9,1,1,1,29,16,64,1,0,98,84,2
1,2,0,1,10,1,1,2,29,16,64,1,1,56,62,1
1,0,0,1,19,1,1,1,24,16,64,1,1,51,82,0
1,0,0,1,5,1,1,2,29,16,64,1,0,61,56,2
1,3,1,1,12,1,2,2,23,16,64,1,1,69,67,2
1,0,1,1,20,0,2,0,25,16,64,1,1,72,91,1
1,1,1,1,9,1,2,1,29,16,64,1,0,98,84,2
1,2,1,1,10,1,2,2,29,16,64,1,1,56,62,1
1,0,1,1,19,1,2,1,24,16,64,1,1,51,82,0
1,0,1,1,5,1,2,2,29,16,64,1,0,61,56,2
0,1,1,1,14,1,2,3,28,20,97,0,1,67,44,2
0,0,1,1,20,1,2,1,19,20,97,0,0,54,73,1
0,1,1,1,14,1,2,3,28,20,97,1,1,67,44,2
0,0,1,1,20,1,2,1,19,20,97,1,0,54,73,1
0,1,1,1,14,1,0,3,28,20,97,0,1,67,44,2
0,0,1,1,20,1,0,1,19,20,97,0,0,54,73,1
0,1,0,1,14,1,2,3,28,20,97,0,1,67,44,2
0,0,0,1,20,1,2,1,19,20,97,0,0,54,73,1
0,1,1,1,14,1,1,3,28,20,97,0,1,67,44,2
0,0,1,1,20,1,1,1,19,20,97,0,0,54,73,1
0,1,1,1,14,1,1,3,28,20,97,2,1,67,44,2
0,0,1,1,20,1,1,1,19,20,97,2,0,54,73,1
0,0,1,1,5,1,1,3,22,15,85,2,1,50,44,2
0,0,1,1,18,1,1,3,21,15,85,2,1,91,50,2
0,3,1,1,20,0,1,0,24,15,85,2,1,95,87,2
1,2,0,0,6,0,1,0,22,23,76,0,0,91,90,1
1,2,1,1,6,0,1,0,22,23,76,1,0,91,90,1
1,2,1,1,6,0,2,0,22,23,76,0,0,91,90,1
1,2,1,1,6,0,2,0,22,23,76,1,0,91,90,1
1,2,0,1,6,0,2,0,22,23,76,1,0,91,90,1
1,2,0,1,6,0,1,0,22,23,76,2,0,91,90,1
1,2,0,1,6,0,1,0,22,23,76,1,0,91,90,1
0,3,0,1,13,0,2,0,26,19,93,1,0,52,89,0
0,3,0,1,10,1,2,0,21,19,93,1,1,57,98,1
0,1,0,1,18,1,2,3,19,19,93,1,1,67,46,2
0,3,1,1,13,0,1,0,26,19,93,1,0,52,89,0
0,3,1,1,10,1,1,0,21,19,93,1,1,57,98,1
0,1,1,1,18,1,1,3,19,19,93,1,1,67,46,2
0,3,1,1,13,0,2,0,26,19,93,0,0,52,89,0
0,3,1,1,10,1,2,0,21,19,93,0,1,57,98,1
0,1,1,1,18,1,2,3,19,19,93,0,1,67,46,2
0,3,1,1,13,0,0,0,26,19,93,1,0,52,89,0
0,3,1,1,10,1,0,0,21,19,93,1,1,57,98,1
0,1,1,1,18,1,0,3,19,19,93,1,1,67,46,2
0,3,0,1,13,0,2,0,26,19,93,0,0,52,89,0
0,3,0,1,10,1,2,0,21,19,93,0,1,57,98,1
0,1,0,1,18,1,2,3,19,19,93,0,1,67,46,2
0,3,0,1,10,1,1,1,21,30,64,0,1,73,81,1
0,3,0,1,10,1,1,1,21,30,64,1,1,73,81,1
0,0,1,1,6,0,1,2,25,18,60,1,1,83,68,1
0,2,1,1,19,0,1,3,28,18,60,1,1,56,54,0
0,0,1,1,16,1,1,3,18,18,60,1,0,58,46,0
0,2,1,1,7,1,1,0,19,18,60,1,0,81,100,1
1,0,0,1,9,0,1,1,23,23,99,1,1,63,74,2
1,3,0,1,2,1,1,0,18,23,99,1,1,55,93,0
1,0,1,1,9,0,1,1,23,23,99,0,1,63,74,2
1,3,1,1,2,1,1,0,18,23,99,0,1,55,93,0
1,0,1,1,9,0,0,1,23,23,99,2,1,63,74,2
1,3,1,1,2,1,0,0,18,23,99,2,1,55,93,0
1,0,1,1,9,0,1,1,23,23,99,1,1,63,74,2
1,3,1,1,2,1,1,0,18,23,99,1,1,55,93,0
1,0,0,0,9,0,2,1,23,23,99,1,1,63,74,2
1,3,0,0,2,1,2,0,18,23,99,1,1,55,93,0
1,0,0,1,9,0,0,1,23,23,99,1,1,63,74,2
1,3,0,1,2,1,0,0,18,23,99,1,1,55,93,0
1,3,0,1,11,1,1,3,21,11,95,2,1,74,41,0
1,1,0,1,8,1,1,2,29,11,95,2,1,68,58,2
1,3,1,1,11,1,1,3,21,11,95,2,1,74,41,0
1,1,1,1,8,1,1,2,29,11,95,2,1,68,58,2
1,3,1,1,11,1,1,3,21,11,95,0,1,74,41,0
1,1,1,1,8,1,1,2,29,11,95,0,1,68,58,2
0,3,1,1,3,1,0,2,27,13,74,2,1,97,61,2
0,3,1,1,3,1,2,2,27,13,74,0,1,97,61,2
1,2,1,0,13,1,2,0,26,30,96,1,0,93,85,1
1,1,1,0,14,1,2,1,23,30,96,1,0,100,75,2
1,2,1,0,9,1,2,3,29,30,96,1,1,97,54,0
1,2,1,0,18,0,2,3,29,30,96,1,0,75,44,1
1,2,1,0,10,0,2,1,26,30,96,1,1,96,84,2
1,3,1,0,8,0,2,2,19,30,96,1,1,67,60,2
1,2,1,0,13,1,0,0,26,30,96,2,0,93,85,1
1,1,1,0,14,1,0,1,23,30,96,2,0,100,75,2
1,2,1,0,9,1,0,3,29,30,96,2,1,97,54,0
1,2,1,0,18,0,0,3,29,30,96,2,0,75,44,1
1,2,1,0,10,0,0,1,26,30,96,2,1,96,84,2
1,3,1,0,8,0,0,2,19,30,96,2,1,67,60,2
0,2,1,1,15,1,2,2,23,33,93,0,1,54,63,2
0,0,1,1,8,1,2,0,29,33,93,0,0,90,99,2
0,3,1,1,16,1,2,3,27,33,93,0,1,70,44,1
0,2,1,1,1,1,2,2,20,33,93,0,0,52,67,2
0,2,1,1,15,1,1,2,23,33,93,2,1,54,63,2
0,0,1,1,8,1,1,0,29,33,93,2,0,90,99,2
0,3,1,1,16,1,1,3,27,33,93,2,1,70,44,1
0,2,1,1,1,1,1,2,20,33,93,2,0,52,67,2
0,2,0,1,15,1,1,2,23,33,93,1,1,54,63,2
0,0,0,1,8,1,1,0,29,33,93,1,0,90,99,2
0,3,0,1,16,1,1,3,27,33,93,1,1,70,44,1
0,2,0,1,1,1,1,2,20,33,93,1,0,52,67,2
0,2,1,1,6,1,1,0,26,17,89,2,0,56,97,2
0,2,1,0,6,1,0,0,26,17,89,1,0,56,97,2
0,2,0,1,6,1,1,0,26,17,89,1,0,56,97,2
0,2,1,1,6,1,1,0,26,17,89,1,0,56,97,2
1,2,1,1,8,1,1,2,18,16,69,1,1,62,64,2
1,0,1,1,4,1,1,2,20,16,69,1,1,80,56,2
1,2,1,1,8,1,2,2,18,16,69,1,1,62,64,2
1,0,1,1,4,1,2,2,20,16,69,1,1,80,56,2
1,2,0,1,8,1,1,2,18,16,69,0,1,62,64,2
1,0,0,1,4,1,1,2,20,16,69,0,1,80,56,2
1,1,1,1,12,1,2,2,23,8,99,2,0,71,66,0
1,2,1,1,5,1,2,3,18,8,99,2,0,53,54,2
1,0,1,1,17,1,2,3,22,8,99,2,0,59,52,2
1,3,1,1,5,1,2,3,27,8,99,2,0,82,44,2
0,2,0,1,5,1,2,0,28,21,62,1,0,97,94,1
0,2,0,1,5,1,1,0,28,21,62,0,0,97,94,1
0,2,1,1,5,1,0,0,28,21,62,1,0,97,94,1
0,2,1,1,5,1,0,0,28,21,62,0,0,97,94,1
0,2,0,1,5,1,0,0,28,21,62,1,0,97,94,1
0,2,1,1,5,1,1,0,28,21,62,1,0,97,94,1
0,2,1,0,5,1,2,0,28,21,62,0,0,97,94,1
0,2,0,1,5,1,1,0,28,21,62,1,0,97,94,1
0,3,0,1,10,1,0,3,29,27,88,2,1,90,46,2
0,0,0,1,13,1,0,0,21,27,88,2,1,86,88,2
0,3,1,1,10,1,1,3,29,27,88,1,1,90,46,2
0,0,1,1,13,1,1,0,21,27,88,1,1,86,88,2
0,3,1,1,10,1,2,3,29,27,88,1,1,90,46,2
0,0,1,1,13,1,2,0,21,27,88,1,1,86,88,2
0,3,0,1,10,1,2,3,29,27,88,1,1,90,46,2
0,0,0,1,13,1,2,0,21,27,88,1,1,86,88,2
1,3,0,1,19,1,1,0,22,13,82,2,1,79,87,2
1,3,0,1,19,1,2,0,22,13,82,0,1,79,87,2
1,2,1,1,0,1,2,1,18,23,70,2,0,89,81,2
1,3,1,1,17,1,2,3,22,23,70,2,1,55,52,0
1,3,1,1,14,0,2,3,26,23,70,2,1,54,40,2
1,2,1,1,0,1,1,1,18,23,70,1,0,89,81,2
1,3,1,1,17,1,1,3,22,23,70,1,1,55,52,0
1,3,1,1,14,0,1,3,26,23,70,1,1,54,40,2
0,1,0,1,2,1,1,3,28,19,61,1,0,74,43,2
0,2,0,1,9,1,1,3,21,19,61,1,1,71,42,1
0,1,0,1,2,1,0,3,28,19,61,1,0,74,43,2
0,2,0,1,9,1,0,3,21,19,61,1,1,71,42,1
0,1,1,1,2,1,2,3,28,19,61,2,0,74,43,2
0,2,1,1,9,1,2,3,21,19,61,2,1,71,42,1
0,1,1,0,2,1,0,3,28,19,61,0,0,74,43,2
0,2,1,0,9,1,0,3,21,19,61,0,1,71,42,1
0,1,1,0,2,1,1,3,28,19,61,0,0,74,43,2
0,2,1,0,9,1,1,3,21,19,61,0,1,71,42,1
0,1,0,1,2,1,1,3,28,19,61,0,0,74,43,2
0,2,0,1,9,1,1,3,21,19,61,0,1,71,42,1
1,1,1,1,17,1,1,0,26,36,68,2,1,67,88,0
1,1,1,1,0,0,1,2,21,36,68,2,0,77,61,0
1,2,1,1,17,1,1,2,21,36,68,2,1,67,61,2
1,1,1,1,16,1,1,2,21,36,68,2,1,100,63,1
1,2,0,1,15,1,2,0,19,11,70,2,0,58,92,2
1,3,0,1,6,1,2,2,18,11,70,2,1,84,64,2
1,0,0,1,17,0,2,0,18,11,70,2,0,52,93,1
1,3,1,1,9,1,1,3,20,22,88,0,1,50,45,2
1,3,1,1,16,1,1,0,18,22,88,0,0,100,92,2
1,0,1,1,19,0,1,3,27,22,88,0,1,75,46,0
1,2,1,1,1,1,1,3,21,22,88,0,0,70,50,1
1,3,0,0,9,1,1,3,20,22,88,1,1,50,45,2
1,3,0,0,16,1,1,0,18,22,88,1,0,100,92,2
1,0,0,0,19,0,1,3,27,22,88,1,1,75,46,0
1,2,0,0,1,1,1,3,21,22,88,1,0,70,50,1
1,3,1,1,9,1,1,3,20,22,88,1,1,50,45,2
1,3,1,1,16,1,1,0,18,22,88,1,0,100,92,2
1,0,1,1,19,0,1,3,27,22,88,1,1,75,46,0
1,2,1,1,1,1,1,3,21,22,88,1,0,70,50,1
1,3,1,1,9,1,2,3,20,22,88,1,1,50,45,2
1,3,1,1,16,1,2,0,18,22,88,1,0,100,92,2
1,0,1,1,19,0,2,3,27,22,88,1,1,75,46,0
1,2,1,1,1,1,2,3,21,22,88,1,0,70,50,1
1,3,0,1,9,1,1,3,20,22,88,0,1,50,45,2
1,3,0,1,16,1,1,0,18,22,88,0,0,100,92,2
1,0,0,1,19,0,1,3,27,22,88,0,1,75,46,0
1,2,0,1,1,1,1,3,21,22,88,0,0,70,50,1
1,3,1,1,9,1,0,3,20,22,88,0,1,50,45,2
1,3,1,1,16,1,0,0,18,22,88,0,0,100,92,2
1,0,1,1,19,0,0,3,27,22,88,0,1,75,46,0
1,2,1,1,1,1,0,3,21,22,88,0,0,70,50,1
0,3,0,1,10,0,0,0,22,18,83,1,0,92,99,2
0,1,0,1,6,1,0,3,28,18,83,1,1,55,43,2
0,3,0,1,15,0,0,3,19,18,83,1,1,73,48,2
0,3,1,0,10,0,2,0,22,18,83,0,0,92,99,2
0,1,1,0,6,1,2,3,28,18,83,0,1,55,43,2
0,3,1,0,15,0,2,3,19,18,83,0,1,73,48,2
0,3,0,1,10,0,1,0,22,18,83,1,0,92,99,2
0,1,0,1,6,1,1,3,28,18,83,1,1,55,43,2
0,3,0,1,15,0,1,3,19,18,83,1,1,73,48,2
0,3,0,1,10,0,2,0,22,18,83,0,0,92,99,2
0,1,0,1,6,1,2,3,28,18,83,0,1,55,43,2
0,3,0,1,15,0,2,3,19,18,83,0,1,73,48,2
1,0,0,1,2,1,0,2,27,20,77,1,0,91,59,2
1,2,0,1,15,1,0,2,24,20,77,1,0,75,55,1
1,1,0,1,20,1,0,0,24,20,77,1,0,84,100,2
1,0,0,1,2,1,1,2,27,20,77,1,0,91,59,2
1,2,0,1,15,1,1,2,24,20,77,1,0,75,55,1
1,1,0,1,20,1,1,0,24,20,77,1,0,84,100,2
1,0,1,1,2,1,2,2,27,20,77,2,0,91,59,2
1,2,1,1,15,1,2,2,24,20,77,2,0,75,55,1
1,1,1,1,20,1,2,0,24,20,77,2,0,84,100,2
1,0,1,1,2,1,0,2,27,20,77,2,0,91,59,2
1,2,1,1,15,1,0,2,24,20,77,2,0,75,55,1
1,1,1,1,20,1,0,0,24,20,77,2,0,84,100,2
1,0,0,1,2,1,2,2,27,20,77,1,0,91,59,2
1,2,0,1,15,1,2,2,24,20,77,1,0,75,55,1
1,1,0,1,20,1,2,0,24,20,77,1,0,84,100,2
0,2,1,1,19,1,1,3,20,20,94,1,0,54,44,0
0,2,1,1,19,1,1,3,20,20,94,0,0,54,44,0
0,2,1,1,19,1,2,3,20,20,94,0,0,54,44,0
0,2,1,1,19,1,1,3,20,20,94,2,0,54,44,0
0,2,0,1,19,1,1,3,20,20,94,1,0,54,44,0
0,2,0,1,19,1,1,3,20,20,94,0,0,54,44,0
0,2,0,1,19,1,1,3,20,20,94,2,0,54,44,0
0,2,1,1,19,1,2,3,20,20,94,2,0,54,44,0
0,2,1,1,9,1,2,2,27,9,65,1,0,55,56,2
0,2,1,1,16,1,2,1,24,9,65,1,1,60,81,1
0,0,1,1,20,0,2,2,19,9,65,1,1,56,61,2
0,3,1,1,4,1,2,2,19,9,65,1,0,91,57,2
0,0,1,1,8,1,2,3,23,9,65,1,0,63,43,2
0,3,1,1,0,0,2,2,27,9,65,1,1,61,64,0
0,2,1,1,12,0,2,0,23,9,65,1,1,54,99,1
0,2,1,1,0,0,1,3,29,28,77,0,1,97,49,1
0,2,1,1,0,0,2,3,29,28,77,0,1,97,49,1
0,2,0,1,0,0,1,3,29,28,77,2,1,97,49,1
0,3,1,1,7,1,2,2,26,39,97,1,0,56,65,2
0,3,1,1,12,1,2,3,28,39,97,1,1,93,42,2
0,3,1,1,1,1,2,3,27,39,97,1,1,50,42,0
0,0,1,1,18,1,2,1,29,39,97,1,1,78,79,2
0,2,1,1,7,1,2,2,22,39,97,1,1,55,65,2
1,3,1,1,15,1,2,3,29,26,81,1,0,58,41,2
1,0,1,1,18,1,2,3,21,26,81,1,0,68,50,2
1,3,1,1,5,1,2,2,29,26,81,1,1,82,56,1
1,3,0,1,15,1,1,3,29,26,81,0,0,58,41,2
1,0,0,1,18,1,1,3,21,26,81,0,0,68,50,2
1,3,0,1,5,1,1,2,29,26,81,0,1,82,56,1
0,2,1,1,17,1,1,3,19,22,88,1,0,81,43,2
0,2,1,1,19,1,1,3,25,22,88,1,0,64,45,0
0,1,1,1,9,0,1,0,24,22,88,1,1,84,93,2
0,2,1,1,17,1,0,3,19,22,88,1,0,81,43,2
0,2,1,1,19,1,0,3,25,22,88,1,0,64,45,0
0,1,1,1,9,0,0,0,24,22,88,1,1,84,93,2
0,0,1,0,11,1,1,2,19,24,93,1,1,59,63,2
0,3,1,0,15,1,1,1,23,24,93,1,0,67,73,2
0,0,0,1,11,1,2,2,19,24,93,1,1,59,63,2
0,3,0,1,15,1,2,1,23,24,93,1,0,67,73,2
0,0,1,1,11,1,1,2,19,24,93,2,1,59,63,2
0,3,1,1,15,1,1,1,23,24,93,2,0,67,73,2
0,0,1,1,11,1,1,2,19,24,93,0,1,59,63,2
0,3,1,1,15,1,1,1,23,24,93,0,0,67,73,2
0,0,1,1,11,1,0,2,19,24,93,1,1,59,63,2
0,3,1,1,15,1,0,1,23,24,93,1,0,67,73,2
0,0,0,1,11,1,2,2,19,24,93,0,1,59,63,2
0,3,0,1,15,1,2,1,23,24,93,0,0,67,73,2
0,0,1,1,11,1,2,2,19,24,93,1,1,59,63,2
0,3,1,1,15,1,2,1,23,24,93,1,0,67,73,2
0,0,1,1,11,1,2,2,19,24,93,0,1,59,63,2
0,3,1,1,15,1,2,1,23,24,93,0,0,67,73,2
1,2,0,1,20,1,2,3,20,27,85,0,1,93,45,0
1,1,0,1,2,1,2,3,21,27,85,0,1,99,44,2
1,2,1,1,20,1,1,3,20,27,85,1,1,93,45,0
1,1,1,1,2,1,1,3,21,27,85,1,1,99,44,2
0,2,1,1,12,1,1,2,28,20,60,0,1,97,55,2
0,0,1,1,9,0,1,2,24,20,60,0,1,81,57,2
0,3,1,1,0,1,1,3,29,20,60,0,0,78,47,2
0,1,1,1,7,1,1,2,28,20,60,0,1,82,62,2
0,3,1,1,0,1,1,3,21,20,60,0,1,85,53,1
0,0,1,1,7,1,1,0,19,20,60,0,1,76,89,1
0,2,1,1,12,1,1,2,28,20,60,1,1,97,55,2
0,0,1,1,9,0,1,2,24,20,60,1,1,81,57,2
0,3,1,1,0,1,1,3,29,20,60,1,0,78,47,2
0,1,1,1,7,1,1,2,28,20,60,1,1,82,62,2
0,3,1,1,0,1,1,3,21,20,60,1,1,85,53,1
0,0,1,1,7,1,1,0,19,20,60,1,1,76,89,1
0,2,1,1,12,1,0,2,28,20,60,1,1,97,55,2
0,0,1,1,9,0,0,2,24,20,60,1,1,81,57,2
0,3,1,1,0,1,0,3,29,20,60,1,0,78,47,2
0,1,1,1,7,1,0,2,28,20,60,1,1,82,62,2
0,3,1,1,0,1,0,3,21,20,60,1,1,85,53,1
0,0,1,1,7,1,0,0,19,20,60,1,1,76,89,1
0,0,1,1,1,1,1,3,19,25,79,1,1,87,43,2
0,2,1,1,7,0,1,2,18,25,79,1,1,50,59,1
0,2,1,1,19,0,1,0,27,25,79,1,1,74,99,2
0,3,1,1,7,0,1,0,29,25,79,1,1,100,91,1
0,3,1,1,12,0,1,1,19,25,79,1,1,57,73,1
0,1,1,1,16,1,1,1,19,25,88,1,1,95,73,2
0,2,1,1,12,1,1,0,29,25,88,1,1,100,85,2
0,1,1,1,16,1,0,1,19,25,88,0,1,95,73,2
0,2,1,1,12,1,0,0,29,25,88,0,1,100,85,2
0,1,0,1,16,1,2,1,19,25,88,1,1,95,73,2
0,2,0,1,12,1,2,0,29,25,88,1,1,100,85,2
0,1,1,1,16,1,2,1,19,25,88,1,1,95,73,2
0,2,1,1,12,1,2,0,29,25,88,1,1,100,85,2
0,1,1,1,16,1,1,1,19,25,88,0,1,95,73,2
0,2,1,1,12,1,1,0,29,25,88,0,1,100,85,2
0,2,0,1,20,0,1,2,22,27,70,2,1,69,62,1
0,0,0,1,17,0,1,2,23,27,70,2,1,62,66,0
0,2,0,1,20,0,1,2,22,27,70,0,1,69,62,1
0,0,0,1,17,0,1,2,23,27,70,0,1,62,66,0
1,3,0,1,17,1,0,1,26,24,94,1,0,87,81,1
1,2,0,1,19,1,0,3,25,24,94,1,1,90,40,1
1,3,0,1,17,1,1,1,26,24,94,1,0,87,81,1
1,2,0,1,19,1,1,3,25,24,94,1,1,90,40,1
1,3,0,1,17,1,1,1,26,24,94,0,0,87,81,1
1,2,0,1,19,1,1,3,25,24,94,0,1,90,40,1
1,0,1,1,13,1,2,1,19,22,96,0,1,68,72,1
1,0,1,1,12,1,2,3,20,22,96,0,0,67,41,2
1,0,0,1,13,1,0,1,19,22,96,2,1,68,72,1
1,0,0,1,12,1,0,3,20,22,96,2,0,67,41,2
1,0,1,1,13,1,2,1,19,22,96,2,1,68,72,1
1,0,1,1,12,1,2,3,20,22,96,2,0,67,41,2
1,0,0,0,13,1,2,1,19,22,96,1,1,68,72,1
1,0,0,0,12,1,2,3,20,22,96,1,0,67,41,2
1,0,1,1,12,1,1,1,27,15,99,1,1,89,81,2
1,0,1,1,2,1,1,3,29,15,99,1,1,61,48,1
1,1,1,1,5,0,1,2,21,15,99,1,1,62,61,0
1,0,1,1,12,1,2,1,27,15,99,2,1,89,81,2
1,0,1,1,2,1,2,3,29,15,99,2,1,61,48,1
1,1,1,1,5,0,2,2,21,15,99,2,1,62,61,0
1,0,1,0,12,1,2,1,27,15,99,2,1,89,81,2
1,0,1,0,2,1,2,3,29,15,99,2,1,61,48,1
1,1,1,0,5,0,2,2,21,15,99,2,1,62,61,0
1,0,1,1,12,1,1,1,27,15,99,0,1,89,81,2
1,0,1,1,2,1,1,3,29,15,99,0,1,61,48,1
1,1,1,1,5,0,1,2,21,15,99,0,1,62,61,0
1,0,0,1,12,1,1,1,27,15,99,0,1,89,81,2
1,0,0,1,2,1,1,3,29,15,99,0,1,61,48,1
1,1,0,1,5,0,1,2,21,15,99,0,1,62,61,0
0,1,0,1,18,1,1,1,26,19,82,1,0,72,83,1
0,0,0,1,1,1,1,2,19,19,82,1,1,78,69,1
0,2,0,1,14,1,1,1,18,19,82,1,0,78,76,1
0,1,1,1,18,1,1,1,26,19,82,2,0,72,83,1
0,0,1,1,1,1,1,2,19,19,82,2,1,78,69,1
0,2,1,1,14,1,1,1,18,19,82,2,0,78,76,1
0,1,0,1,18,1,1,1,26,19,82,0,0,72,83,1
0,0,0,1,1,1,1,2,19,19,82,0,1,78,69,1
0,2,0,1,14,1,1,1,18,19,82,0,0,78,76,1
0,1,0,1,18,1,0,1,26,19,82,1,0,72,83,1
0,0,0,1,1,1,0,2,19,19,82,1,1,78,69,1
0,2,0,1,14,1,0,1,18,19,82,1,0,78,76,1
0,1,1,1,18,1,1,1,26,19,82,0,0,72,83,1
0,0,1,1,1,1,1,2,19,19,82,0,1,78,69,1
0,2,1,1,14,1,1,1,18,19,82,0,0,78,76,1
0,1,0,1,18,1,2,1,26,19,82,1,0,72,83,1
0,0,0,1,1,1,2,2,19,19,82,1,1,78,69,1
0,2,0,1,14,1,2,1,18,19,82,1,0,78,76,1
0,1,1,1,0,1,2,1,28,9,62,0,1,55,74,1
0,0,1,1,18,1,2,2,18,9,62,0,0,79,67,2
1,0,0,0,9,0,1,0,24,10,67,1,0,96,98,2
1,0,0,0,20,0,1,1,24,10,67,1,1,78,73,2
1,0,1,1,9,0,1,0,24,10,67,1,0,96,98,2
1,0,1,1,20,0,1,1,24,10,67,1,1,78,73,2
0,0,0,1,16,1,1,2,26,15,66,1,1,92,63,0
0,0,0,1,11,1,1,3,27,15,66,1,1,74,48,2
0,0,0,1,0,0,1,2,18,15,66,1,0,73,55,2
0,0,1,1,16,1,2,2,26,15,66,2,1,92,63,0
0,0,1,1,11,1,2,3,27,15,66,2,1,74,48,2
0,0,1,1,0,0,2,2,18,15,66,2,0,73,55,2
0,0,0,1,16,1,1,2,26,15,66,0,1,92,63,0
0,0,0,1,11,1,1,3,27,15,66,0,1,74,48,2
0,0,0,1,0,0,1,2,18,15,66,0,0,73,55,2
0,1,0,1,10,0,0,1,27,25,99,0,1,54,76,1
0,2,0,1,0,1,0,1,19,25,99,0,1,61,74,1
0,2,0,1,20,1,0,0,25,25,99,0,0,55,93,0
0,2,0,1,18,1,0,0,27,25,99,0,0,87,90,2
0,1,0,0,10,0,2,1,27,25,99,0,1,54,76,1
0,2,0,0,0,1,2,1,19,25,99,0,1,61,74,1
0,2,0,0,20,1,2,0,25,25,99,0,0,55,93,0
0,2,0,0,18,1,2,0,27,25,99,0,0,87,90,2
0,1,1,1,10,0,1,1,27,25,99,1,1,54,76,1
0,2,1,1,0,1,1,1,19,25,99,1,1,61,74,1
0,2,1,1,20,1,1,0,25,25,99,1,0,55,93,0
0,2,1,1,18,1,1,0,27,25,99,1,0,87,90,2
0,1,0,1,10,0,1,1,27,25,99,1,1,54,76,1
0,2,0,1,0,1,1,1,19,25,99,1,1,61,74,1
0,2,0,1,20,1,1,0,25,25,99,1,0,55,93,0
0,2,0,1,18,1,1,0,27,25,99,1,0,87,90,2
1,3,0,1,4,0,2,0,24,8,84,1,0,60,100,1
1,1,0,1,11,1,2,0,27,8,84,1,0,80,85,1
1,1,0,1,15,0,2,0,28,8,84,1,1,97,97,0
1,3,0,1,20,1,2,3,25,8,84,1,0,68,43,2
1,3,1,1,4,0,0,0,24,8,84,0,0,60,100,1
1,1,1,1,11,1,0,0,27,8,84,0,0,80,85,1
1,1,1,1,15,0,0,0,28,8,84,0,1,97,97,0
1,3,1,1,20,1,0,3,25,8,84,0,0,68,43,2
1,1,1,1,8,1,1,0,19,13,66,1,0,96,87,2
1,1,1,1,2,1,1,2,29,13,66,1,1,95,67,1
1,2,1,1,0,1,1,3,23,13,66,1,0,60,54,0
1,1,1,1,8,1,1,0,19,13,66,0,0,96,87,2
1,1,1,1,2,1,1,2,29,13,66,0,1,95,67,1
1,2,1,1,0,1,1,3,23,13,66,0,0,60,54,0
1,1,0,1,8,1,2,0,19,13,66,0,0,96,87,2
1,1,0,1,2,1,2,2,29,13,66,0,1,95,67,1
1,2,0,1,0,1,2,3,23,13,66,0,0,60,54,0
0,1,1,1,9,0,1,3,23,22,91,0,1,68,52,1
0,0,1,1,3,1,1,0,20,22,91,0,0,64,98,1
0,1,1,1,9,0,0,3,23,22,91,1,1,68,52,1
0,0,1,1,3,1,0,0,20,22,91,1,0,64,98,1
0,1,1,0,9,0,1,3,23,22,91,1,1,68,52,1
0,0,1,0,3,1,1,0,20,22,91,1,0,64,98,1
0,1,0,1,9,0,1,3,23,22,91,0,1,68,52,1
0,0,0,1,3,1,1,0,20,22,91,0,0,64,98,1
0,1,1,1,9,0,1,3,23,22,91,2,1,68,52,1
0,0,1,1,3,1,1,0,20,22,91,2,0,64,98,1
0,1,0,1,9,0,1,3,23,22,91,1,1,68,52,1
0,0,0,1,3,1,1,0,20,22,91,1,0,64,98,1
0,2,0,1,10,1,2,2,25,28,69,0,0,77,62,1
0,2,0,1,10,1,1,2,25,28,69,1,0,77,62,1
0,2,0,1,10,1,1,2,25,28,69,2,0,77,62,1
1,3,0,1,7,1,0,2,21,31,88,1,0,74,67,2
1,1,0,1,15,1,0,3,26,31,88,1,0,100,53,0
1,2,0,1,17,1,0,0,25,31,88,1,1,88,98,1
1,3,1,1,7,1,1,2,21,31,88,0,0,74,67,2
1,1,1,1,15,1,1,3,26,31,88,0,0,100,53,0
1,2,1,1,17,1,1,0,25,31,88,0,1,88,98,1
1,3,0,1,7,1,2,2,21,31,88,1,0,74,67,2
1,1,0,1,15,1,2,3,26,31,88,1,0,100,53,0
1,2,0,1,17,1,2,0,25,31,88,1,1,88,98,1
1,0,0,1,9,0,2,3,19,23,73,1,0,86,44,1
1,2,0,1,7,1,2,1,24,23,73,1,0,57,75,2
1,1,0,1,6,1,2,0,28,23,73,1,1,94,98,1
1,1,0,1,4,1,2,3,19,23,73,1,0,79,51,1
1,0,0,1,9,0,1,3,19,23,73,1,0,86,44,1
1,2,0,1,7,1,1,1,24,23,73,1,0,57,75,2
1,1,0,1,6,1,1,0,28,23,73,1,1,94,98,1
1,1,0,1,4,1,1,3,19,23,73,1,0,79,51,1
1,1,1,1,17,1,1,0,20,37,94,2,0,61,91,2
1,1,1,1,19,1,1,2,20,12,71,1,0,67,65,2
1,0,1,1,10,0,1,2,18,12,71,1,0,56,67,1
1,0,1,1,15,0,1,2,19,12,71,1,1,75,56,2
1,1,0,1,19,1,0,2,20,12,71,1,0,67,65,2
1,0,0,1,10,0,0,2,18,12,71,1,0,56,67,1
1,0,0,1,15,0,0,2,19,12,71,1,1,75,56,2
1,1,0,1,19,1,1,2,20,12,71,1,0,67,65,2
1,0,0,1,10,0,1,2,18,12,71,1,0,56,67,1
1,0,0,1,15,0,1,2,19,12,71,1,1,75,56,2
1,3,0,1,16,0,0,3,24,17,76,0,1,53,47,0
1,3,1,1,16,0,2,3,24,17,76,0,1,53,47,0
1,3,0,1,16,0,2,3,24,17,76,1,1,53,47,0
1,3,0,0,16,0,1,3,24,17,76,0,1,53,47,0
1,3,0,1,16,0,1,3,24,17,76,1,1,53,47,0
1,1,0,1,1,1,1,0,19,21,100,1,0,83,87,1
1,0,0,1,1,0,1,0,23,21,100,1,1,97,89,2
1,1,0,1,1,1,1,0,19,21,100,0,0,83,87,1
1,0,0,1,1,0,1,0,23,21,100,0,1,97,89,2
0,3,0,1,10,1,2,1,23,25,89,0,1,77,78,2
0,1,0,1,20,0,2,0,27,25,89,0,0,61,92,1
0,1,0,1,6,1,2,2,25,25,89,0,1,63,59,1
0,3,1,1,10,1,0,1,23,25,89,1,1,77,78,2
0,1,1,1,20,0,0,0,27,25,89,1,0,61,92,1
0,1,1,1,6,1,0,2,25,25,89,1,1,63,59,1
0,3,0,1,18,1,1,3,23,22,93,1,1,51,51,0
0,1,0,1,4,1,1,1,20,22,93,1,1,73,77,2
0,2,0,1,15,1,1,3,19,22,93,1,1,93,51,1
0,3,0,1,9,1,1,3,24,22,93,1,1,60,50,1
0,2,0,1,5,0,1,0,18,22,93,1,1,89,89,2
0,3,1,1,18,1,1,3,23,22,93,1,1,51,51,0
0,1,1,1,4,1,1,1,20,22,93,1,1,73,77,2
0,2,1,1,15,1,1,3,19,22,93,1,1,93,51,1
0,3,1,1,9,1,1,3,24,22,93,1,1,60,50,1
0,2,1,1,5,0,1,0,18,22,93,1,1,89,89,2
0,3,0,1,18,1,2,3,23,22,93,0,1,51,51,0
0,1,0,1,4,1,2,1,20,22,93,0,1,73,77,2
0,2,0,1,15,1,2,3,19,22,93,0,1,93,51,1
0,3,0,1,9,1,2,3,24,22,93,0,1,60,50,1
0,2,0,1,5,0,2,0,18,22,93,0,1,89,89,2
1,0,1,1,12,1,2,1,19,5,70,1,1,67,76,2
1,3,1,1,12,1,2,0,28,5,70,1,1,58,86,2
1,3,1,1,8,1,2,1,21,5,70,1,0,64,79,1
1,2,1,1,5,1,2,0,22,5,70,1,1,95,99,2
1,3,1,1,4,0,2,0,28,5,70,1,0,89,97,1
1,1,1,1,17,0,1,1,24,29,61,2,1,66,76,2
1,2,1,1,17,1,1,1,19,29,61,2,1,97,78,2
1,1,0,1,17,0,2,1,24,29,61,1,1,66,76,2
1,2,0,1,17,1,2,1,19,29,61,1,1,97,78,2
0,1,1,1,16,0,2,3,28,26,80,1,1,63,54,0
0,2,1,1,10,1,2,3,26,21,99,1,1,99,52,1
0,3,1,1,10,1,2,3,18,21,99,1,1,50,45,2
0,2,1,1,10,1,0,3,26,21,99,0,1,99,52,1
0,3,1,1,10,1,0,3,18,21,99,0,1,50,45,2
0,2,1,1,10,1,0,3,26,21,99,1,1,99,52,1
0,3,1,1,10,1,0,3,18,21,99,1,1,50,45,2
0,2,0,1,10,1,2,3,26,21,99,2,1,99,52,1
0,3,0,1,10,1,2,3,18,21,99,2,1,50,45,2
0,2,0,1,10,1,0,3,26,21,99,0,1,99,52,1
0,3,0,1,10,1,0,3,18,21,99,0,1,50,45,2
0,2,1,1,10,1,1,3,26,21,99,0,1,99,52,1
0,3,1,1,10,1,1,3,18,21,99,0,1,50,45,2
1,2,1,1,16,1,1,1,19,24,77,1,1,96,74,1
1,2,1,1,19,0,1,1,21,24,77,1,1,56,76,2
1,2,1,1,16,1,1,1,19,24,77,0,1,96,74,1
1,2,1,1,19,0,1,1,21,24,77,0,1,56,76,2
1,2,0,1,16,1,1,1,19,24,77,2,1,96,74,1
1,2,0,1,19,0,1,1,21,24,77,2,1,56,76,2
1,2,1,1,16,1,2,1,19,24,77,0,1,96,74,1
1,2,1,1,19,0,2,1,21,24,77,0,1,56,76,2
1,2,1,1,16,1,2,1,19,24,77,2,1,96,74,1
1,2,1,1,19,0,2,1,21,24,77,2,1,56,76,2
1,2,1,1,16,1,1,1,19,24,77,2,1,96,74,1
1,2,1,1,19,0,1,1,21,24,77,2,1,56,76,2
1,2,1,1,16,1,0,1,19,24,77,0,1,96,74,1
1,2,1,1,19,0,0,1,21,24,77,0,1,56,76,2
1,2,1,1,16,1,2,1,19,24,77,1,1,96,74,1
1,2,1,1,19,0,2,1,21,24,77,1,1,56,76,2
1,2,1,1,16,1,0,1,19,24,77,2,1,96,74,1
1,2,1,1,19,0,0,1,21,24,77,2,1,56,76,2
0,2,1,1,0,0,1,3,19,24,94,0,1,67,46,1
0,0,1,1,19,1,1,2,25,24,94,0,0,76,66,1
0,1,1,1,1,0,1,3,27,24,94,0,0,81,40,1
0,2,1,0,0,0,0,3,19,24,94,2,1,67,46,1
0,0,1,0,19,1,0,2,25,24,94,2,0,76,66,1
0,1,1,0,1,0,0,3,27,24,94,2,0,81,40,1
0,2,0,1,0,0,1,3,19,24,94,2,1,67,46,1
0,0,0,1,19,1,1,2,25,24,94,2,0,76,66,1
0,1,0,1,1,0,1,3,27,24,94,2,0,81,40,1
0,1,1,1,15,1,2,0,27,11,92,1,0,51,91,2
0,1,1,1,15,1,1,0,27,11,92,2,0,51,91,2
0,1,0,1,15,1,1,0,27,11,92,1,0,51,91,2
1,3,0,0,9,1,2,1,26,6,65,1,0,98,78,0
1,2,0,0,12,1,2,3,29,6,65,1,1,92,40,2
0,2,1,1,13,1,2,0,22,17,72,0,0,53,93,0
0,2,1,1,8,0,2,1,21,17,72,0,0,64,79,2
0,2,0,1,13,1,1,0,22,17,72,0,0,53,93,0
0,2,0,1,8,0,1,1,21,17,72,0,0,64,79,2
0,1,1,1,2,1,1,3,27,29,74,2,1,85,42,1
0,2,1,1,4,0,1,3,29,29,74,2,1,53,47,2
0,3,1,1,12,1,1,0,26,29,74,2,1,92,98,1
0,1,0,1,2,1,1,3,27,29,74,0,1,85,42,1
0,2,0,1,4,0,1,3,29,29,74,0,1,53,47,2
0,3,0,1,12,1,1,0,26,29,74,0,1,92,98,1
0,1,0,1,2,1,1,3,27,29,74,1,1,85,42,1
0,2,0,1,4,0,1,3,29,29,74,1,1,53,47,2
0,3,0,1,12,1,1,0,26,29,74,1,1,92,98,1
0,1,1,1,2,1,2,3,27,29,74,1,1,85,42,1
0,2,1,1,4,0,2,3,29,29,74,1,1,53,47,2
0,3,1,1,12,1,2,0,26,29,74,1,1,92,98,1
0,0,1,1,8,1,1,1,23,24,91,0,0,53,83,0
0,1,1,1,5,1,1,3,29,24,91,0,0,99,40,1
0,0,1,1,14,1,1,2,21,24,91,0,1,63,58,2
0,0,1,1,8,1,0,1,23,24,91,2,0,53,83,0
0,1,1,1,5,1,0,3,29,24,91,2,0,99,40,1
0,0,1,1,14,1,0,2,21,24,91,2,1,63,58,2
0,0,1,1,8,1,2,1,23,24,91,1,0,53,83,0
0,1,1,1,5,1,2,3,29,24,91,1,0,99,40,1
0,0,1,1,14,1,2,2,21,24,91,1,1,63,58,2
0,2,1,1,11,1,1,0,20,26,62,1,1,82,97,1
0,2,1,1,11,1,0,0,20,26,62,0,1,82,97,1
0,2,0,1,11,1,1,0,20,26,62,1,1,82,97,1
0,1,1,1,17,1,1,1,29,11,85,0,1,61,83,0
0,3,1,1,0,1,1,0,18,11,85,0,1,50,90,2
0,1,0,0,17,1,0,1,29,11,85,0,1,61,83,0
0,3,0,0,0,1,0,0,18,11,85,0,1,50,90,2
1,1,1,0,11,1,1,1,24,15,69,0,1,96,78,2
1,3,1,0,8,1,1,0,23,15,69,0,1,56,100,1
1,1,0,1,11,1,1,1,24,15,69,1,1,96,78,2
1,3,0,1,8,1,1,0,23,15,69,1,1,56,100,1
1,1,0,1,11,1,2,1,24,15,69,0,1,96,78,2
1,3,0,1,8,1,2,0,23,15,69,0,1,56,100,1
1,1,1,1,11,1,1,1,24,15,69,0,1,96,78,2
1,3,1,1,8,1,1,0,23,15,69,0,1,56,100,1
0,3,0,1,6,1,2,2,22,27,66,0,0,89,68,2
0,0,0,1,19,1,2,2,26,27,66,0,1,54,66,0
0,3,0,1,20,1,2,3,23,27,66,0,0,85,54,1
0,2,0,1,3,1,2,3,24,27,66,0,1,93,40,2
0,2,1,1,2,1,1,0,24,13,84,2,0,76,93,2
0,2,0,0,2,1,1,0,24,13,84,0,0,76,93,2
1,2,1,1,3,1,1,1,26,15,81,1,1,81,78,0
1,3,1,1,16,0,1,0,29,15,81,1,1,85,94,2
1,1,1,1,14,0,1,1,27,15,81,1,0,92,83,1
1,2,1,1,11,1,1,1,21,15,81,1,1,92,76,2
1,2,1,1,2,0,1,3,26,15,81,1,1,77,49,1
1,2,1,1,3,1,0,1,26,15,81,0,1,81,78,0
1,3,1,1,16,0,0,0,29,15,81,0,1,85,94,2
1,1,1,1,14,0,0,1,27,15,81,0,0,92,83,1
1,2,1,1,11,1,0,1,21,15,81,0,1,92,76,2
1,2,1,1,2,0,0,3,26,15,81,0,1,77,49,1
0,0,1,1,16,1,2,3,26,18,72,1,0,63,47,0
0,0,1,1,3,0,2,2,22,18,72,1,1,79,63,2
0,0,1,1,16,1,1,3,26,18,72,1,0,63,47,0
0,0,1,1,3,0,1,2,22,18,72,1,1,79,63,2
0,0,1,1,16,1,2,3,26,18,72,2,0,63,47,0
0,0,1,1,3,0,2,2,22,18,72,2,1,79,63,2
0,0,1,0,16,1,1,3,26,18,72,2,0,63,47,0
0,0,1,0,3,0,1,2,22,18,72,2,1,79,63,2
0,3,1,1,18,0,1,2,21,24,61,1,1,57,56,1
0,0,1,1,8,1,1,2,29,24,61,1,1,66,58,0
0,3,1,1,18,0,1,2,21,24,61,0,1,57,56,1
0,0,1,1,8,1,1,2,29,24,61,0,1,66,58,0
0,3,0,1,18,0,1,2,21,24,61,1,1,57,56,1
0,0,0,1,8,1,1,2,29,24,61,1,1,66,58,0
0,3,0,1,18,0,1,2,21,24,61,0,1,57,56,1
0,0,0,1,8,1,1,2,29,24,61,0,1,66,58,0
1,2,0,1,16,0,1,0,29,19,71,1,0,53,85,2
1,1,0,1,19,0,1,2,19,19,71,1,1,84,66,1
1,2,1,1,16,0,2,0,29,19,71,2,0,53,85,2
1,1,1,1,19,0,2,2,19,19,71,2,1,84,66,1
1,0,1,1,5,1,1,0,19,34,65,2,1,76,94,0
1,0,1,1,2,1,1,2,27,34,65,2,0,58,56,0
1,3,1,1,12,0,1,1,22,34,65,2,1,54,70,2
0,3,1,1,20,1,2,3,24,24,95,1,1,55,51,2
0,0,1,1,0,1,2,1,20,24,95,1,1,62,73,2
0,1,1,1,14,0,2,1,29,24,95,1,0,62,72,0
0,3,0,1,20,1,0,3,24,24,95,0,1,55,51,2
0,0,0,1,0,1,0,1,20,24,95,0,1,62,73,2
0,1,0,1,14,0,0,1,29,24,95,0,0,62,72,0
0,3,1,1,20,1,0,3,24,24,95,2,1,55,51,2
0,0,1,1,0,1,0,1,20,24,95,2,1,62,73,2
0,1,1,1,14,0,0,1,29,24,95,2,0,62,72,0
1,2,1,1,17,1,1,1,29,18,77,0,0,78,76,2
1,0,1,1,7,1,1,2,24,18,77,0,0,97,66,1
1,2,0,1,17,1,1,1,29,18,77,1,0,78,76,2
1,0,0,1,7,1,1,2,24,18,77,1,0,97,66,1
1,2,0,1,17,1,0,1,29,18,77,2,0,78,76,2
1,0,0,1,7,1,0,2,24,18,77,2,0,97,66,1
1,2,1,1,17,1,1,1,29,18,77,1,0,78,76,2
1,0,1,1,7,1,1,2,24,18,77,1,0,97,66,1
0,0,1,1,2,0,0,3,18,17,91,0,1,61,41,1
0,0,1,1,2,0,1,3,18,17,91,2,1,61,41,1
0,0,0,1,2,0,2,3,18,17,91,2,1,61,41,1
0,1,1,1,5,1,2,0,19,29,63,1,1,64,88,1
0,3,0,1,3,1,1,0,25,13,96,1,1,77,92,1
0,1,0,1,18,1,1,0,24,13,96,1,1,95,100,0
0,1,0,1,13,0,1,3,23,13,96,1,1,80,54,1
0,2,0,1,10,1,1,2,27,13,96,1,1,52,61,2
0,2,0,1,0,0,1,1,25,13,96,1,0,86,84,2
0,1,1,1,18,1,2,1,18,10,73,0,1,97,71,2
0,2,1,1,2,1,2,0,25,10,73,0,0,89,87,1
0,0,1,1,3,1,2,1,23,10,73,0,0,56,73,2
0,0,0,0,0,1,1,2,23,10,79,2,0,53,69,1
0,1,0,0,1,1,1,1,21,10,79,2,0,55,76,2
0,3,0,0,20,1,1,1,19,10,79,2,1,97,79,2
0,1,1,1,6,0,2,2,23,18,98,0,0,84,66,0
0,1,1,1,6,0,1,2,23,18,98,1,0,84,66,0
0,1,1,1,6,0,1,2,23,18,98,0,0,84,66,0
1,2,1,0,13,0,1,2,18,28,72,0,0,55,68,1
1,0,1,0,9,0,1,1,20,28,72,0,0,81,76,2
1,3,1,0,20,0,1,0,19,28,72,0,1,93,97,2
1,3,1,0,9,1,1,2,21,28,72,0,1,91,59,0
1,2,0,1,13,0,2,2,18,28,72,0,0,55,68,1
1,0,0,1,9,0,2,1,20,28,72,0,0,81,76,2
1,3,0,1,20,0,2,0,19,28,72,0,1,93,97,2
1,3,0,1,9,1,2,2,21,28,72,0,1,91,59,0
1,2,1,1,13,0,1,2,18,28,72,1,0,55,68,1
1,0,1,1,9,0,1,1,20,28,72,1,0,81,76,2
1,3,1,1,20,0,1,0,19,28,72,1,1,93,97,2
1,3,1,1,9,1,1,2,21,28,72,1,1,91,59,0
0,3,1,1,20,0,1,1,23,13,77,0,0,91,78,2
0,3,0,1,20,0,2,1,23,13,77,0,0,91,78,2
1,1,1,1,15,1,1,1,21,23,83,0,1,91,84,2
1,1,1,1,5,1,1,1,19,23,83,0,0,84,74,2
1,0,1,1,20,1,1,2,18,23,83,0,1,76,67,0
1,1,1,1,15,1,2,1,21,23,83,0,1,91,84,2
1,1,1,1,5,1,2,1,19,23,83,0,0,84,74,2
1,0,1,1,20,1,2,2,18,23,83,0,1,76,67,0
1,1,0,1,15,1,0,1,21,23,83,1,1,91,84,2
1,1,0,1,5,1,0,1,19,23,83,1,0,84,74,2
1,0,0,1,20,1,0,2,18,23,83,1,1,76,67,0
1,1,0,1,15,1,1,1,21,23,83,1,1,91,84,2
1,1,0,1,5,1,1,1,19,23,83,1,0,84,74,2
1,0,0,1,20,1,1,2,18,23,83,1,1,76,67,0
1,0,1,1,12,0,2,3,29,27,83,1,1,65,41,2
1,0,1,1,12,0,1,3,29,27,83,1,1,65,41,2
1,0,0,1,12,0,0,3,29,27,83,1,1,65,41,2
0,0,0,1,11,1,1,3,18,23,99,0,1,80,50,1
0,0,0,1,11,1,2,3,18,23,99,2,1,80,50,1
0,0,0,1,11,1,1,3,18,23,99,2,1,80,50,1
1,2,0,1,18,1,2,0,25,15,62,1,0,50,90,1
1,0,0,1,11,1,2,1,28,15,62,1,1,67,82,1
1,2,0,1,18,1,2,0,25,15,62,0,0,50,90,1
1,0,0,1,11,1,2,1,28,15,62,0,1,67,82,1
1,0,0,1,20,1,0,2,19,33,88,1,0,58,57,2
1,0,0,1,12,0,0,1,22,33,88,1,1,91,75,0
1,0,0,1,5,1,0,0,21,33,88,1,0,78,98,1
1,2,1,1,0,0,1,0,21,10,94,2,0,60,88,1
1,2,0,1,0,0,0,0,21,10,94,1,0,60,88,1
1,2,0,1,0,0,1,0,21,10,94,0,0,60,88,1
1,2,0,1,0,0,2,0,21,10,94,1,0,60,88,1
0,0,1,1,20,1,0,0,26,32,97,0,1,72,86,2
0,0,1,1,18,1,0,1,25,32,97,0,1,77,83,0
0,0,1,1,4,1,0,0,21,32,97,0,0,94,85,0
0,0,1,1,18,1,0,1,28,32,97,0,1,50,79,2
0,0,1,1,20,1,1,0,26,32,97,1,1,72,86,2
0,0,1,1,18,1,1,1,25,32,97,1,1,77,83,0
0,0,1,1,4,1,1,0,21,32,97,1,0,94,85,0
0,0,1,1,18,1,1,1,28,32,97,1,1,50,79,2
1,3,0,1,20,0,2,2,19,19,85,0,1,83,61,1
1,1,0,1,7,1,2,0,27,19,85,0,1,100,94,0
1,3,0,1,20,0,1,2,19,19,85,0,1,83,61,1
1,1,0,1,7,1,1,0,27,19,85,0,1,100,94,0
1,3,1,1,20,0,1,2,19,19,85,2,1,83,61,1
1,1,1,1,7,1,1,0,27,19,85,2,1,100,94,0
0,1,1,1,3,1,1,2,28,28,74,0,1,57,68,1
0,2,1,1,16,1,1,0,25,28,74,0,1,79,99,2
0,1,0,1,3,1,1,2,28,28,74,0,1,57,68,1
0,2,0,1,16,1,1,0,25,28,74,0,1,79,99,2
0,3,1,1,16,0,1,1,21,7,96,1,0,51,74,0
0,1,1,1,8,0,1,1,29,7,96,1,1,79,76,2
1,0,1,0,11,0,2,1,18,11,99,2,0,88,73,1
1,0,1,1,11,0,0,1,18,11,99,1,0,88,73,1
1,0,1,1,11,0,1,1,18,11,99,2,0,88,73,1
1,2,0,1,19,0,0,2,28,18,96,1,0,94,55,2
1,0,0,1,2,1,0,0,26,18,96,1,1,77,97,2
1,1,0,1,16,1,0,0,21,18,96,1,1,64,95,2
1,2,0,1,19,0,2,2,28,18,96,2,0,94,55,2
1,0,0,1,2,1,2,0,26,18,96,2,1,77,97,2
1,1,0,1,16,1,2,0,21,18,96,2,1,64,95,2
1,2,1,1,19,0,2,2,28,18,96,1,0,94,55,2
1,0,1,1,2,1,2,0,26,18,96,1,1,77,97,2
1,1,1,1,16,1,2,0,21,18,96,1,1,64,95,2
1,2,1,1,19,0,2,2,28,18,96,2,0,94,55,2
1,0,1,1,2,1,2,0,26,18,96,2,1,77,97,2
1,1,1,1,16,1,2,0,21,18,96,2,1,64,95,2
1,2,1,1,9,1,1,3,23,17,65,1,1,73,54,1
1,3,1,1,7,0,1,0,29,17,65,1,1,65,87,2
1,2,1,1,9,1,1,3,23,17,65,0,1,73,54,1
1,3,1,1,7,0,1,0,29,17,65,0,1,65,87,2
1,2,0,1,9,1,2,3,23,17,65,1,1,73,54,1
1,3,0,1,7,0,2,0,29,17,65,1,1,65,87,2
1,2,0,1,9,1,1,3,23,17,65,1,1,73,54,1
1,3,0,1,7,0,1,0,29,17,65,1,1,65,87,2
1,2,1,1,9,1,2,3,23,17,65,0,1,73,54,1
1,3,1,1,7,0,2,0,29,17,65,0,1,65,87,2
1,3,1,1,5,0,1,2,28,24,93,1,1,95,69,2
1,2,1,1,15,1,1,0,19,24,93,1,0,50,97,2
1,0,1,1,19,1,1,0,18,24,93,1,1,77,90,0
1,3,1,1,5,0,1,2,28,24,93,2,1,95,69,2
1,2,1,1,15,1,1,0,19,24,93,2,0,50,97,2
1,0,1,1,19,1,1,0,18,24,93,2,1,77,90,0
1,3,1,1,5,0,0,2,28,24,93,2,1,95,69,2
1,2,1,1,15,1,0,0,19,24,93,2,0,50,97,2
1,0,1,1,19,1,0,0,18,24,93,2,1,77,90,0
1,3,1,1,5,0,2,2,28,24,93,1,1,95,69,2
1,2,1,1,15,1,2,0,19,24,93,1,0,50,97,2
1,0,1,1,19,1,2,0,18,24,93,1,1,77,90,0
0,2,1,1,18,1,1,0,29,10,76,1,1,94,86,0
0,3,1,1,18,1,1,3,28,10,76,1,0,100,44,1
0,0,1,1,4,1,1,3,19,10,76,1,1,53,54,2
0,2,1,1,18,1,0,0,29,10,76,0,1,94,86,0
0,3,1,1,18,1,0,3,28,10,76,0,0,100,44,1
0,0,1,1,4,1,0,3,19,10,76,0,1,53,54,2
1,1,1,1,4,1,1,0,27,23,100,1,0,96,90,1
1,3,1,1,0,1,1,3,19,23,100,1,1,71,53,2
1,1,1,1,4,1,0,0,27,23,100,1,0,96,90,1
1,3,1,1,0,1,0,3,19,23,100,1,1,71,53,2
1,2,1,1,19,1,2,0,25,32,79,1,1,50,98,1
1,1,1,1,13,0,2,2,26,32,79,1,1,59,64,0
1,3,1,1,8,0,1,2,24,31,91,1,1,91,56,2
1,0,1,1,9,1,1,2,26,31,91,1,1,96,65,2
1,1,1,1,3,1,1,2,23,31,91,1,1,57,60,0
1,2,1,1,12,1,1,0,28,31,91,1,0,63,94,1
1,3,1,1,0,0,1,2,21,31,91,1,1,91,61,2
1,3,1,1,8,0,1,2,24,31,91,0,1,91,56,2
1,0,1,1,9,1,1,2,26,31,91,0,1,96,65,2
1,1,1,1,3,1,1,2,23,31,91,0,1,57,60,0
1,2,1,1,12,1,1,0,28,31,91,0,0,63,94,1
1,3,1,1,0,0,1,2,21,31,91,0,1,91,61,2
1,3,1,1,8,0,2,2,24,31,91,2,1,91,56,2
1,0,1,1,9,1,2,2,26,31,91,2,1,96,65,2
1,1,1,1,3,1,2,2,23,31,91,2,1,57,60,0
1,2,1,1,12,1,2,0,28,31,91,2,0,63,94,1
1,3,1,1,0,0,2,2,21,31,91,2,1,91,61,2
1,1,0,1,6,1,2,0,27,29,82,1,1,62,92,1
1,1,0,1,6,1,2,0,27,29,82,0,1,62,92,1
0,0,1,1,4,1,0,3,22,25,86,1,0,64,42,2
0,0,1,1,6,1,1,3,23,22,68,2,0,78,47,2
0,1,1,1,16,1,1,0,19,22,68,2,0,83,94,2
0,1,1,1,6,0,1,2,28,22,68,2,0,62,58,1
0,1,1,1,10,1,1,1,28,22,68,2,1,59,76,0
0,0,0,1,6,1,1,3,23,22,68,2,0,78,47,2
0,1,0,1,16,1,1,0,19,22,68,2,0,83,94,2
0,1,0,1,6,0,1,2,28,22,68,2,0,62,58,1
0,1,0,1,10,1,1,1,28,22,68,2,1,59,76,0
0,0,0,1,6,1,1,3,23,22,68,1,0,78,47,2
0,1,0,1,16,1,1,0,19,22,68,1,0,83,94,2
0,1,0,1,6,0,1,2,28,22,68,1,0,62,58,1
0,1,0,1,10,1,1,1,28,22,68,1,1,59,76,0
1,3,1,1,6,0,1,0,24,33,90,1,0,72,91,0
1,3,1,1,20,1,1,0,20,33,90,1,0,86,100,0
1,0,1,1,1,1,1,3,19,33,90,1,1,79,53,2
1,0,1,1,15,1,1,3,25,33,90,1,0,93,48,2
1,2,1,1,20,1,2,2,27,19,74,1,0,65,67,2
1,1,1,1,10,1,2,1,20,19,74,1,1,85,83,1
1,2,0,1,20,1,2,2,27,19,74,2,0,65,67,2
1,1,0,1,10,1,2,1,20,19,74,2,1,85,83,1
1,2,1,0,20,1,0,2,27,19,74,1,0,65,67,2
1,1,1,0,10,1,0,1,20,19,74,1,1,85,83,1
1,2,1,0,20,1,0,2,27,19,74,2,0,65,67,2
1,1,1,0,10,1,0,1,20,19,74,2,1,85,83,1
1,2,0,1,20,1,1,2,27,19,74,2,0,65,67,2
1,1,0,1,10,1,1,1,20,19,74,2,1,85,83,1
1,2,1,1,20,1,1,2,27,19,74,1,0,65,67,2
1,1,1,1,10,1,1,1,20,19,74,1,1,85,83,1
0,0,1,1,11,1,2,2,19,28,80,0,0,50,64,2
0,1,1,1,1,0,2,0,21,28,80,0,0,67,91,1
0,0,0,1,11,1,2,2,19,28,80,1,0,50,64,2
0,1,0,1,1,0,2,0,21,28,80,1,0,67,91,1
1,1,0,1,3,0,1,3,18,9,65,0,1,79,45,1
1,0,0,1,20,0,1,1,27,9,65,0,1,96,70,2
1,1,1,1,3,0,1,3,18,9,65,1,1,79,45,1
1,0,1,1,20,0,1,1,27,9,65,1,1,96,70,2
1,1,1,1,15,1,0,0,19,8,85,0,1,81,89,1
1,1,1,1,12,0,0,0,24,8,85,0,0,64,90,2
0,2,1,1,16,0,2,3,25,13,98,1,1,53,46,2
0,1,1,1,16,1,2,1,18,13,98,1,0,66,74,2
0,2,1,1,16,0,0,3,25,13,98,1,1,53,46,2
0,1,1,1,16,1,0,1,18,13,98,1,0,66,74,2
0,2,1,1,7,1,0,1,29,24,90,0,0,54,75,2
0,2,0,1,7,1,2,1,29,24,90,2,0,54,75,2
1,2,0,1,2,1,1,0,29,11,75,1,0,77,93,0
1,2,1,0,2,1,2,0,29,11,75,1,0,77,93,0
0,2,0,1,2,1,1,2,28,11,79,0,1,69,56,2
0,2,0,1,15,1,1,3,23,11,79,0,0,82,43,2
0,1,0,1,4,1,1,3,20,11,79,0,0,72,40,0
0,2,1,1,2,1,2,2,28,11,79,1,1,69,56,2
0,2,1,1,15,1,2,3,23,11,79,1,0,82,43,2
0,1,1,1,4,1,2,3,20,11,79,1,0,72,40,0
0,2,1,1,2,1,1,2,28,11,79,1,1,69,56,2
0,2,1,1,15,1,1,3,23,11,79,1,0,82,43,2
0,1,1,1,4,1,1,3,20,11,79,1,0,72,40,0
0,0,1,1,16,1,1,1,23,12,69,0,1,86,79,2
0,1,0,1,9,0,2,3,27,23,97,1,1,94,50,2
0,2,0,1,13,0,2,2,27,23,97,1,1,73,61,0
0,1,1,1,9,0,2,3,27,23,97,1,1,94,50,2
0,2,1,1,13,0,2,2,27,23,97,1,1,73,61,0
0,1,0,1,9,0,2,3,27,23,97,0,1,94,50,2
0,2,0,1,13,0,2,2,27,23,97,0,1,73,61,0
0,1,1,1,9,0,1,3,27,23,97,0,1,94,50,2
0,2,1,1,13,0,1,2,27,23,97,0,1,73,61,0
1,0,1,1,1,1,0,2,26,17,62,0,1,67,62,2
1,0,0,1,1,1,1,2,26,17,62,2,1,67,62,2
1,0,1,1,1,1,1,2,26,17,62,1,1,67,62,2
1,3,0,1,18,1,1,1,19,20,78,1,1,78,84,2
1,3,0,1,3,1,1,1,25,20,78,1,1,76,74,2
1,3,0,1,9,1,1,0,27,20,78,1,1,83,100,1
1,1,0,1,8,1,1,3,26,20,78,1,1,51,40,2
1,0,0,1,14,1,1,0,18,20,78,1,1,77,96,1
1,3,0,1,14,0,1,3,25,20,78,1,1,67,45,2
1,3,1,1,18,1,1,1,19,20,78,0,1,78,84,2
1,3,1,1,3,1,1,1,25,20,78,0,1,76,74,2
1,3,1,1,9,1,1,0,27,20,78,0,1,83,100,1
1,1,1,1,8,1,1,3,26,20,78,0,1,51,40,2
1,0,1,1,14,1,1,0,18,20,78,0,1,77,96,1
1,3,1,1,14,0,1,3,25,20,78,0,1,67,45,2
1,3,1,1,18,1,1,1,19,20,78,1,1,78,84,2
1,3,1,1,3,1,1,1,25,20,78,1,1,76,74,2
1,3,1,1,9,1,1,0,27,20,78,1,1,83,100,1
1,1,1,1,8,1,1,3,26,20,78,1,1,51,40,2
1,0,1,1,14,1,1,0,18,20,78,1,1,77,96,1
1,3,1,1,14,0,1,3,25,20,78,1,1,67,45,2
1,3,0,1,18,1,1,1,19,20,78,2,1,78,84,2
1,3,0,1,3,1,1,1,25,20,78,2,1,76,74,2
1,3,0,1,9,1,1,0,27,20,78,2,1,83,100,1
1,1,0,1,8,1,1,3,26,20,78,2,1,51,40,2
1,0,0,1,14,1,1,0,18,20,78,2,1,77,96,1
1,3,0,1,14,0,1,3,25,20,78,2,1,67,45,2
0,3,0,1,16,1,0,1,28,25,95,0,0,67,79,2
0,3,1,1,16,1,2,1,28,25,95,1,0,67,79,2
1,3,1,1,12,1,2,0,28,16,68,1,1,50,96,2
1,1,1,1,7,0,2,1,24,16,68,1,1,60,76,1
1,0,1,1,9,1,2,3,18,16,68,1,1,68,46,1
1,1,1,1,0,0,2,3,21,16,68,1,1,82,45,1
1,1,1,1,19,1,2,2,20,16,68,1,1,96,66,2
1,3,0,1,12,1,1,0,28,16,68,1,1,50,96,2
1,1,0,1,7,0,1,1,24,16,68,1,1,60,76,1
1,0,0,1,9,1,1,3,18,16,68,1,1,68,46,1
1,1,0,1,0,0,1,3,21,16,68,1,1,82,45,1
1,1,0,1,19,1,1,2,20,16,68,1,1,96,66,2
1,3,1,1,12,1,0,0,28,16,68,1,1,50,96,2
1,1,1,1,7,0,0,1,24,16,68,1,1,60,76,1
1,0,1,1,9,1,0,3,18,16,68,1,1,68,46,1
1,1,1,1,0,0,0,3,21,16,68,1,1,82,45,1
1,1,1,1,19,1,0,2,20,16,68,1,1,96,66,2
1,3,1,0,12,1,1,0,28,16,68,1,1,50,96,2
1,1,1,0,7,0,1,1,24,16,68,1,1,60,76,1
1,0,1,0,9,1,1,3,18,16,68,1,1,68,46,1
1,1,1,0,0,0,1,3,21,16,68,1,1,82,45,1
1,1,1,0,19,1,1,2,20,16,68,1,1,96,66,2
0,1,0,1,4,1,1,1,28,29,71,0,0,75,76,2
0,1,0,1,6,1,1,0,27,29,71,0,1,59,100,0
0,0,0,1,19,0,1,1,20,29,71,0,1,74,78,0
0,1,1,1,4,1,1,1,28,29,71,1,0,75,76,2
0,1,1,1,6,1,1,0,27,29,71,1,1,59,100,0
0,0,1,1,19,0,1,1,20,29,71,1,1,74,78,0
1,0,1,1,4,1,2,3,18,30,79,1,0,66,49,2
0,1,1,1,15,1,1,2,20,26,98,1,0,88,65,2
0,2,1,1,9,1,1,0,21,26,98,1,0,95,93,2
0,1,0,1,15,1,0,2,20,26,98,0,0,88,65,2
0,2,0,1,9,1,0,0,21,26,98,0,0,95,93,2
0,2,1,1,8,1,1,3,27,23,78,1,0,89,43,2
0,0,1,1,10,1,1,0,18,23,78,1,0,81,100,2
0,2,1,1,20,1,1,2,25,23,78,1,0,54,63,0
0,1,1,1,20,1,1,2,29,23,78,1,1,93,65,2
0,1,1,1,11,1,1,1,27,23,78,1,0,65,70,1
0,3,1,1,15,1,1,3,22,23,78,1,0,67,50,2
0,2,1,1,2,1,1,0,19,23,78,1,0,89,90,0
0,3,1,1,3,1,1,3,21,23,78,1,1,95,51,2
0,0,1,1,9,1,1,2,27,23,78,1,1,67,68,2
0,2,1,1,8,1,1,3,27,23,78,2,0,89,43,2
0,0,1,1,10,1,1,0,18,23,78,2,0,81,100,2
0,2,1,1,20,1,1,2,25,23,78,2,0,54,63,0
0,1,1,1,20,1,1,2,29,23,78,2,1,93,65,2
0,1,1,1,11,1,1,1,27,23,78,2,0,65,70,1
0,3,1,1,15,1,1,3,22,23,78,2,0,67,50,2
0,2,1,1,2,1,1,0,19,23,78,2,0,89,90,0
0,3,1,1,3,1,1,3,21,23,78,2,1,95,51,2
0,0,1,1,9,1,1,2,27,23,78,2,1,67,68,2
0,2,0,1,8,1,2,3,27,23,78,1,0,89,43,2
0,0,0,1,10,1,2,0,18,23,78,1,0,81,100,2
0,2,0,1,20,1,2,2,25,23,78,1,0,54,63,0
0,1,0,1,20,1,2,2,29,23,78,1,1,93,65,2
0,1,0,1,11,1,2,1,27,23,78,1,0,65,70,1
0,3,0,1,15,1,2,3,22,23,78,1,0,67,50,2
0,2,0,1,2,1,2,0,19,23,78,1,0,89,90,0
0,3,0,1,3,1,2,3,21,23,78,1,1,95,51,2
0,0,0,1,9,1,2,2,27,23,78,1,1,67,68,2
0,2,0,1,8,1,0,3,27,23,78,2,0,89,43,2
0,0,0,1,10,1,0,0,18,23,78,2,0,81,100,2
0,2,0,1,20,1,0,2,25,23,78,2,0,54,63,0
0,1,0,1,20,1,0,2,29,23,78,2,1,93,65,2
0,1,0,1,11,1,0,1,27,23,78,2,0,65,70,1
0,3,0,1,15,1,0,3,22,23,78,2,0,67,50,2
0,2,0,1,2,1,0,0,19,23,78,2,0,89,90,0
0,3,0,1,3,1,0,3,21,23,78,2,1,95,51,2
0,0,0,1,9,1,0,2,27,23,78,2,1,67,68,2
0,3,1,1,7,1,0,0,22,11,70,0,1,94,90,1
0,3,1,1,7,1,2,0,22,11,70,0,1,94,90,1
0,3,0,1,7,1,1,0,22,11,70,1,1,94,90,1
0,2,0,1,7,0,1,1,23,14,63,0,1,52,72,1
0,2,0,1,7,0,2,1,23,14,63,1,1,52,72,1
0,2,1,1,7,0,0,1,23,14,63,1,1,52,72,1
1,3,0,1,17,0,2,0,25,22,68,2,0,75,88,2
1,3,1,1,17,0,0,0,25,22,68,1,0,75,88,2
1,3,1,0,17,0,2,0,25,22,68,1,0,75,88,2
1,3,0,1,17,0,2,0,25,22,68,1,0,75,88,2
1,0,0,1,8,1,1,1,19,39,92,1,0,89,81,2
1,2,0,1,13,1,1,1,22,39,92,1,0,91,70,1
1,3,0,1,2,0,1,3,23,39,92,1,0,83,54,1
1,2,0,1,5,1,1,3,22,39,92,1,1,66,40,0
1,2,0,1,4,1,1,0,23,39,92,1,1,58,88,1
1,1,0,1,1,1,1,0,24,39,92,1,1,62,85,2
1,3,0,1,19,0,1,2,26,24,99,0,1,84,55,1
1,0,0,1,13,1,1,2,18,24,99,0,0,53,56,0
1,3,1,1,19,0,1,2,26,24,99,1,1,84,55,1
1,0,1,1,13,1,1,2,18,24,99,1,0,53,56,0
1,3,1,1,19,0,0,2,26,24,99,0,1,84,55,1
1,0,1,1,13,1,0,2,18,24,99,0,0,53,56,0
1,3,0,1,19,0,1,2,26,24,99,2,1,84,55,1
1,0,0,1,13,1,1,2,18,24,99,2,0,53,56,0
1,3,0,1,19,1,2,2,18,23,89,0,0,56,61,0
1,0,0,1,13,1,2,0,24,23,89,0,0,89,100,1
1,1,0,1,18,1,2,3,27,23,89,0,1,75,46,1
1,0,0,1,12,0,2,3,25,23,89,0,1,76,54,0
1,3,0,1,19,1,2,2,18,23,89,1,0,56,61,0
1,0,0,1,13,1,2,0,24,23,89,1,0,89,100,1
1,1,0,1,18,1,2,3,27,23,89,1,1,75,46,1
1,0,0,1,12,0,2,3,25,23,89,1,1,76,54,0
1,3,0,1,19,1,1,2,18,23,89,0,0,56,61,0
1,0,0,1,13,1,1,0,24,23,89,0,0,89,100,1
1,1,0,1,18,1,1,3,27,23,89,0,1,75,46,1
1,0,0,1,12,0,1,3,25,23,89,0,1,76,54,0
1,3,1,1,19,1,2,2,18,23,89,0,0,56,61,0
1,0,1,1,13,1,2,0,24,23,89,0,0,89,100,1
1,1,1,1,18,1,2,3,27,23,89,0,1,75,46,1
1,0,1,1,12,0,2,3,25,23,89,0,1,76,54,0
1,3,1,1,19,1,2,2,18,23,89,1,0,56,61,0
1,0,1,1,13,1,2,0,24,23,89,1,0,89,100,1
1,1,1,1,18,1,2,3,27,23,89,1,1,75,46,1
1,0,1,1,12,0,2,3,25,23,89,1,1,76,54,0
1,3,0,1,19,1,1,2,18,23,89,2,0,56,61,0
1,0,0,1,13,1,1,0,24,23,89,2,0,89,100,1
1,1,0,1,18,1,1,3,27,23,89,2,1,75,46,1
1,0,0,1,12,0,1,3,25,23,89,2,1,76,54,0
1,3,0,1,19,1,0,2,18,23,89,1,0,56,61,0
1,0,0,1,13,1,0,0,24,23,89,1,0,89,100,1
1,1,0,1,18,1,0,3,27,23,89,1,1,75,46,1
1,0,0,1,12,0,0,3,25,23,89,1,1,76,54,0
1,3,0,1,9,1,2,2,18,25,75,2,1,81,63,0
1,3,0,1,3,1,2,0,19,25,75,2,0,68,90,1
1,3,0,1,18,1,2,1,21,25,75,2,1,67,76,2
1,1,0,1,5,1,2,1,21,25,75,2,0,85,79,2
1,0,0,1,3,1,2,0,26,25,75,2,1,66,97,1
1,3,1,1,9,1,1,2,18,25,75,0,1,81,63,0
1,3,1,1,3,1,1,0,19,25,75,0,0,68,90,1
1,3,1,1,18,1,1,1,21,25,75,0,1,67,76,2
1,1,1,1,5,1,1,1,21,25,75,0,0,85,79,2
1,0,1,1,3,1,1,0,26,25,75,0,1,66,97,1
1,3,1,1,9,1,2,2,18,25,75,2,1,81,63,0
1,3,1,1,3,1,2,0,19,25,75,2,0,68,90,1
1,3,1,1,18,1,2,1,21,25,75,2,1,67,76,2
1,1,1,1,5,1,2,1,21,25,75,2,0,85,79,2
1,0,1,1,3,1,2,0,26,25,75,2,1,66,97,1
1,3,1,1,9,1,0,2,18,25,75,1,1,81,63,0
1,3,1,1,3,1,0,0,19,25,75,1,0,68,90,1
1,3,1,1,18,1,0,1,21,25,75,1,1,67,76,2
1,1,1,1,5,1,0,1,21,25,75,1,0,85,79,2
1,0,1,1,3,1,0,0,26,25,75,1,1,66,97,1
1,3,1,1,9,1,0,2,18,25,75,2,1,81,63,0
1,3,1,1,3,1,0,0,19,25,75,2,0,68,90,1
1,3,1,1,18,1,0,1,21,25,75,2,1,67,76,2
1,1,1,1,5,1,0,1,21,25,75,2,0,85,79,2
1,0,1,1,3,1,0,0,26,25,75,2,1,66,97,1
1,3,1,1,9,1,2,2,18,25,75,0,1,81,63,0
1,3,1,1,3,1,2,0,19,25,75,0,0,68,90,1
1,3,1,1,18,1,2,1,21,25,75,0,1,67,76,2
1,1,1,1,5,1,2,1,21,25,75,0,0,85,79,2
1,0,1,1,3,1,2,0,26,25,75,0,1,66,97,1
1,0,1,1,8,0,2,2,24,31,78,0,1,83,62,0
1,0,1,1,7,0,2,0,21,31,78,0,1,50,92,2
1,0,1,1,15,1,2,0,21,31,78,0,1,100,85,0
1,3,1,1,9,1,2,1,19,31,78,0,1,97,84,2
1,3,1,1,17,1,2,0,20,31,78,0,1,74,90,1
1,2,1,1,17,0,2,2,18,31,78,0,0,92,57,0
0,3,1,1,17,0,1,0,29,24,64,1,1,60,92,1
0,0,1,1,15,1,1,0,22,24,64,1,1,96,85,1
0,2,1,1,10,1,1,0,21,24,64,1,0,92,97,2
0,0,1,1,3,0,1,3,21,24,64,1,1,84,42,2
1,0,1,1,4,1,0,2,23,25,85,1,1,55,63,0
1,0,1,1,15,0,0,0,28,25,85,1,1,71,97,1
1,0,0,1,4,1,1,2,23,25,85,1,1,55,63,0
1,0,0,1,15,0,1,0,28,25,85,1,1,71,97,1
1,0,1,1,4,1,1,2,23,25,85,1,1,55,63,0
1,0,1,1,15,0,1,0,28,25,85,1,1,71,97,1
1,3,1,1,1,1,2,2,23,16,82,1,1,69,59,0
1,3,1,1,1,1,2,2,26,16,82,1,0,85,60,1
1,2,1,1,10,1,2,1,19,16,82,1,1,50,81,2
1,3,1,1,1,1,1,2,23,16,82,1,1,69,59,0
1,3,1,1,1,1,1,2,26,16,82,1,0,85,60,1
1,2,1,1,10,1,1,1,19,16,82,1,1,50,81,2
1,3,1,1,1,1,1,2,23,16,82,2,1,69,59,0
1,3,1,1,1,1,1,2,26,16,82,2,0,85,60,1
1,2,1,1,10,1,1,1,19,16,82,2,1,50,81,2
1,3,0,1,1,1,2,2,23,16,82,0,1,69,59,0
1,3,0,1,1,1,2,2,26,16,82,0,0,85,60,1
1,2,0,1,10,1,2,1,19,16,82,0,1,50,81,2
1,3,0,1,1,1,0,2,23,16,82,0,1,69,59,0
1,3,0,1,1,1,0,2,26,16,82,0,0,85,60,1
1,2,0,1,10,1,0,1,19,16,82,0,1,50,81,2
1,3,0,1,1,1,1,2,23,16,82,1,1,69,59,0
1,3,0,1,1,1,1,2,26,16,82,1,0,85,60,1
1,2,0,1,10,1,1,1,19,16,82,1,1,50,81,2
1,3,1,1,1,1,2,2,23,16,82,0,1,69,59,0
1,3,1,1,1,1,2,2,26,16,82,0,0,85,60,1
1,2,1,1,10,1,2,1,19,16,82,0,1,50,81,2
0,1,0,1,19,1,1,3,28,23,82,1,1,69,54,1
0,0,0,1,9,1,1,1,23,23,82,1,1,61,70,2
0,1,0,1,19,1,0,3,28,23,82,2,1,69,54,1
0,0,0,1,9,1,0,1,23,23,82,2,1,61,70,2
0,1,1,1,19,1,1,3,28,23,82,1,1,69,54,1
0,0,1,1,9,1,1,1,23,23,82,1,1,61,70,2
0,2,1,1,4,1,2,2,29,25,71,1,1,74,59,0
0,2,1,1,4,1,1,2,29,25,71,0,1,74,59,0
1,2,0,1,0,1,1,0,19,30,90,2,1,89,97,1
1,0,0,1,9,1,1,2,23,20,99,1,1,78,59,2
1,3,0,1,12,0,1,1,25,20,99,1,0,78,71,0
1,0,1,1,9,1,0,2,23,20,99,2,1,78,59,2
1,3,1,1,12,0,0,1,25,20,99,2,0,78,71,0
1,0,1,1,9,1,0,2,23,20,99,0,1,78,59,2
1,3,1,1,12,0,0,1,25,20,99,0,0,78,71,0
1,0,0,1,9,1,0,2,23,20,99,0,1,78,59,2
1,3,0,1,12,0,0,1,25,20,99,0,0,78,71,0
1,0,1,1,9,1,1,2,23,20,99,1,1,78,59,2
1,3,1,1,12,0,1,1,25,20,99,1,0,78,71,0
1,0,0,1,9,1,1,2,23,20,99,2,1,78,59,2
1,3,0,1,12,0,1,1,25,20,99,2,0,78,71,0
0,3,0,1,10,1,2,0,27,24,62,0,1,76,88,2
0,1,0,1,3,1,2,0,29,24,62,0,0,50,100,2
0,3,0,1,8,1,2,1,26,24,62,0,1,100,78,1
0,3,1,1,10,1,0,0,27,24,62,1,1,76,88,2
0,1,1,1,3,1,0,0,29,24,62,1,0,50,100,2
0,3,1,1,8,1,0,1,26,24,62,1,1,100,78,1
0,3,1,1,10,1,2,0,27,24,62,1,1,76,88,2
0,1,1,1,3,1,2,0,29,24,62,1,0,50,100,2
0,3,1,1,8,1,2,1,26,24,62,1,1,100,78,1
0,3,0,1,10,1,1,0,27,24,62,1,1,76,88,2
0,1,0,1,3,1,1,0,29,24,62,1,0,50,100,2
0,3,0,1,8,1,1,1,26,24,62,1,1,100,78,1
1,2,1,1,4,1,1,3,26,11,80,0,1,98,42,1
1,2,1,1,1,0,1,2,29,11,80,0,1,79,66,2
0,0,0,1,17,1,1,3,24,18,96,0,0,97,42,1
0,0,0,1,17,1,2,3,24,18,96,1,0,97,42,1
0,0,1,1,17,1,0,3,24,18,96,1,0,97,42,1
0,0,1,1,17,1,1,3,24,18,96,1,0,97,42,1
0,0,1,1,17,1,1,3,24,18,96,0,0,97,42,1
0,0,1,1,17,1,0,3,24,18,96,0,0,97,42,1
0,0,0,1,17,1,0,3,24,18,96,0,0,97,42,1
1,3,1,1,2,0,1,0,28,23,90,1,0,86,95,2
1,1,1,1,20,0,1,3,18,23,90,1,0,70,41,2
1,0,1,1,0,1,1,3,28,23,90,1,1,93,44,1
1,3,1,1,13,1,1,2,25,23,90,1,1,74,62,1
1,3,0,1,2,0,0,0,28,23,90,0,0,86,95,2
1,1,0,1,20,0,0,3,18,23,90,0,0,70,41,2
1,0,0,1,0,1,0,3,28,23,90,0,1,93,44,1
1,3,0,1,13,1,0,2,25,23,90,0,1,74,62,1
1,3,1,1,2,0,1,0,28,23,90,0,0,86,95,2
1,1,1,1,20,0,1,3,18,23,90,0,0,70,41,2
1,0,1,1,0,1,1,3,28,23,90,0,1,93,44,1
1,3,1,1,13,1,1,2,25,23,90,0,1,74,62,1
1,3,1,0,2,0,2,0,28,23,90,2,0,86,95,2
1,1,1,0,20,0,2,3,18,23,90,2,0,70,41,2
1,0,1,0,0,1,2,3,28,23,90,2,1,93,44,1
1,3,1,0,13,1,2,2,25,23,90,2,1,74,62,1
1,3,0,1,2,0,1,0,28,23,90,0,0,86,95,2
1,1,0,1,20,0,1,3,18,23,90,0,0,70,41,2
1,0,0,1,0,1,1,3,28,23,90,0,1,93,44,1
1,3,0,1,13,1,1,2,25,23,90,0,1,74,62,1
0,3,1,1,17,0,2,3,27,7,75,1,0,62,47,2
0,2,1,1,4,1,2,3,19,7,75,1,0,65,40,1
0,3,0,1,0,0,1,1,26,27,68,1,0,74,73,2
0,0,0,1,10,1,1,3,23,27,68,1,1,50,52,1
0,3,0,1,0,0,2,1,26,27,68,1,0,74,73,2
0,0,0,1,10,1,2,3,23,27,68,1,1,50,52,1
1,3,1,1,14,0,1,1,23,9,78,0,1,53,83,1
1,1,1,1,19,0,1,0,25,9,78,0,1,64,99,2
1,3,1,1,3,0,1,2,22,9,78,0,1,62,57,2
1,3,0,1,14,0,1,1,23,9,78,0,1,53,83,1
1,1,0,1,19,0,1,0,25,9,78,0,1,64,99,2
1,3,0,1,3,0,1,2,22,9,78,0,1,62,57,2
1,3,0,1,14,0,2,1,23,9,78,1,1,53,83,1
1,1,0,1,19,0,2,0,25,9,78,1,1,64,99,2
1,3,0,1,3,0,2,2,22,9,78,1,1,62,57,2
1,1,0,1,12,1,2,1,20,14,77,0,1,52,83,0
1,3,0,1,6,1,2,1,21,14,77,0,0,97,70,2
1,0,0,1,4,0,2,0,23,14,77,0,0,68,91,0
1,0,0,1,10,1,2,2,22,14,77,0,0,60,59,0
1,1,1,1,12,1,1,1,20,14,77,1,1,52,83,0
1,3,1,1,6,1,1,1,21,14,77,1,0,97,70,2
1,0,1,1,4,0,1,0,23,14,77,1,0,68,91,0
1,0,1,1,10,1,1,2,22,14,77,1,0,60,59,0
1,1,1,1,12,1,1,1,20,14,77,0,1,52,83,0
1,3,1,1,6,1,1,1,21,14,77,0,0,97,70,2
1,0,1,1,4,0,1,0,23,14,77,0,0,68,91,0
1,0,1,1,10,1,1,2,22,14,77,0,0,60,59,0
1,1,1,1,12,1,2,1,20,14,77,0,1,52,83,0
1,3,1,1,6,1,2,1,21,14,77,0,0,97,70,2
1,0,1,1,4,0,2,0,23,14,77,0,0,68,91,0
1,0,1,1,10,1,2,2,22,14,77,0,0,60,59,0
1,1,0,1,12,1,0,1,20,14,77,1,1,52,83,0
1,3,0,1,6,1,0,1,21,14,77,1,0,97,70,2
1,0,0,1,4,0,0,0,23,14,77,1,0,68,91,0
1,0,0,1,10,1,0,2,22,14,77,1,0,60,59,0
1,1,0,1,12,1,1,1,20,14,77,2,1,52,83,0
1,3,0,1,6,1,1,1,21,14,77,2,0,97,70,2
1,0,0,1,4,0,1,0,23,14,77,2,0,68,91,0
1,0,0,1,10,1,1,2,22,14,77,2,0,60,59,0
0,2,0,1,20,0,0,3,29,11,82,0,1,92,49,2
0,3,0,1,6,1,0,2,23,11,82,0,0,87,59,2
0,2,1,0,20,0,1,3,29,11,82,1,1,92,49,2
0,3,1,0,6,1,1,2,23,11,82,1,0,87,59,2
0,2,0,1,20,0,2,3,29,11,82,2,1,92,49,2
0,3,0,1,6,1,2,2,23,11,82,2,0,87,59,2
0,2,1,1,19,1,1,0,23,10,90,0,0,96,98,0
0,1,1,1,3,1,1,0,23,10,90,0,1,66,100,0
1,3,1,0,8,1,1,1,28,29,85,2,1,89,71,2
1,0,1,0,9,1,1,3,22,29,85,2,1,94,50,2
1,2,1,0,7,1,1,0,22,29,85,2,0,81,100,2
1,2,1,1,17,1,0,0,22,12,74,0,1,93,86,2
1,2,0,1,17,1,1,0,22,12,74,1,1,93,86,2
1,2,0,1,17,1,1,0,22,12,74,2,1,93,86,2
1,2,1,1,17,1,2,0,22,12,74,2,1,93,86,2
0,1,1,1,4,1,1,2,23,18,79,0,0,63,65,1
0,0,1,1,6,1,1,0,22,18,79,0,1,91,89,2
0,1,1,1,19,1,1,1,21,18,79,0,1,71,70,0
0,1,1,1,4,1,1,2,23,18,79,1,0,63,65,1
0,0,1,1,6,1,1,0,22,18,79,1,1,91,89,2
0,1,1,1,19,1,1,1,21,18,79,1,1,71,70,0
0,1,0,1,4,1,1,2,23,18,79,2,0,63,65,1
0,0,0,1,6,1,1,0,22,18,79,2,1,91,89,2
0,1,0,1,19,1,1,1,21,18,79,2,1,71,70,0
0,1,0,0,4,1,1,2,23,18,79,1,0,63,65,1
0,0,0,0,6,1,1,0,22,18,79,1,1,91,89,2
0,1,0,0,19,1,1,1,21,18,79,1,1,71,70,0
0,1,0,1,4,1,2,2,23,18,79,0,0,63,65,1
0,0,0,1,6,1,2,0,22,18,79,0,1,91,89,2
0,1,0,1,19,1,2,1,21,18,79,0,1,71,70,0
0,1,1,1,4,1,2,2,23,18,79,1,0,63,65,1
0,0,1,1,6,1,2,0,22,18,79,1,1,91,89,2
0,1,1,1,19,1,2,1,21,18,79,1,1,71,70,0
0,1,1,1,16,1,1,2,20,14,88,1,1,64,65,1
0,2,1,1,17,1,1,2,24,14,88,1,1,95,55,2
0,2,0,1,2,1,2,2,18,25,92,1,1,63,69,2
0,3,0,1,11,1,2,3,20,25,92,1,0,55,40,1
0,3,0,1,16,1,2,0,24,25,92,1,1,56,100,0
0,2,1,1,2,1,2,2,18,25,92,1,1,63,69,2
0,3,1,1,11,1,2,3,20,25,92,1,0,55,40,1
0,3,1,1,16,1,2,0,24,25,92,1,1,56,100,0
0,2,1,1,2,1,1,2,18,25,92,1,1,63,69,2
0,3,1,1,11,1,1,3,20,25,92,1,0,55,40,1
0,3,1,1,16,1,1,0,24,25,92,1,1,56,100,0
0,2,0,1,2,1,1,2,18,25,92,2,1,63,69,2
0,3,0,1,11,1,1,3,20,25,92,2,0,55,40,1
0,3,0,1,16,1,1,0,24,25,92,2,1,56,100,0
0,3,0,1,20,0,2,3,19,26,68,0,0,94,49,2
0,2,0,1,18,1,2,2,25,26,68,0,0,55,60,0
0,3,1,1,20,0,1,3,19,26,68,2,0,94,49,2
0,2,1,1,18,1,1,2,25,26,68,2,0,55,60,0
0,0,1,1,6,0,1,1,21,18,65,1,1,99,81,1
0,2,1,1,7,1,1,3,21,18,65,1,1,61,45,2
0,0,1,1,6,0,2,1,21,18,65,0,1,99,81,1
0,2,1,1,7,1,2,3,21,18,65,0,1,61,45,2
0,3,1,1,4,1,0,3,24,12,76,1,0,98,46,2
0,3,1,1,16,0,0,2,28,12,76,1,1,78,63,2
1,1,0,1,15,1,2,1,18,29,93,1,1,80,70,0
1,2,0,1,15,1,2,1,19,29,93,1,1,74,75,1
1,1,1,1,15,1,1,1,18,29,93,1,1,80,70,0
1,2,1,1,15,1,1,1,19,29,93,1,1,74,75,1
1,1,1,0,15,1,1,1,18,29,93,1,1,80,70,0
1,2,1,0,15,1,1,1,19,29,93,1,1,74,75,1
1,0,1,0,15,1,2,0,28,12,84,1,0,51,100,0
1,0,0,1,15,1,1,0,28,12,84,1,0,51,100,0
1,0,0,0,15,1,2,0,28,12,84,2,0,51,100,0
1,2,1,1,16,0,2,0,25,26,86,1,0,68,92,2
1,2,0,1,16,0,0,0,25,26,86,1,0,68,92,2
1,2,1,1,16,0,0,0,25,26,86,1,0,68,92,2
0,2,0,1,10,1,0,2,23,20,93,1,0,78,64,1
0,3,0,1,2,1,0,1,29,20,93,1,1,87,77,1
0,1,0,1,12,1,0,3,23,20,93,1,0,77,48,2
0,2,0,1,11,0,0,3,29,20,93,1,1,75,46,2
0,2,1,0,10,1,1,2,23,20,93,0,0,78,64,1
0,3,1,0,2,1,1,1,29,20,93,0,1,87,77,1
0,1,1,0,12,1,1,3,23,20,93,0,0,77,48,2
0,2,1,0,11,0,1,3,29,20,93,0,1,75,46,2
0,2,0,1,10,1,1,2,23,20,93,0,0,78,64,1
0,3,0,1,2,1,1,1,29,20,93,0,1,87,77,1
0,1,0,1,12,1,1,3,23,20,93,0,0,77,48,2
0,2,0,1,11,0,1,3,29,20,93,0,1,75,46,2
1,0,1,1,2,0,2,2,24,11,88,0,1,51,62,0
1,3,1,1,8,0,2,1,27,11,88,0,1,74,82,2
1,0,1,1,2,0,1,2,24,11,88,0,1,51,62,0
1,3,1,1,8,0,1,1,27,11,88,0,1,74,82,2
1,1,1,1,17,1,2,3,21,25,97,2,0,80,49,2
1,2,1,1,7,1,2,3,29,25,97,2,1,60,48,1
1,1,1,1,17,1,1,3,21,25,97,1,0,80,49,2
1,2,1,1,7,1,1,3,29,25,97,1,1,60,48,1
1,1,1,1,17,1,2,3,21,25,97,1,0,80,49,2
1,2,1,1,7,1,2,3,29,25,97,1,1,60,48,1
1,1,1,1,17,1,1,3,21,25,97,0,0,80,49,2
1,2,1,1,7,1,1,3,29,25,97,0,1,60,48,1
0,2,1,1,9,1,1,0,26,12,75,2,1,79,86,2
0,2,1,1,12,1,1,0,26,12,75,2,1,54,93,0
0,2,0,1,9,1,2,0,26,12,75,0,1,79,86,2
0,2,0,1,12,1,2,0,26,12,75,0,1,54,93,0
1,3,1,0,13,1,0,0,18,20,95,0,1,61,92,0
1,2,1,0,11,1,0,0,22,20,95,0,1,55,86,0
1,3,0,1,13,1,1,0,18,20,95,1,1,61,92,0
1,2,0,1,11,1,1,0,22,20,95,1,1,55,86,0
1,3,1,1,13,1,0,0,18,20,95,1,1,61,92,0
1,2,1,1,11,1,0,0,22,20,95,1,1,55,86,0
1,3,1,1,13,1,0,0,18,20,95,0,1,61,92,0
1,2,1,1,11,1,0,0,22,20,95,0,1,55,86,0
1,3,0,1,13,1,1,0,18,20,95,0,1,61,92,0
1,2,0,1,11,1,1,0,22,20,95,0,1,55,86,0
1,3,1,1,13,1,2,0,18,20,95,0,1,61,92,0
1,2,1,1,11,1,2,0,22,20,95,0,1,55,86,0
0,3,0,0,7,1,0,1,29,16,72,1,0,68,82,1
0,0,0,0,20,1,0,0,18,16,72,1,0,53,97,1
0,2,0,0,6,1,0,1,21,16,72,1,1,86,73,2
0,3,0,1,7,1,1,1,29,16,72,1,0,68,82,1
0,0,0,1,20,1,1,0,18,16,72,1,0,53,97,1
0,2,0,1,6,1,1,1,21,16,72,1,1,86,73,2
1,2,1,1,12,1,1,0,19,17,83,0,1,83,94,2
1,2,0,1,12,1,1,0,19,17,83,1,1,83,94,2
1,2,1,1,12,1,1,0,19,17,83,1,1,83,94,2
1,2,1,1,12,1,0,0,19,17,83,0,1,83,94,2
1,2,0,1,12,1,2,0,19,17,83,0,1,83,94,2
1,2,1,1,12,1,1,0,19,17,83,2,1,83,94,2
0,0,1,1,4,0,0,0,23,34,74,1,1,54,98,1
0,0,1,1,5,1,0,0,28,34,74,1,0,77,87,1
1,2,1,1,11,1,1,0,22,29,90,1,0,79,93,1
1,2,1,1,6,1,1,3,26,29,90,1,0,76,47,2
1,2,1,1,3,1,1,0,26,29,90,1,1,76,97,2
1,2,1,1,8,1,1,1,23,12,81,1,1,78,80,1
1,2,1,1,9,1,1,1,24,12,81,1,0,76,74,2
1,0,1,1,6,0,1,2,26,12,81,1,1,67,63,2
1,3,1,1,4,1,1,2,25,12,81,1,1,93,67,2
1,2,0,1,8,1,1,1,23,12,81,0,1,78,80,1
1,2,0,1,9,1,1,1,24,12,81,0,0,76,74,2
1,0,0,1,6,0,1,2,26,12,81,0,1,67,63,2
1,3,0,1,4,1,1,2,25,12,81,0,1,93,67,2
1,2,1,1,8,1,1,1,23,12,81,2,1,78,80,1
1,2,1,1,9,1,1,1,24,12,81,2,0,76,74,2
1,0,1,1,6,0,1,2,26,12,81,2,1,67,63,2
1,3,1,1,4,1,1,2,25,12,81,2,1,93,67,2
0,3,0,1,20,1,1,3,24,16,63,2,1,80,53,1
0,0,0,1,15,0,1,2,25,16,63,2,0,53,66,0
0,3,0,1,20,1,2,3,24,16,63,0,1,80,53,1
0,0,0,1,15,0,2,2,25,16,63,0,0,53,66,0
0,3,0,1,20,1,0,3,24,16,63,1,1,80,53,1
0,0,0,1,15,0,0,2,25,16,63,1,0,53,66,0
1,1,1,1,7,1,1,2,24,32,83,0,1,87,62,2
1,2,1,1,18,0,1,2,26,32,83,0,1,83,69,2
1,3,1,1,3,0,1,3,19,32,83,0,0,58,52,2
1,1,1,1,7,1,1,2,24,32,83,1,1,87,62,2
1,2,1,1,18,0,1,2,26,32,83,1,1,83,69,2
1,3,1,1,3,0,1,3,19,32,83,1,0,58,52,2
0,1,1,1,15,0,0,2,29,20,82,0,1,95,68,1
0,2,1,1,0,1,0,2,27,20,82,0,1,77,57,2
0,0,1,1,4,0,0,3,19,20,82,0,1,93,48,2
0,1,1,1,18,0,0,3,27,20,82,0,1,54,51,2
0,3,1,1,7,1,0,1,22,20,82,0,1,95,73,2
0,3,1,1,1,0,0,1,24,20,82,0,1,95,75,1
0,1,1,1,15,0,1,2,29,20,82,1,1,95,68,1
0,2,1,1,0,1,1,2,27,20,82,1,1,77,57,2
0,0,1,1,4,0,1,3,19,20,82,1,1,93,48,2
0,1,1,1,18,0,1,3,27,20,82,1,1,54,51,2
0,3,1,1,7,1,1,1,22,20,82,1,1,95,73,2
0,3,1,1,1,0,1,1,24,20,82,1,1,95,75,1
0,1,0,1,15,0,1,2,29,20,82,0,1,95,68,1
0,2,0,1,0,1,1,2,27,20,82,0,1,77,57,2
0,0,0,1,4,0,1,3,19,20,82,0,1,93,48,2
0,1,0,1,18,0,1,3,27,20,82,0,1,54,51,2
0,3,0,1,7,1,1,1,22,20,82,0,1,95,73,2
0,3,0,1,1,0,1,1,24,20,82,0,1,95,75,1
0,0,1,1,19,0,2,2,24,17,75,1,1,81,68,1
0,0,0,1,19,0,0,2,24,17,75,2,1,81,68,1
0,2,1,1,8,0,1,1,19,29,84,2,1,93,77,2
0,2,1,1,2,0,1,0,22,29,84,2,0,86,90,2
0,0,1,1,5,1,2,2,24,18,93,1,1,96,67,2
0,0,0,1,5,1,1,2,24,18,93,0,1,96,67,2
0,0,0,1,5,1,2,2,24,18,93,2,1,96,67,2
1,0,0,1,11,1,2,3,26,38,63,2,0,64,52,1
1,1,0,1,9,0,2,1,20,38,63,2,1,90,81,0
1,2,0,1,15,1,2,0,20,38,63,2,1,80,89,2
0,0,1,0,2,1,2,1,18,27,69,1,1,75,78,2
0,3,1,0,16,1,2,0,21,27,69,1,1,55,91,2
0,1,0,1,10,1,0,0,18,19,94,1,0,98,87,2
0,1,0,1,3,1,0,1,26,19,94,1,1,77,72,0
0,1,0,1,10,1,2,0,18,19,94,1,0,98,87,2
0,1,0,1,3,1,2,1,26,19,94,1,1,77,72,0
0,1,0,1,10,1,1,0,18,19,94,1,0,98,87,2
0,1,0,1,3,1,1,1,26,19,94,1,1,77,72,0
0,1,1,1,10,1,1,0,18,19,94,1,0,98,87,2
0,1,1,1,3,1,1,1,26,19,94,1,1,77,72,0
0,1,1,1,10,1,0,0,18,19,94,1,0,98,87,2
0,1,1,1,3,1,0,1,26,19,94,1,1,77,72,0
0,0,0,1,19,0,1,1,24,38,86,2,1,83,84,1
0,1,0,1,15,1,1,3,27,38,86,2,1,75,54,1
0,0,0,1,5,0,1,0,18,38,86,2,1,93,90,0
0,3,0,1,1,1,1,1,28,26,94,1,1,84,81,2
0,3,0,1,1,1,1,1,28,26,94,0,1,84,81,2
0,3,1,1,1,1,2,1,28,26,94,0,1,84,81,2
0,3,0,1,1,1,1,1,28,26,94,2,1,84,81,2
1,1,1,1,2,1,2,2,18,32,84,1,1,96,55,2
1,1,1,0,2,1,1,2,18,32,84,1,1,96,55,2
0,0,1,1,1,0,2,3,19,13,71,0,1,76,40,1
0,2,1,1,18,1,2,2,27,13,71,0,0,81,68,1
0,0,1,1,1,0,2,3,19,13,71,2,1,76,40,1
0,2,1,1,18,1,2,2,27,13,71,2,0,81,68,1
0,0,0,1,14,1,1,3,18,14,84,1,1,99,40,2
0,0,1,1,14,1,2,3,18,14,84,2,1,99,40,2
0,0,0,0,14,1,2,3,18,14,84,1,1,99,40,2
0,0,1,1,14,1,1,3,18,14,84,2,1,99,40,2
0,3,0,0,15,0,1,1,29,14,61,0,0,80,81,1
0,1,0,0,4,1,1,0,21,14,61,0,1,57,86,1
0,3,0,1,15,0,2,1,29,14,61,1,0,80,81,1
0,1,0,1,4,1,2,0,21,14,61,1,1,57,86,1
0,3,1,1,15,0,0,1,29,14,61,1,0,80,81,1
0,1,1,1,4,1,0,0,21,14,61,1,1,57,86,1
0,3,0,1,15,0,1,1,29,14,61,2,0,80,81,1
0,1,0,1,4,1,1,0,21,14,61,2,1,57,86,1
1,1,0,1,18,1,2,3,28,17,90,1,1,91,52,2
1,0,0,1,19,1,2,0,21,17,90,1,1,75,92,1
1,1,0,1,18,1,1,3,28,17,90,0,1,91,52,2
1,0,0,1,19,1,1,0,21,17,90,0,1,75,92,1
1,1,0,1,18,1,1,3,28,17,90,1,1,91,52,2
1,0,0,1,19,1,1,0,21,17,90,1,1,75,92,1
0,1,1,1,16,1,1,0,25,13,83,1,1,64,92,2
0,3,1,1,19,1,1,3,20,13,83,1,1,93,41,2
0,1,1,1,3,0,1,3,19,13,83,1,1,66,51,2
0,1,0,1,16,1,0,0,25,13,83,2,1,64,92,2
0,3,0,1,19,1,0,3,20,13,83,2,1,93,41,2
0,1,0,1,3,0,0,3,19,13,83,2,1,66,51,2
0,1,0,1,16,1,1,0,25,13,83,1,1,64,92,2
0,3,0,1,19,1,1,3,20,13,83,1,1,93,41,2
0,1,0,1,3,0,1,3,19,13,83,1,1,66,51,2
1,3,1,1,13,0,1,2,21,19,68,1,0,79,55,2
1,0,1,1,4,0,1,0,25,19,68,1,1,63,91,0
1,3,1,1,13,0,2,2,21,19,68,2,0,79,55,2
1,0,1,1,4,0,2,0,25,19,68,2,1,63,91,0
1,3,1,1,13,0,0,2,21,19,68,0,0,79,55,2
1,0,1,1,4,0,0,0,25,19,68,0,1,63,91,0
0,2,1,1,19,0,2,0,18,35,77,1,1,56,87,1
0,3,0,1,15,1,1,0,19,9,86,2,0,100,97,2
0,1,0,1,10,0,1,1,28,9,86,2,0,60,70,1
0,1,0,1,8,0,1,3,29,9,86,2,1,65,44,2
0,3,0,1,15,1,2,0,19,9,86,1,0,100,97,2
0,1,0,1,10,0,2,1,28,9,86,1,0,60,70,1
0,1,0,1,8,0,2,3,29,9,86,1,1,65,44,2
1,0,1,1,18,0,1,2,18,15,74,1,1,87,64,2
1,1,1,1,6,1,1,2,18,15,74,1,0,93,61,1
1,0,0,0,18,0,2,2,18,15,74,0,1,87,64,2
1,1,0,0,6,1,2,2,18,15,74,0,0,93,61,1
1,0,0,1,18,0,0,2,18,15,74,0,1,87,64,2
1,1,0,1,6,1,0,2,18,15,74,0,0,93,61,1
1,0,0,1,18,0,0,2,18,15,74,1,1,87,64,2
1,1,0,1,6,1,0,2,18,15,74,1,0,93,61,1
1,0,0,1,18,0,2,2,18,15,74,1,1,87,64,2
1,1,0,1,6,1,2,2,18,15,74,1,0,93,61,1
1,0,1,1,18,0,1,2,18,15,74,0,1,87,64,2
1,1,1,1,6,1,1,2,18,15,74,0,0,93,61,1
1,0,0,1,18,0,2,2,18,15,74,0,1,87,64,2
1,1,0,1,6,1,2,2,18,15,74,0,0,93,61,1
0,1,1,1,6,1,1,0,18,15,95,0,1,69,93,1
0,3,1,1,10,0,1,0,18,15,95,0,0,63,94,0
0,0,1,1,9,0,1,2,22,15,95,0,1,90,61,1
0,1,0,1,6,1,1,0,18,15,95,2,1,69,93,1
0,3,0,1,10,0,1,0,18,15,95,2,0,63,94,0
0,0,0,1,9,0,1,2,22,15,95,2,1,90,61,1
0,1,0,1,6,1,0,0,18,15,95,2,1,69,93,1
0,3,0,1,10,0,0,0,18,15,95,2,0,63,94,0
0,0,0,1,9,0,0,2,22,15,95,2,1,90,61,1
0,1,0,1,6,1,0,0,18,15,95,1,1,69,93,1
0,3,0,1,10,0,0,0,18,15,95,1,0,63,94,0
0,0,0,1,9,0,0,2,22,15,95,1,1,90,61,1
0,1,1,1,6,1,1,0,18,15,95,2,1,69,93,1
0,3,1,1,10,0,1,0,18,15,95,2,0,63,94,0
0,0,1,1,9,0,1,2,22,15,95,2,1,90,61,1
0,0,1,1,2,1,1,3,23,11,81,2,0,63,47,1
0,3,1,1,8,1,1,2,18,11,81,2,1,52,64,2
0,0,1,1,9,1,1,1,29,11,81,2,1,74,78,2
0,2,1,1,2,1,1,3,19,11,81,2,1,79,44,1
0,3,1,1,2,1,1,3,21,11,81,2,0,94,52,2
0,2,0,1,12,1,0,2,20,36,96,1,0,71,57,2
0,3,0,1,5,1,0,0,20,36,96,1,0,62,88,0
1,3,0,1,15,1,2,2,19,29,66,1,1,57,55,2
1,1,0,1,2,1,2,2,29,29,66,1,1,89,61,2
0,0,0,1,10,0,1,3,19,22,86,1,1,86,42,2
0,1,0,1,4,0,1,2,24,22,86,1,0,82,66,2
0,0,0,1,10,0,0,3,19,22,86,1,1,86,42,2
0,1,0,1,4,0,0,2,24,22,86,1,0,82,66,2
1,0,1,1,20,1,2,0,27,31,68,0,0,58,93,2
1,0,1,1,10,0,2,0,19,31,68,0,0,51,91,0
1,3,1,1,8,0,2,0,21,31,68,0,1,91,93,2
1,2,1,1,13,0,2,0,19,31,68,0,0,55,99,2
0,1,1,0,10,1,0,1,22,12,98,1,1,73,72,1
0,1,1,0,18,0,0,3,22,12,98,1,0,83,45,0
0,0,1,0,3,1,0,3,20,12,98,1,1,81,44,2
0,1,1,1,10,1,2,1,22,12,98,1,1,73,72,1
0,1,1,1,18,0,2,3,22,12,98,1,0,83,45,0
0,0,1,1,3,1,2,3,20,12,98,1,1,81,44,2
0,1,0,1,10,1,2,1,22,12,98,1,1,73,72,1
0,1,0,1,18,0,2,3,22,12,98,1,0,83,45,0
0,0,0,1,3,1,2,3,20,12,98,1,1,81,44,2
0,1,0,1,10,1,1,1,22,12,98,1,1,73,72,1
0,1,0,1,18,0,1,3,22,12,98,1,0,83,45,0
0,0,0,1,3,1,1,3,20,12,98,1,1,81,44,2
0,1,0,1,10,1,1,1,22,12,98,0,1,73,72,1
0,1,0,1,18,0,1,3,22,12,98,0,0,83,45,0
0,0,0,1,3,1,1,3,20,12,98,0,1,81,44,2
0,1,1,1,10,1,0,1,22,12,98,1,1,73,72,1
0,1,1,1,18,0,0,3,22,12,98,1,0,83,45,0
0,0,1,1,3,1,0,3,20,12,98,1,1,81,44,2
1,0,1,1,12,1,0,1,25,17,84,0,1,54,81,2
1,1,1,1,9,0,0,2,19,17,84,0,1,96,60,0
1,0,0,1,12,1,2,1,25,17,84,2,1,54,81,2
1,1,0,1,9,0,2,2,19,17,84,2,1,96,60,0
1,0,1,1,12,1,2,1,25,17,84,1,1,54,81,2
1,1,1,1,9,0,2,2,19,17,84,1,1,96,60,0
1,0,0,1,12,1,2,1,25,17,84,1,1,54,81,2
1,1,0,1,9,0,2,2,19,17,84,1,1,96,60,0
1,0,1,1,17,1,2,2,23,7,69,2,1,62,59,1
1,3,1,1,6,1,2,1,18,7,69,2,0,98,84,2
1,3,0,1,12,0,1,3,29,9,86,1,0,80,41,0
1,0,0,1,6,1,1,0,26,9,86,1,1,50,96,1
1,0,1,1,1,0,2,2,20,7,88,0,1,95,57,2
1,2,1,1,4,0,2,2,28,7,88,0,0,97,69,2
1,0,1,1,17,1,2,3,29,7,88,0,0,57,51,2
0,1,1,1,8,1,0,2,21,24,98,2,1,51,64,1
0,0,1,1,10,0,0,0,26,24,98,2,1,50,94,2
0,1,1,1,14,1,0,1,29,24,98,2,1,99,71,2
0,2,1,1,16,1,0,3,19,24,98,2,1,53,42,0
0,1,1,1,12,0,0,2,19,24,98,2,1,72,66,2
0,1,0,1,8,1,2,2,21,24,98,1,1,51,64,1
0,0,0,1,10,0,2,0,26,24,98,1,1,50,94,2
0,1,0,1,14,1,2,1,29,24,98,1,1,99,71,2
0,2,0,1,16,1,2,3,19,24,98,1,1,53,42,0
0,1,0,1,12,0,2,2,19,24,98,1,1,72,66,2
0,1,1,1,8,1,1,2,21,24,98,1,1,51,64,1
0,0,1,1,10,0,1,0,26,24,98,1,1,50,94,2
0,1,1,1,14,1,1,1,29,24,98,1,1,99,71,2
0,2,1,1,16,1,1,3,19,24,98,1,1,53,42,0
0,1,1,1,12,0,1,2,19,24,98,1,1,72,66,2
1,2,1,0,3,1,1,3,24,29,74,1,1,78,41,1
1,2,1,1,3,1,2,3,24,29,74,2,1,78,41,1
1,2,0,1,3,1,0,3,24,29,74,1,1,78,41,1
0,2,1,1,0,1,1,0,20,28,87,2,1,65,85,1
0,2,0,1,0,1,1,0,20,28,87,1,1,65,85,1
1,0,1,1,16,1,2,3,29,30,78,1,1,58,51,2
1,1,0,1,12,0,1,1,18,14,93,0,0,77,83,2
1,2,0,1,20,0,1,1,28,14,93,0,0,57,79,1
1,1,1,1,12,0,0,1,18,14,93,0,0,77,83,2
1,2,1,1,20,0,0,1,28,14,93,0,0,57,79,1
1,0,1,1,4,0,2,1,22,31,71,1,0,97,79,1
1,3,1,1,10,1,2,0,26,31,71,1,0,79,97,0
1,0,1,1,5,1,2,0,19,19,60,2,1,87,88,2
1,3,1,1,10,0,2,0,22,19,60,2,1,50,87,0
1,0,0,1,5,1,1,0,19,19,60,2,1,87,88,2
1,3,0,1,10,0,1,0,22,19,60,2,1,50,87,0
0,1,1,1,17,1,1,0,18,15,77,1,1,86,91,0
0,0,1,1,11,0,1,1,27,15,77,1,0,91,72,2
1,3,1,1,19,0,0,0,18,18,84,1,1,98,99,0
1,3,1,1,8,1,0,2,29,18,84,1,0,68,66,1
1,0,1,1,1,0,0,0,20,18,84,1,1,81,100,2
1,3,0,1,19,0,0,0,18,18,84,1,1,98,99,0
1,3,0,1,8,1,0,2,29,18,84,1,0,68,66,1
1,0,0,1,1,0,0,0,20,18,84,1,1,81,100,2
1,3,0,1,19,0,2,0,18,18,84,1,1,98,99,0
1,3,0,1,8,1,2,2,29,18,84,1,0,68,66,1
1,0,0,1,1,0,2,0,20,18,84,1,1,81,100,2
1,3,1,1,19,0,2,0,18,18,84,0,1,98,99,0
1,3,1,1,8,1,2,2,29,18,84,0,0,68,66,1
1,0,1,1,1,0,2,0,20,18,84,0,1,81,100,2
0,3,1,1,4,0,1,1,28,12,70,1,1,51,81,2
0,2,1,1,10,1,1,0,20,12,70,1,1,57,90,2
0,3,0,1,4,0,1,1,28,12,70,2,1,51,81,2
0,2,0,1,10,1,1,0,20,12,70,2,1,57,90,2
1,1,1,1,18,1,1,3,21,29,88,1,1,90,49,2
0,0,1,1,16,1,1,2,28,13,61,0,1,86,67,2
0,2,1,1,8,0,1,0,29,13,61,0,1,69,98,1
0,2,1,1,7,1,1,2,20,13,61,0,1,58,57,2
0,0,0,1,16,1,0,2,28,13,61,0,1,86,67,2
0,2,0,1,8,0,0,0,29,13,61,0,1,69,98,1
0,2,0,1,7,1,0,2,20,13,61,0,1,58,57,2
1,1,0,1,3,1,1,1,19,15,65,1,0,51,79,0
1,2,0,1,20,1,1,0,28,15,65,1,0,80,96,2
1,0,0,1,10,1,1,3,26,15,65,1,0,60,47,2
1,1,1,1,3,1,2,1,19,15,65,0,0,51,79,0
1,2,1,1,20,1,2,0,28,15,65,0,0,80,96,2
1,0,1,1,10,1,2,3,26,15,65,0,0,60,47,2
1,2,1,1,4,0,2,0,25,14,92,2,1,64,86,0
1,1,1,1,12,1,2,2,20,14,92,2,1,92,64,2
1,2,1,1,4,0,1,0,25,14,92,2,1,64,86,0
1,1,1,1,12,1,1,2,20,14,92,2,1,92,64,2
0,1,1,1,18,0,2,1,23,12,74,0,0,63,81,2
0,1,0,1,18,0,1,1,23,12,74,1,0,63,81,2
1,2,0,1,12,1,0,3,22,16,90,1,1,57,52,2
1,3,0,1,3,1,0,2,23,16,90,1,0,79,62,2
1,2,0,1,12,1,1,3,22,16,90,1,1,57,52,2
1,3,0,1,3,1,1,2,23,16,90,1,0,79,62,2
1,2,1,1,12,1,2,3,22,16,90,0,1,57,52,2
1,3,1,1,3,1,2,2,23,16,90,0,0,79,62,2
1,0,0,1,20,1,2,3,25,22,94,0,0,61,51,2
1,2,0,1,8,0,2,0,20,22,94,0,1,87,94,1
1,0,0,1,13,0,2,3,25,22,94,0,1,62,50,2
1,0,1,1,20,1,1,3,25,22,94,0,0,61,51,2
1,2,1,1,8,0,1,0,20,22,94,0,1,87,94,1
1,0,1,1,13,0,1,3,25,22,94,0,1,62,50,2
1,0,1,1,20,1,2,3,25,22,94,1,0,61,51,2
1,2,1,1,8,0,2,0,20,22,94,1,1,87,94,1
1,0,1,1,13,0,2,3,25,22,94,1,1,62,50,2
1,3,1,1,7,1,1,0,19,18,75,0,1,50,97,2
1,3,1,1,2,0,1,0,19,18,75,0,1,76,96,0
1,3,1,1,7,1,1,0,19,18,75,2,1,50,97,2
1,3,1,1,2,0,1,0,19,18,75,2,1,76,96,0
1,3,1,1,7,1,0,0,19,18,75,1,1,50,97,2
1,3,1,1,2,0,0,0,19,18,75,1,1,76,96,0
0,1,1,1,16,0,1,1,20,11,71,1,0,53,75,2
0,0,1,1,18,1,1,2,18,11,71,1,0,96,67,2
0,3,1,1,8,1,1,3,21,11,71,1,1,86,42,0
0,3,1,1,14,0,1,0,28,11,71,1,1,60,86,2
0,3,1,1,2,0,0,3,23,14,100,2,1,50,53,0
0,3,1,1,3,1,0,1,20,14,100,2,1,52,73,1
0,0,1,1,1,1,0,2,29,14,100,2,1,76,56,0
0,1,1,1,14,0,0,0,22,14,100,2,1,80,94,1
0,3,0,1,2,0,0,3,23,14,100,0,1,50,53,0
0,3,0,1,3,1,0,1,20,14,100,0,1,52,73,1
0,0,0,1,1,1,0,2,29,14,100,0,1,76,56,0
0,1,0,1,14,0,0,0,22,14,100,0,1,80,94,1
0,3,1,1,2,0,1,3,23,14,100,1,1,50,53,0
0,3,1,1,3,1,1,1,20,14,100,1,1,52,73,1
0,0,1,1,1,1,1,2,29,14,100,1,1,76,56,0
0,1,1,1,14,0,1,0,22,14,100,1,1,80,94,1
0,2,1,1,20,0,1,0,22,20,75,0,1,88,99,0
0,2,1,1,19,1,1,2,29,20,75,0,0,94,66,1
0,1,1,1,1,1,1,0,26,20,75,0,1,66,94,2
0,2,0,1,20,0,1,0,22,20,75,1,1,88,99,0
0,2,0,1,19,1,1,2,29,20,75,1,0,94,66,1
0,1,0,1,1,1,1,0,26,20,75,1,1,66,94,2
0,2,1,1,20,0,1,0,22,20,75,2,1,88,99,0
0,2,1,1,19,1,1,2,29,20,75,2,0,94,66,1
0,1,1,1,1,1,1,0,26,20,75,2,1,66,94,2
0,0,1,0,18,0,2,3,18,29,76,0,1,84,42,1
0,2,1,0,12,0,2,0,18,29,76,0,1,65,91,2
0,2,1,0,9,0,2,1,26,29,76,0,1,71,76,2
0,1,1,0,1,0,2,0,22,29,76,0,1,75,97,2
0,1,1,0,15,1,2,0,19,29,76,0,1,71,90,2
0,0,1,1,18,0,2,3,18,29,76,1,1,84,42,1
0,2,1,1,12,0,2,0,18,29,76,1,1,65,91,2
0,2,1,1,9,0,2,1,26,29,76,1,1,71,76,2
0,1,1,1,1,0,2,0,22,29,76,1,1,75,97,2
0,1,1,1,15,1,2,0,19,29,76,1,1,71,90,2
1,3,0,1,2,1,1,0,25,28,86,1,0,58,89,2
1,3,1,1,2,1,1,0,25,28,86,1,0,58,89,2
0,1,0,0,18,0,1,2,20,27,92,1,0,89,67,0
0,1,1,1,18,0,0,2,20,27,92,2,0,89,67,0
0,1,1,1,18,0,1,2,20,27,92,0,0,89,67,0
1,3,0,1,19,1,0,2,24,15,71,1,1,59,68,0
1,2,0,1,1,0,0,1,18,15,71,1,1,62,73,0
1,3,0,1,10,1,0,0,18,15,71,1,1,80,95,0
1,3,0,1,19,1,2,2,24,15,71,0,1,59,68,0
1,2,0,1,1,0,2,1,18,15,71,0,1,62,73,0
1,3,0,1,10,1,2,0,18,15,71,0,1,80,95,0
0,0,0,1,5,1,2,0,27,7,64,1,1,84,93,2
0,1,0,1,20,1,2,1,18,7,64,1,1,96,81,2
0,0,0,1,2,1,2,2,23,7,64,1,1,54,66,2
0,1,0,1,11,0,2,0,19,7,64,1,1,80,96,0
0,1,1,1,16,1,2,1,19,28,81,1,0,69,73,1
0,3,1,1,4,0,2,3,27,28,81,1,1,93,52,2
0,0,1,1,18,1,2,1,18,28,81,1,0,56,74,2
1,2,0,1,12,0,2,0,22,30,68,1,0,100,100,0
1,0,0,1,17,1,2,3,26,30,68,1,1,52,41,0
1,2,0,1,20,0,2,1,21,17,89,1,0,92,81,1
1,0,1,1,9,0,1,3,23,5,83,1,1,92,40,2
1,0,1,1,8,1,1,3,19,5,83,1,1,88,51,2
1,2,0,1,20,1,2,0,29,13,96,1,0,95,91,0
1,2,0,1,10,0,2,1,27,13,96,1,1,72,74,0
1,0,0,1,18,1,2,3,26,13,96,1,0,50,53,2
1,2,0,1,20,1,2,0,29,13,96,0,0,95,91,0
1,2,0,1,10,0,2,1,27,13,96,0,1,72,74,0
1,0,0,1,18,1,2,3,26,13,96,0,0,50,53,2
1,2,0,1,20,1,1,0,29,13,96,1,0,95,91,0
1,2,0,1,10,0,1,1,27,13,96,1,1,72,74,0
1,0,0,1,18,1,1,3,26,13,96,1,0,50,53,2
1,2,1,0,20,1,2,0,29,13,96,1,0,95,91,0
1,2,1,0,10,0,2,1,27,13,96,1,1,72,74,0
1,0,1,0,18,1,2,3,26,13,96,1,0,50,53,2
0,2,1,1,0,0,1,1,24,19,99,2,0,71,80,1
0,0,1,1,12,1,1,1,26,19,99,2,0,64,74,1
0,1,1,1,19,1,1,0,25,19,99,2,0,53,94,2
0,3,1,1,20,1,1,3,28,19,99,2,1,66,52,2
0,0,1,1,16,0,1,1,18,19,99,2,1,91,83,0
0,2,1,0,0,0,2,1,24,19,99,2,0,71,80,1
0,0,1,0,12,1,2,1,26,19,99,2,0,64,74,1
0,1,1,0,19,1,2,0,25,19,99,2,0,53,94,2
0,3,1,0,20,1,2,3,28,19,99,2,1,66,52,2
0,0,1,0,16,0,2,1,18,19,99,2,1,91,83,0
0,2,1,1,0,0,0,1,24,19,99,0,0,71,80,1
0,0,1,1,12,1,0,1,26,19,99,0,0,64,74,1
0,1,1,1,19,1,0,0,25,19,99,0,0,53,94,2
0,3,1,1,20,1,0,3,28,19,99,0,1,66,52,2
0,0,1,1,16,0,0,1,18,19,99,0,1,91,83,0
1,1,0,1,3,0,2,2,19,29,98,0,1,77,69,2
1,0,0,1,6,1,2,2,22,29,98,0,1,52,58,2
1,1,1,1,3,0,2,2,19,29,98,0,1,77,69,2
1,0,1,1,6,1,2,2,22,29,98,0,1,52,58,2
0,3,1,1,7,1,1,3,27,17,73,0,0,99,47,2
0,1,1,1,6,1,1,1,29,17,73,0,0,78,80,0
0,3,1,1,7,1,1,3,27,17,73,2,0,99,47,2
0,1,1,1,6,1,1,1,29,17,73,2,0,78,80,0
0,3,0,1,7,1,2,3,27,17,73,1,0,99,47,2
0,1,0,1,6,1,2,1,29,17,73,1,0,78,80,0
0,3,0,1,7,1,0,3,27,17,73,2,0,99,47,2
0,1,0,1,6,1,0,1,29,17,73,2,0,78,80,0
0,2,1,1,0,1,1,0,28,19,68,0,1,79,94,2
0,2,0,0,0,1,2,0,28,19,68,1,1,79,94,2
0,2,0,1,0,1,2,0,28,19,68,1,1,79,94,2
0,2,0,0,0,1,2,0,28,19,68,0,1,79,94,2
0,3,1,1,8,1,1,2,18,23,63,2,1,86,63,2
0,3,1,1,8,1,1,2,18,23,63,1,1,86,63,2
0,3,0,1,8,1,2,2,18,23,63,0,1,86,63,2
1,1,0,0,0,1,1,1,25,25,94,0,1,97,79,2
1,2,0,1,16,1,0,2,29,15,100,1,0,58,65,0
1,2,0,1,16,1,2,2,29,15,100,2,0,58,65,0
1,2,1,1,16,1,1,2,29,15,100,1,0,58,65,0
1,3,1,1,4,1,2,1,21,36,66,2,1,50,81,2
1,0,1,1,10,1,2,2,24,9,71,1,0,83,58,1
1,3,0,1,16,0,0,1,20,25,80,1,0,52,79,2
1,2,0,1,1,1,0,1,23,25,80,1,0,75,79,2
1,3,1,1,16,0,1,1,20,25,80,0,0,52,79,2
1,2,1,1,1,1,1,1,23,25,80,0,0,75,79,2
0,3,0,0,9,1,2,0,27,18,90,2,1,71,85,2
0,2,0,0,4,0,2,2,26,18,90,2,1,74,60,0
0,3,1,1,9,1,2,0,27,18,90,1,1,71,85,2
0,2,1,1,4,0,2,2,26,18,90,1,1,74,60,0
0,3,1,1,9,1,1,0,27,18,90,2,1,71,85,2
0,2,1,1,4,0,1,2,26,18,90,2,1,74,60,0
0,3,0,1,9,1,1,0,27,18,90,0,1,71,85,2
0,2,0,1,4,0,1,2,26,18,90,0,1,74,60,0
0,3,1,1,9,1,2,0,27,18,90,0,1,71,85,2
0,2,1,1,4,0,2,2,26,18,90,0,1,74,60,0
1,3,0,1,3,0,1,2,27,8,75,1,0,89,55,1
1,3,0,1,9,1,1,1,21,8,75,1,0,64,77,2
1,1,0,1,20,1,1,0,27,8,75,1,1,84,100,2
1,3,1,1,20,0,1,0,23,27,77,0,0,82,91,2
1,3,0,1,20,0,2,0,23,27,77,2,0,82,91,2
1,3,1,1,20,0,2,0,23,27,77,0,0,82,91,2
1,1,0,1,14,1,1,0,21,10,63,1,1,90,100,2
1,1,0,1,11,1,1,0,27,10,63,1,1,73,89,1
1,1,0,1,14,1,1,2,24,10,63,1,1,93,66,0
1,1,0,1,1,1,1,0,27,10,63,1,0,69,97,2
1,1,0,1,6,0,1,1,18,10,63,1,1,85,82,0
1,1,0,0,14,1,2,0,21,10,63,0,1,90,100,2
1,1,0,0,11,1,2,0,27,10,63,0,1,73,89,1
1,1,0,0,14,1,2,2,24,10,63,0,1,93,66,0
1,1,0,0,1,1,2,0,27,10,63,0,0,69,97,2
1,1,0,0,6,0,2,1,18,10,63,0,1,85,82,0
1,1,0,1,14,1,1,0,21,10,63,0,1,90,100,2
1,1,0,1,11,1,1,0,27,10,63,0,1,73,89,1
1,1,0,1,14,1,1,2,24,10,63,0,1,93,66,0
1,1,0,1,1,1,1,0,27,10,63,0,0,69,97,2
1,1,0,1,6,0,1,1,18,10,63,0,1,85,82,0
1,3,0,1,1,1,1,2,27,22,92,1,1,55,56,2
1,0,0,1,14,1,1,3,29,22,92,1,0,51,42,0
1,1,0,1,19,1,1,2,22,22,92,1,1,65,63,2
1,3,0,1,1,1,0,2,27,22,92,1,1,55,56,2
1,0,0,1,14,1,0,3,29,22,92,1,0,51,42,0
1,1,0,1,19,1,0,2,22,22,92,1,1,65,63,2
1,3,1,1,1,1,0,2,27,22,92,2,1,55,56,2
1,0,1,1,14,1,0,3,29,22,92,2,0,51,42,0
1,1,1,1,19,1,0,2,22,22,92,2,1,65,63,2
1,3,1,1,1,1,0,2,27,22,92,0,1,55,56,2
1,0,1,1,14,1,0,3,29,22,92,0,0,51,42,0
1,1,1,1,19,1,0,2,22,22,92,0,1,65,63,2
1,3,0,1,1,1,2,2,27,22,92,0,1,55,56,2
1,0,0,1,14,1,2,3,29,22,92,0,0,51,42,0
1,1,0,1,19,1,2,2,22,22,92,0,1,65,63,2
1,3,0,1,1,1,0,2,27,22,92,0,1,55,56,2
1,0,0,1,14,1,0,3,29,22,92,0,0,51,42,0
1,1,0,1,19,1,0,2,22,22,92,0,1,65,63,2
1,3,0,1,1,1,2,2,27,22,92,1,1,55,56,2
1,0,0,1,14,1,2,3,29,22,92,1,0,51,42,0
1,1,0,1,19,1,2,2,22,22,92,1,1,65,63,2
1,3,1,1,1,1,1,2,27,22,92,1,1,55,56,2
1,0,1,1,14,1,1,3,29,22,92,1,0,51,42,0
1,1,1,1,19,1,1,2,22,22,92,1,1,65,63,2
0,2,1,1,17,1,2,3,20,29,64,1,0,99,49,2
0,2,0,1,17,1,1,3,20,29,64,1,0,99,49,2
0,0,1,1,0,0,2,1,28,13,67,1,0,56,82,2
0,0,1,1,17,1,2,1,21,13,67,1,0,84,81,2
0,0,1,1,3,1,0,0,29,21,77,0,1,83,92,1
0,0,1,1,3,1,0,0,29,21,77,2,1,83,92,1
0,0,1,1,3,1,1,0,29,21,77,1,1,83,92,1
0,0,1,1,3,1,1,0,29,21,77,0,1,83,92,1
1,3,1,1,19,1,2,0,25,7,84,0,1,63,88,1
1,3,1,1,20,0,2,2,20,7,84,0,1,84,55,2
1,3,1,0,19,1,1,0,25,7,84,1,1,63,88,1
1,3,1,0,20,0,1,2,20,7,84,1,1,84,55,2
1,3,0,1,19,1,2,0,25,7,84,1,1,63,88,1
1,3,0,1,20,0,2,2,20,7,84,1,1,84,55,2
1,0,1,1,18,0,0,1,18,7,66,2,0,64,79,2
1,2,1,1,9,1,0,2,21,7,66,2,0,56,65,1
1,2,1,1,9,1,0,1,19,7,66,2,1,67,70,1
1,2,0,1,9,1,2,2,29,7,64,2,1,79,60,1
1,3,1,1,14,1,1,2,21,28,84,1,1,78,65,1
1,2,1,1,18,1,1,3,24,28,84,1,1,100,44,2
1,3,1,1,14,1,2,2,21,28,84,2,1,78,65,1
1,2,1,1,18,1,2,3,24,28,84,2,1,100,44,2
0,1,1,1,17,1,1,2,25,7,70,1,1,53,62,2
0,1,1,1,19,1,1,3,24,7,70,1,0,61,41,2
0,2,0,1,12,0,1,0,21,23,95,0,1,54,98,2
0,2,0,1,13,1,1,1,26,23,95,0,0,64,73,2
0,2,0,1,12,0,0,0,21,23,95,2,1,54,98,2
0,2,0,1,13,1,0,1,26,23,95,2,0,64,73,2
0,2,1,1,12,0,1,0,21,23,95,2,1,54,98,2
0,2,1,1,13,1,1,1,26,23,95,2,0,64,73,2
0,2,0,1,12,0,1,0,21,23,95,1,1,54,98,2
0,2,0,1,13,1,1,1,26,23,95,1,0,64,73,2
0,3,0,1,18,0,0,0,21,44,68,0,0,99,85,2
0,3,0,1,8,0,1,1,25,7,98,2,1,65,77,1
0,3,0,1,12,0,1,2,19,7,98,2,0,56,59,2
1,0,0,1,1,0,0,3,26,28,69,0,1,54,42,1
1,0,0,1,1,0,2,3,26,28,69,0,1,54,42,1
1,0,1,1,1,0,1,3,26,28,69,1,1,54,42,1
1,0,1,0,1,0,2,3,26,28,69,0,1,54,42,1
1,0,1,1,1,0,2,3,26,28,69,0,1,54,42,1
1,0,0,1,1,0,0,3,26,28,69,1,1,54,42,1
1,3,0,1,16,1,1,0,22,29,73,0,1,76,90,2
1,1,0,1,3,0,1,0,21,29,73,0,1,52,91,0
0,3,1,1,5,1,1,2,21,10,93,1,0,52,63,1
0,3,1,1,2,0,1,2,18,10,93,1,1,76,56,2
0,2,1,1,9,1,1,1,23,10,93,1,1,76,73,2
0,3,0,1,0,0,1,1,27,18,61,1,0,54,82,2
0,1,0,1,12,1,1,2,24,18,61,1,1,97,66,2
0,3,0,1,0,0,0,1,27,18,61,1,0,54,82,2
0,1,0,1,12,1,0,2,24,18,61,1,1,97,66,2
0,3,1,1,0,0,0,1,27,18,61,2,0,54,82,2
0,1,1,1,12,1,0,2,24,18,61,2,1,97,66,2
0,2,1,0,16,1,1,3,28,17,66,1,0,77,49,2
0,0,1,0,15,1,1,2,21,17,66,1,1,88,68,0
0,2,1,0,8,0,1,0,26,17,66,1,1,77,85,2
0,3,1,0,12,0,1,2,26,17,66,1,1,89,57,1
0,2,0,1,16,1,1,3,28,17,66,1,0,77,49,2
0,0,0,1,15,1,1,2,21,17,66,1,1,88,68,0
0,2,0,1,8,0,1,0,26,17,66,1,1,77,85,2
0,3,0,1,12,0,1,2,26,17,66,1,1,89,57,1
1,0,1,1,15,0,1,3,28,14,75,1,1,78,42,2
1,0,0,1,15,0,1,3,28,14,75,1,1,78,42,2
1,0,1,1,7,1,2,3,23,16,60,0,1,96,44,0
1,0,0,1,7,1,0,3,23,16,60,0,1,96,44,0
0,3,1,1,20,1,1,0,23,9,90,0,0,86,98,0
1,0,0,1,16,1,1,0,28,9,91,2,0,76,91,0
1,0,0,1,9,1,1,2,21,9,91,2,0,84,58,2
1,0,1,1,12,1,1,0,27,32,75,2,1,98,99,2
1,3,1,1,17,0,1,2,29,32,75,2,1,51,62,2
1,0,0,1,12,1,0,0,27,32,75,1,1,98,99,2
1,3,0,1,17,0,0,2,29,32,75,1,1,51,62,2
1,0,0,1,1,1,2,0,28,10,97,0,0,98,89,1
1,2,0,1,0,1,2,2,18,10,97,0,1,92,66,2
1,1,0,1,18,0,2,0,21,10,97,0,1,73,91,2
1,3,0,1,14,1,1,0,18,34,68,2,1,70,87,2
0,3,0,1,20,1,2,2,27,14,71,1,0,62,62,0
0,2,0,1,11,1,2,0,25,14,71,1,1,89,94,1
0,3,1,1,20,1,0,2,27,14,71,0,0,62,62,0
0,2,1,1,11,1,0,0,25,14,71,0,1,89,94,1
0,3,1,1,20,1,2,2,27,14,71,1,0,62,62,0
0,2,1,1,11,1,2,0,25,14,71,1,1,89,94,1
0,3,1,1,17,1,1,2,18,22,100,1,0,69,59,2
0,2,1,1,4,1,1,2,28,22,100,1,1,53,65,0
0,0,1,1,18,1,0,0,29,9,60,1,1,72,97,2
0,2,1,1,8,1,0,0,24,9,60,1,1,96,85,1
0,3,1,1,5,1,0,0,29,9,60,1,1,66,94,2
0,1,1,1,4,1,1,0,26,31,84,0,1,94,99,2
0,0,1,1,18,1,0,2,29,11,88,0,1,52,60,1
1,3,0,1,4,0,1,0,27,28,78,0,0,98,87,0
1,3,1,1,4,0,1,0,27,28,78,0,0,98,87,0
0,0,1,1,19,1,0,2,24,12,77,1,1,86,64,0
0,3,1,1,3,1,0,1,23,12,77,1,0,69,76,1
0,0,1,1,18,1,0,0,18,12,77,1,1,100,94,1
0,0,0,1,19,1,1,2,24,12,77,0,1,86,64,0
0,3,0,1,3,1,1,1,23,12,77,0,0,69,76,1
0,0,0,1,18,1,1,0,18,12,77,0,1,100,94,1
0,2,1,1,1,1,1,1,28,27,65,1,1,84,78,2
1,1,0,1,15,1,0,2,25,18,63,1,0,75,61,0
1,2,0,1,9,1,0,1,21,18,63,1,0,79,72,2
1,1,0,1,15,1,2,2,25,18,63,1,0,75,61,0
1,2,0,1,9,1,2,1,21,18,63,1,0,79,72,2
0,3,0,1,12,1,0,0,23,21,97,1,0,61,87,2
0,3,0,1,5,1,0,2,22,21,97,1,0,91,57,2
0,3,0,1,12,1,2,0,23,21,97,0,0,61,87,2
0,3,0,1,5,1,2,2,22,21,97,0,0,91,57,2
0,3,1,1,12,1,1,0,23,21,97,2,0,61,87,2
0,3,1,1,5,1,1,2,22,21,97,2,0,91,57,2
0,3,1,1,11,1,1,3,27,17,90,0,1,82,53,2
0,2,1,1,10,0,1,2,28,17,90,0,0,71,56,2
0,0,1,1,8,0,1,0,20,17,90,0,0,86,91,1
0,2,1,1,16,1,1,1,28,17,90,0,1,56,77,0
0,0,1,1,18,1,1,3,26,17,90,0,1,76,42,2
0,3,0,1,11,1,2,3,27,17,90,1,1,82,53,2
0,2,0,1,10,0,2,2,28,17,90,1,0,71,56,2
0,0,0,1,8,0,2,0,20,17,90,1,0,86,91,1
0,2,0,1,16,1,2,1,28,17,90,1,1,56,77,0
0,0,0,1,18,1,2,3,26,17,90,1,1,76,42,2
0,3,1,1,11,1,2,3,27,17,90,0,1,82,53,2
0,2,1,1,10,0,2,2,28,17,90,0,0,71,56,2
0,0,1,1,8,0,2,0,20,17,90,0,0,86,91,1
0,2,1,1,16,1,2,1,28,17,90,0,1,56,77,0
0,0,1,1,18,1,2,3,26,17,90,0,1,76,42,2
0,3,0,1,19,1,1,2,18,5,88,1,1,75,66,1
0,2,1,1,7,1,1,1,29,16,70,2,0,62,71,2
0,0,1,1,11,0,1,0,28,16,70,2,1,81,97,1
0,2,1,1,15,1,1,1,23,16,70,2,1,59,78,2
0,2,0,0,7,1,2,1,29,16,70,2,0,62,71,2
0,0,0,0,11,0,2,0,28,16,70,2,1,81,97,1
0,2,0,0,15,1,2,1,23,16,70,2,1,59,78,2
0,0,1,1,6,1,2,2,26,21,87,2,0,63,55,0
0,3,1,1,0,0,2,3,19,21,87,2,0,56,43,2
0,0,1,1,6,1,1,2,26,21,87,1,0,63,55,0
0,3,1,1,0,0,1,3,19,21,87,1,0,56,43,2
0,0,1,1,6,1,0,2,26,21,87,1,0,63,55,0
0,3,1,1,0,0,0,3,19,21,87,1,0,56,43,2
0,3,0,1,19,0,1,3,18,21,85,1,1,72,45,2
0,2,0,1,17,1,1,2,26,21,85,1,0,85,56,1
0,0,0,1,6,0,1,3,18,21,85,1,0,97,52,1
0,3,0,1,19,0,1,3,18,21,85,0,1,72,45,2
0,2,0,1,17,1,1,2,26,21,85,0,0,85,56,1
0,0,0,1,6,0,1,3,18,21,85,0,0,97,52,1
0,3,1,1,19,0,2,3,18,21,85,1,1,72,45,2
0,2,1,1,17,1,2,2,26,21,85,1,0,85,56,1
0,0,1,1,6,0,2,3,18,21,85,1,0,97,52,1
0,3,1,1,19,0,1,3,18,21,85,0,1,72,45,2
0,2,1,1,17,1,1,2,26,21,85,0,0,85,56,1
0,0,1,1,6,0,1,3,18,21,85,0,0,97,52,1
1,0,0,1,11,1,1,0,19,8,80,1,0,82,91,0
1,1,0,1,0,1,1,1,20,8,80,1,1,71,82,2
1,3,0,1,15,1,1,2,27,8,80,1,1,62,66,0
1,0,1,1,11,1,1,0,19,8,80,1,0,82,91,0
1,1,1,1,0,1,1,1,20,8,80,1,1,71,82,2
1,3,1,1,15,1,1,2,27,8,80,1,1,62,66,0
0,0,0,1,20,1,2,2,24,27,91,1,1,98,58,1
0,0,0,1,17,1,2,1,27,27,91,1,1,55,70,0
0,1,0,1,19,0,2,0,22,27,91,1,1,89,95,2
0,0,0,1,12,1,2,2,26,27,91,1,0,92,60,0
0,3,0,1,3,1,2,1,26,27,91,1,0,80,84,2
0,0,1,1,20,1,2,2,24,27,91,0,1,98,58,1
0,0,1,1,17,1,2,1,27,27,91,0,1,55,70,0
0,1,1,1,19,0,2,0,22,27,91,0,1,89,95,2
0,0,1,1,12,1,2,2,26,27,91,0,0,92,60,0
0,3,1,1,3,1,2,1,26,27,91,0,0,80,84,2
0,0,0,1,20,1,1,2,24,27,91,1,1,98,58,1
0,0,0,1,17,1,1,1,27,27,91,1,1,55,70,0
0,1,0,1,19,0,1,0,22,27,91,1,1,89,95,2
0,0,0,1,12,1,1,2,26,27,91,1,0,92,60,0
0,3,0,1,3,1,1,1,26,27,91,1,0,80,84,2
0,0,0,0,20,1,2,2,24,27,91,1,1,98,58,1
0,0,0,0,17,1,2,1,27,27,91,1,1,55,70,0
0,1,0,0,19,0,2,0,22,27,91,1,1,89,95,2
0,0,0,0,12,1,2,2,26,27,91,1,0,92,60,0
0,3,0,0,3,1,2,1,26,27,91,1,0,80,84,2
0,3,1,1,2,0,1,3,28,15,93,1,0,95,42,2
0,2,1,1,20,1,1,3,20,15,93,1,1,96,42,2
0,1,1,1,15,1,1,0,23,15,93,1,0,62,92,2
0,1,1,1,2,1,1,3,21,15,93,1,1,58,54,1
0,3,0,1,2,0,1,3,28,15,93,2,0,95,42,2
0,2,0,1,20,1,1,3,20,15,93,2,1,96,42,2
0,1,0,1,15,1,1,0,23,15,93,2,0,62,92,2
0,1,0,1,2,1,1,3,21,15,93,2,1,58,54,1
0,3,1,1,2,0,0,3,28,15,93,0,0,95,42,2
0,2,1,1,20,1,0,3,20,15,93,0,1,96,42,2
0,1,1,1,15,1,0,0,23,15,93,0,0,62,92,2
0,1,1,1,2,1,0,3,21,15,93,0,1,58,54,1
0,3,1,1,3,1,1,2,22,11,99,1,0,93,56,2
0,1,1,1,15,1,1,3,21,11,99,1,1,94,49,1
0,3,0,1,3,1,1,2,22,11,99,1,0,93,56,2
0,1,0,1,15,1,1,3,21,11,99,1,1,94,49,1
0,1,1,1,17,1,0,2,24,31,77,2,1,88,60,1
0,2,1,1,5,1,0,2,28,31,77,2,1,80,65,2
0,3,0,1,0,1,1,0,29,31,61,1,1,80,94,1
0,2,0,1,2,0,1,3,23,31,61,1,0,85,49,1
0,2,0,1,15,0,1,2,23,31,61,1,0,53,68,2
0,1,0,1,5,1,1,3,18,31,61,1,0,93,40,0
0,1,0,1,17,1,1,2,18,21,68,0,1,84,61,1
0,0,0,1,12,1,1,1,28,21,68,0,1,87,84,2
0,0,0,1,15,1,1,3,23,21,68,0,0,52,54,2
1,1,0,1,0,1,0,1,22,27,62,1,1,66,74,2
1,1,0,1,0,1,1,1,22,27,62,0,1,66,74,2
1,1,1,1,0,1,0,1,22,27,62,1,1,66,74,2
1,1,0,1,0,1,1,1,22,27,62,1,1,66,74,2
0,3,0,1,8,0,0,2,23,23,83,1,1,94,66,2
0,1,0,1,2,1,0,0,27,23,83,1,1,58,99,1
0,1,0,1,6,0,0,0,24,23,83,1,0,95,99,1
0,0,0,1,8,0,0,0,21,23,83,1,1,71,94,0
0,3,0,1,15,1,0,2,18,23,83,1,0,60,66,2
0,3,1,0,8,0,0,2,23,23,83,1,1,94,66,2
0,1,1,0,2,1,0,0,27,23,83,1,1,58,99,1
0,1,1,0,6,0,0,0,24,23,83,1,0,95,99,1
0,0,1,0,8,0,0,0,21,23,83,1,1,71,94,0
0,3,1,0,15,1,0,2,18,23,83,1,0,60,66,2
0,1,1,1,1,1,0,0,24,16,98,1,0,59,94,0
0,0,1,1,3,0,0,3,23,16,98,1,0,52,51,1
0,1,1,1,16,0,0,3,20,16,98,1,1,96,49,1
0,1,0,1,1,1,1,0,24,16,98,1,0,59,94,0
0,0,0,1,3,0,1,3,23,16,98,1,0,52,51,1
0,1,0,1,16,0,1,3,20,16,98,1,1,96,49,1
1,1,1,1,0,0,2,2,29,12,62,2,1,61,58,0
1,1,1,1,9,1,2,0,20,12,62,2,0,87,100,2
1,2,0,1,4,1,0,3,27,9,100,1,1,76,47,2
1,1,0,1,2,1,0,3,28,9,100,1,1,77,43,0
1,0,0,1,8,1,0,1,20,9,100,1,0,99,71,1
1,0,1,1,0,0,2,0,27,13,74,1,0,82,89,1
1,2,1,1,11,1,2,3,23,13,74,1,1,62,49,1
1,0,0,1,0,0,1,0,27,13,74,0,0,82,89,1
1,2,0,1,11,1,1,3,23,13,74,0,1,62,49,1
1,0,1,1,0,0,2,0,27,13,74,2,0,82,89,1
1,2,1,1,11,1,2,3,23,13,74,2,1,62,49,1
0,3,0,1,1,1,0,1,20,17,62,1,1,72,81,2
0,0,0,1,15,0,0,1,26,17,62,1,1,87,81,1
0,3,0,1,13,1,0,3,18,17,62,1,0,69,50,2
0,2,0,1,6,1,0,1,26,17,62,1,1,94,76,1
0,3,0,1,3,1,0,1,27,17,62,1,1,83,81,0
0,2,0,1,20,0,0,3,20,17,62,1,1,60,44,0
0,3,0,1,1,1,0,1,20,17,62,2,1,72,81,2
0,0,0,1,15,0,0,1,26,17,62,2,1,87,81,1
0,3,0,1,13,1,0,3,18,17,62,2,0,69,50,2
0,2,0,1,6,1,0,1,26,17,62,2,1,94,76,1
0,3,0,1,3,1,0,1,27,17,62,2,1,83,81,0
0,2,0,1,20,0,0,3,20,17,62,2,1,60,44,0
0,0,0,1,5,1,1,0,22,9,75,0,1,58,98,0
0,2,0,1,4,1,1,1,23,9,75,0,1,89,72,2
0,1,0,1,11,1,1,1,21,9,75,0,1,94,84,1
0,1,1,1,1,0,1,1,29,10,69,0,1,60,82,2
0,1,0,1,1,0,1,1,29,10,69,1,1,60,82,2
1,3,1,0,17,1,0,1,27,29,63,2,1,87,72,2
1,1,1,1,9,1,2,1,23,7,63,1,1,53,76,1
1,1,1,1,12,0,2,3,29,7,63,1,1,91,51,2
1,3,1,1,15,1,2,0,24,7,63,1,1,52,98,1
1,1,1,1,13,1,2,2,18,7,63,1,1,69,56,2
0,1,1,1,7,1,2,0,29,15,88,1,1,94,87,2
0,3,1,1,11,1,2,1,23,15,88,1,0,93,71,2
0,1,1,1,7,1,1,0,29,15,88,1,1,94,87,2
0,3,1,1,11,1,1,1,23,15,88,1,0,93,71,2
1,3,0,1,2,1,2,3,24,10,77,0,0,82,43,2
1,3,0,1,2,1,2,3,24,10,77,1,0,82,43,2
1,2,0,1,16,1,2,2,27,13,80,1,0,79,63,2
1,0,0,1,0,0,2,1,24,13,80,1,0,63,80,0
1,0,0,1,5,0,2,3,28,13,80,1,1,91,43,2
0,0,1,1,10,0,0,0,26,9,83,1,0,89,88,1
0,1,1,1,0,0,0,0,21,9,83,1,1,72,92,1
0,3,1,1,0,1,0,0,28,14,92,0,0,85,90,1
0,0,1,1,10,0,0,0,22,14,92,0,1,91,94,2
0,2,1,1,10,1,0,2,24,14,92,0,1,54,68,1
1,1,0,1,1,1,2,1,21,11,60,2,0,98,78,2
1,0,0,1,11,1,2,0,26,11,60,2,0,79,92,1
0,1,1,1,16,1,1,0,20,26,64,0,1,76,96,2
0,2,1,1,3,1,1,3,25,26,64,0,1,100,44,2
0,3,1,1,13,1,1,2,25,26,64,0,1,80,61,1
0,1,1,1,18,1,1,0,21,26,64,0,0,65,94,2
1,1,0,0,3,1,1,1,26,13,86,1,0,99,82,0
1,3,0,0,3,1,1,0,24,13,86,1,1,96,90,2
1,1,0,1,3,1,2,1,26,13,86,1,0,99,82,0
1,3,0,1,3,1,2,0,24,13,86,1,1,96,90,2
1,1,1,1,3,1,0,1,26,13,86,1,0,99,82,0
1,3,1,1,3,1,0,0,24,13,86,1,1,96,90,2
1,1,0,1,3,1,1,1,26,13,86,1,0,99,82,0
1,3,0,1,3,1,1,0,24,13,86,1,1,96,90,2
1,1,1,1,3,1,2,1,26,13,86,1,0,99,82,0
1,3,1,1,3,1,2,0,24,13,86,1,1,96,90,2
1,2,0,0,18,0,0,1,22,9,87,0,1,53,72,2
1,1,1,1,5,0,2,3,20,9,62,2,1,81,52,2
1,1,1,1,20,0,2,2,27,9,62,2,1,90,57,1
1,1,1,1,17,1,2,0,25,9,62,2,1,99,99,2
0,0,1,1,7,1,1,1,23,28,72,0,1,74,76,1
0,3,1,1,17,1,1,1,18,28,72,0,1,56,79,2
0,1,1,1,14,0,1,1,20,28,72,0,1,96,74,2
0,2,1,1,8,1,1,2,19,28,72,0,1,93,63,1
0,0,0,1,7,1,0,1,23,28,72,2,1,74,76,1
0,3,0,1,17,1,0,1,18,28,72,2,1,56,79,2
0,1,0,1,14,0,0,1,20,28,72,2,1,96,74,2
0,2,0,1,8,1,0,2,19,28,72,2,1,93,63,1
0,0,0,1,4,1,0,3,21,16,92,2,1,98,51,2
0,0,0,1,14,0,0,2,23,16,92,2,1,65,57,1
0,0,0,1,18,1,0,3,18,16,92,2,1,81,46,0
0,0,0,0,4,1,1,3,21,16,92,0,1,98,51,2
0,0,0,0,14,0,1,2,23,16,92,0,1,65,57,1
0,0,0,0,18,1,1,3,18,16,92,0,1,81,46,0
0,0,1,1,4,1,1,3,21,16,92,2,1,98,51,2
0,0,1,1,14,0,1,2,23,16,92,2,1,65,57,1
0,0,1,1,18,1,1,3,18,16,92,2,1,81,46,0
0,0,1,1,4,1,0,3,21,16,92,0,1,98,51,2
0,0,1,1,14,0,0,2,23,16,92,0,1,65,57,1
0,0,1,1,18,1,0,3,18,16,92,0,1,81,46,0
0,1,0,0,15,0,1,1,29,15,81,0,1,69,79,2
0,3,0,0,15,1,1,3,21,15,81,0,1,97,51,2
0,1,0,0,9,1,1,3,18,15,81,0,1,90,47,1
0,1,0,1,15,0,1,1,29,15,81,2,1,69,79,2
0,3,0,1,15,1,1,3,21,15,81,2,1,97,51,2
0,1,0,1,9,1,1,3,18,15,81,2,1,90,47,1
0,1,1,1,15,0,2,1,29,15,81,2,1,69,79,2
0,3,1,1,15,1,2,3,21,15,81,2,1,97,51,2
0,1,1,1,9,1,2,3,18,15,81,2,1,90,47,1
0,3,0,1,8,0,1,3,28,27,75,1,1,100,47,2
0,2,0,1,17,1,1,2,29,27,75,1,1,96,55,0
0,2,0,1,5,1,1,2,21,27,75,1,1,85,62,1
0,3,0,0,8,0,1,3,28,27,75,1,1,100,47,2
0,2,0,0,17,1,1,2,29,27,75,1,1,96,55,0
0,2,0,0,5,1,1,2,21,27,75,1,1,85,62,1
0,3,1,1,8,0,0,3,28,27,75,0,1,100,47,2
0,2,1,1,17,1,0,2,29,27,75,0,1,96,55,0
0,2,1,1,5,1,0,2,21,27,75,0,1,85,62,1
0,0,1,0,5,1,2,3,23,30,98,2,1,76,43,2
0,0,1,1,5,1,2,3,23,30,98,1,1,76,43,2
1,3,1,1,17,0,1,2,23,10,74,2,0,87,67,1
0,3,1,1,12,1,2,0,22,24,75,2,1,74,90,0
0,3,1,1,2,1,2,0,28,24,75,2,1,77,96,1
0,3,1,1,12,1,1,0,22,24,75,0,1,74,90,0
0,3,1,1,2,1,1,0,28,24,75,0,1,77,96,1
0,0,1,1,14,0,2,0,22,28,68,1,1,66,87,2
0,0,1,1,11,1,2,0,24,28,68,1,1,90,89,2
0,3,1,1,18,1,2,1,28,28,68,1,1,77,75,1
0,0,0,1,11,1,1,2,20,14,91,2,1,87,62,0
0,0,0,1,0,1,1,0,28,14,91,2,1,84,99,0
0,3,1,1,12,1,1,2,18,8,71,1,1,79,66,2
0,2,1,1,16,1,1,0,18,8,71,1,1,63,98,2
0,0,1,1,2,1,1,1,22,8,71,1,1,77,72,1
0,1,1,1,16,0,1,0,25,8,71,1,1,81,93,2
0,3,1,0,12,1,1,2,18,8,71,1,1,79,66,2
0,2,1,0,16,1,1,0,18,8,71,1,1,63,98,2
0,0,1,0,2,1,1,1,22,8,71,1,1,77,72,1
0,1,1,0,16,0,1,0,25,8,71,1,1,81,93,2
1,0,1,1,4,1,1,0,20,14,63,2,0,72,93,0
1,3,1,1,6,1,1,0,21,14,63,2,1,52,92,2
1,0,0,1,4,1,0,0,20,14,63,1,0,72,93,0
1,3,0,1,6,1,0,0,21,14,63,1,1,52,92,2
1,3,1,1,1,1,1,0,27,31,62,2,1,55,93,0
0,3,1,1,18,0,0,3,19,21,74,0,1,84,44,1
0,1,1,1,14,1,0,2,19,21,74,0,0,51,65,1
0,1,1,1,14,1,0,1,25,21,74,0,0,87,80,2
0,2,1,1,19,0,0,0,20,21,74,0,1,50,98,0
0,0,1,1,19,1,0,1,29,21,74,0,0,53,84,2
0,0,1,1,14,0,0,0,20,21,74,0,1,64,100,1
0,3,1,1,18,0,1,3,19,21,74,0,1,84,44,1
0,1,1,1,14,1,1,2,19,21,74,0,0,51,65,1
0,1,1,1,14,1,1,1,25,21,74,0,0,87,80,2
0,2,1,1,19,0,1,0,20,21,74,0,1,50,98,0
0,0,1,1,19,1,1,1,29,21,74,0,0,53,84,2
0,0,1,1,14,0,1,0,20,21,74,0,1,64,100,1
0,3,1,1,18,0,2,3,19,21,74,0,1,84,44,1
0,1,1,1,14,1,2,2,19,21,74,0,0,51,65,1
0,1,1,1,14,1,2,1,25,21,74,0,0,87,80,2
0,2,1,1,19,0,2,0,20,21,74,0,1,50,98,0
0,0,1,1,19,1,2,1,29,21,74,0,0,53,84,2
0,0,1,1,14,0,2,0,20,21,74,0,1,64,100,1
1,2,0,1,1,1,0,1,20,26,77,1,1,79,83,2
1,2,1,1,1,1,1,1,20,26,77,0,1,79,83,2
1,2,1,1,1,1,1,1,20,26,77,1,1,79,83,2
1,2,1,1,11,1,1,3,27,37,96,1,1,92,41,2
1,0,0,1,1,1,1,3,22,19,73,1,1,69,42,2
1,0,1,1,1,1,1,3,22,19,73,1,1,69,42,2
0,2,1,1,18,1,0,0,26,21,64,2,0,68,93,1
0,3,1,1,6,1,0,2,24,21,64,2,0,64,64,1
0,2,1,1,18,1,2,0,26,21,64,0,0,68,93,1
0,3,1,1,6,1,2,2,24,21,64,0,0,64,64,1
0,2,0,1,18,1,0,0,26,21,64,2,0,68,93,1
0,3,0,1,6,1,0,2,24,21,64,2,0,64,64,1
1,2,1,0,12,1,2,1,27,15,63,0,1,50,71,1
1,3,1,0,18,1,2,2,20,15,63,0,0,72,68,2
1,1,1,0,14,1,2,1,19,15,63,0,1,53,73,2
1,0,1,0,19,0,2,2,29,15,63,0,1,51,66,0
1,2,1,1,12,1,0,1,27,15,63,1,1,50,71,1
1,3,1,1,18,1,0,2,20,15,63,1,0,72,68,2
1,1,1,1,14,1,0,1,19,15,63,1,1,53,73,2
1,0,1,1,19,0,0,2,29,15,63,1,1,51,66,0
1,2,1,1,12,1,1,1,27,15,63,0,1,50,71,1
1,3,1,1,18,1,1,2,20,15,63,0,0,72,68,2
1,1,1,1,14,1,1,1,19,15,63,0,1,53,73,2
1,0,1,1,19,0,1,2,29,15,63,0,1,51,66,0
1,2,0,1,12,1,2,1,27,15,63,2,1,50,71,1
1,3,0,1,18,1,2,2,20,15,63,2,0,72,68,2
1,1,0,1,14,1,2,1,19,15,63,2,1,53,73,2
1,0,0,1,19,0,2,2,29,15,63,2,1,51,66,0
1,0,1,1,13,1,2,3,24,24,96,1,1,52,51,2
1,1,1,1,6,1,2,3,21,24,96,1,1,86,50,2
1,3,1,1,16,1,2,0,28,24,96,1,0,62,89,2
1,1,1,1,9,1,2,2,19,24,96,1,0,80,60,2
1,3,0,1,14,1,1,2,20,18,100,1,1,54,58,1
1,3,1,1,14,1,1,2,20,18,100,1,1,54,58,1
1,3,1,0,14,1,0,2,20,18,100,2,1,54,58,1
0,1,0,1,1,1,2,1,18,21,75,0,0,79,72,2
0,0,0,1,14,1,2,3,22,21,75,0,1,53,48,2
0,3,0,1,13,1,2,0,22,21,75,0,0,98,94,0
0,1,0,1,1,1,2,1,18,21,75,2,0,79,72,2
0,0,0,1,14,1,2,3,22,21,75,2,1,53,48,2
0,3,0,1,13,1,2,0,22,21,75,2,0,98,94,0
0,0,0,1,13,1,1,0,23,20,88,1,0,57,99,2
0,1,0,1,8,1,1,1,29,20,88,1,0,84,82,2
0,2,0,1,14,1,1,0,21,20,88,1,1,73,89,2
0,0,1,1,13,1,1,0,23,20,88,1,0,57,99,2
0,1,1,1,8,1,1,1,29,20,88,1,0,84,82,2
0,2,1,1,14,1,1,0,21,20,88,1,1,73,89,2
0,3,0,1,13,1,1,1,18,25,96,1,1,57,79,2
0,1,0,1,19,1,1,0,20,25,96,1,1,82,91,0
0,0,0,1,13,1,1,0,19,25,96,1,1,72,94,2
0,2,0,1,13,1,1,2,20,25,96,1,1,90,60,0
1,2,1,1,11,1,1,2,20,29,69,1,1,100,61,2
1,3,1,1,9,1,1,3,25,29,69,1,1,78,51,1
1,2,1,1,18,1,1,2,26,29,69,1,1,83,64,2
0,3,0,0,0,1,0,0,20,29,67,1,1,91,91,2
0,3,0,0,0,1,2,0,20,29,67,1,1,91,91,2
0,3,1,1,0,1,0,0,20,29,67,1,1,91,91,2
0,1,1,0,6,1,1,0,19,5,69,1,1,61,94,1
0,1,1,0,17,1,1,0,24,5,69,1,0,88,86,2
0,0,1,0,10,1,1,2,22,5,69,1,1,99,58,2
1,2,0,1,8,0,1,2,27,28,80,0,0,96,62,2
1,2,0,1,8,0,2,2,27,28,80,2,0,96,62,2
1,2,0,1,8,0,2,2,27,28,80,1,0,96,62,2
1,0,1,1,20,1,1,3,23,13,98,2,0,90,50,2
1,2,1,1,18,0,1,3,29,13,98,2,1,58,49,0
1,0,1,1,20,1,0,3,23,13,98,1,0,90,50,2
1,2,1,1,18,0,0,3,29,13,98,1,1,58,49,0
1,0,1,1,1,1,2,3,18,30,62,1,0,87,50,2
0,2,1,1,13,1,2,3,27,13,73,2,0,76,41,0
0,2,0,1,13,1,2,3,27,13,73,1,0,76,41,0
0,3,0,1,18,1,0,2,24,31,96,0,1,99,63,1
0,1,0,1,3,1,0,3,20,31,96,0,0,90,46,0
0,1,0,1,2,0,0,0,24,31,96,0,1,67,89,2
0,3,1,1,18,1,1,2,24,31,96,1,1,99,63,1
0,1,1,1,3,1,1,3,20,31,96,1,0,90,46,0
0,1,1,1,2,0,1,0,24,31,96,1,1,67,89,2
0,3,0,1,0,0,2,0,21,13,65,0,1,78,91,2
0,1,0,1,14,1,2,2,24,13,65,0,0,65,58,0
0,0,0,1,14,1,2,0,28,13,65,0,0,94,86,1
0,3,0,1,16,0,2,1,19,13,65,0,0,73,73,0
0,2,0,1,9,1,2,0,19,13,65,0,0,80,100,2
0,3,1,1,0,0,2,0,21,13,65,1,1,78,91,2
0,1,1,1,14,1,2,2,24,13,65,1,0,65,58,0
0,0,1,1,14,1,2,0,28,13,65,1,0,94,86,1
0,3,1,1,16,0,2,1,19,13,65,1,0,73,73,0
0,2,1,1,9,1,2,0,19,13,65,1,0,80,100,2
1,1,1,1,4,0,2,3,27,34,84,1,0,72,48,2
1,1,1,1,7,0,2,0,29,34,84,1,1,89,94,2
1,0,1,1,19,0,2,0,29,34,84,1,1,83,91,2
1,0,1,1,20,0,2,1,22,34,84,1,1,96,83,2
1,3,1,1,5,0,2,1,24,34,84,1,1,60,78,2
0,3,1,1,19,1,1,1,26,21,94,1,1,56,77,0
0,3,1,1,7,1,1,1,24,21,94,1,1,70,71,2
0,3,0,1,19,1,2,1,26,21,94,0,1,56,77,0
0,3,0,1,7,1,2,1,24,21,94,0,1,70,71,2
0,3,1,1,19,1,0,1,26,21,94,0,1,56,77,0
0,3,1,1,7,1,0,1,24,21,94,0,1,70,71,2
0,3,0,1,19,1,1,1,26,21,94,0,1,56,77,0
0,3,0,1,7,1,1,1,24,21,94,0,1,70,71,2
1,0,1,1,6,1,2,0,20,20,63,1,1,51,99,0
1,3,1,1,17,1,2,0,18,20,63,1,1,66,94,0
1,0,1,1,6,1,1,0,20,20,63,1,1,51,99,0
1,3,1,1,17,1,1,0,18,20,63,1,1,66,94,0
1,0,0,1,6,1,1,0,20,20,63,0,1,51,99,0
1,3,0,1,17,1,1,0,18,20,63,0,1,66,94,0
1,0,0,1,6,1,1,0,20,20,63,2,1,51,99,0
1,3,0,1,17,1,1,0,18,20,63,2,1,66,94,0
1,0,0,1,6,1,0,0,20,20,63,0,1,51,99,0
1,3,0,1,17,1,0,0,18,20,63,0,1,66,94,0
1,0,1,1,6,1,1,0,20,20,63,0,1,51,99,0
1,3,1,1,17,1,1,0,18,20,63,0,1,66,94,0
1,2,1,1,17,1,1,2,18,12,76,1,1,78,64,2
1,1,1,1,19,1,1,1,22,12,76,1,1,77,74,2
1,1,1,1,20,1,1,1,22,12,76,1,0,55,76,1
1,2,1,1,17,1,0,2,18,12,76,0,1,78,64,2
1,1,1,1,19,1,0,1,22,12,76,0,1,77,74,2
1,1,1,1,20,1,0,1,22,12,76,0,0,55,76,1
1,2,0,1,9,1,2,3,24,14,72,1,1,72,46,0
1,2,0,1,9,1,0,3,24,14,72,2,1,72,46,0
0,3,1,1,7,1,0,3,26,27,79,2,0,80,49,2
0,3,1,1,11,1,0,2,24,27,79,2,1,65,62,2
0,3,1,1,7,1,2,3,26,27,79,2,0,80,49,2
0,3,1,1,11,1,2,2,24,27,79,2,1,65,62,2
1,0,1,1,18,0,2,0,19,14,78,1,1,57,100,1
1,0,1,1,13,1,2,1,28,14,78,1,0,94,71,2
1,2,1,1,9,1,2,1,26,14,78,1,1,98,79,2
1,0,0,1,18,0,1,0,19,14,78,1,1,57,100,1
1,0,0,1,13,1,1,1,28,14,78,1,0,94,71,2
1,2,0,1,9,1,1,1,26,14,78,1,1,98,79,2
0,1,1,1,13,1,1,1,24,18,85,1,1,69,78,0
0,2,1,1,20,1,1,3,20,18,85,1,1,75,45,0
0,1,1,0,13,1,2,1,24,18,85,2,1,69,78,0
0,2,1,0,20,1,2,3,20,18,85,2,1,75,45,0
0,1,1,1,13,1,2,1,24,18,85,2,1,69,78,0
0,2,1,1,20,1,2,3,20,18,85,2,1,75,45,0
1,3,1,1,16,1,1,1,29,7,62,0,1,92,81,2
1,0,1,1,16,1,1,3,22,7,62,0,0,81,45,2
1,0,1,1,18,1,1,0,20,7,62,0,1,74,97,1
1,1,0,1,1,0,2,3,20,13,81,0,1,78,48,2
1,3,0,1,5,1,2,0,23,13,81,0,1,78,93,2
1,0,0,1,10,0,2,1,24,13,81,0,0,55,74,0
1,0,0,1,12,1,2,3,24,13,81,0,1,70,43,1
1,3,0,1,0,1,2,0,20,13,81,0,0,56,93,0
1,1,1,1,1,0,1,3,20,13,81,0,1,78,48,2
1,3,1,1,5,1,1,0,23,13,81,0,1,78,93,2
1,0,1,1,10,0,1,1,24,13,81,0,0,55,74,0
1,0,1,1,12,1,1,3,24,13,81,0,1,70,43,1
1,3,1,1,0,1,1,0,20,13,81,0,0,56,93,0
1,3,1,1,1,1,2,2,23,9,89,1,0,85,56,2
1,1,1,1,7,1,2,1,23,9,89,1,1,70,84,0
1,2,1,1,1,1,2,1,20,9,89,1,0,98,74,1
1,0,1,1,14,1,2,0,21,9,89,1,0,81,93,2
1,3,1,1,1,1,1,2,23,9,89,1,0,85,56,2
1,1,1,1,7,1,1,1,23,9,89,1,1,70,84,0
1,2,1,1,1,1,1,1,20,9,89,1,0,98,74,1
1,0,1,1,14,1,1,0,21,9,89,1,0,81,93,2
1,3,0,1,13,0,0,2,28,12,69,1,1,68,57,0
1,2,0,1,8,1,0,0,25,12,69,1,1,51,90,2
1,1,0,1,1,0,0,3,22,12,69,1,1,85,47,1
1,2,0,1,13,1,0,0,26,12,69,1,1,76,87,2
1,3,1,1,13,0,2,2,28,12,69,0,1,68,57,0
1,2,1,1,8,1,2,0,25,12,69,0,1,51,90,2
1,1,1,1,1,0,2,3,22,12,69,0,1,85,47,1
1,2,1,1,13,1,2,0,26,12,69,0,1,76,87,2
1,1,0,1,4,1,1,3,26,32,80,0,0,87,43,2
0,1,0,1,12,1,2,0,20,29,83,1,1,52,91,1
0,3,0,1,10,1,2,3,22,29,83,1,1,62,54,2
0,3,0,1,15,1,2,3,28,29,83,1,0,83,52,0
0,1,0,1,12,1,1,0,20,29,83,2,1,52,91,1
0,3,0,1,10,1,1,3,22,29,83,2,1,62,54,2
0,3,0,1,15,1,1,3,28,29,83,2,0,83,52,0
0,0,1,1,7,1,0,0,24,31,70,2,0,66,98,2
0,0,1,1,14,1,2,1,20,10,77,2,0,52,75,1
0,3,1,1,13,0,2,2,28,10,77,2,1,56,66,1
0,1,1,1,11,0,2,0,26,10,77,2,0,68,100,2
0,3,1,1,7,1,2,0,26,10,77,2,1,69,95,1
0,0,1,1,16,1,2,3,19,10,77,2,1,97,42,0
0,0,1,1,14,1,2,1,20,10,77,1,0,52,75,1
0,3,1,1,13,0,2,2,28,10,77,1,1,56,66,1
0,1,1,1,11,0,2,0,26,10,77,1,0,68,100,2
0,3,1,1,7,1,2,0,26,10,77,1,1,69,95,1
0,0,1,1,16,1,2,3,19,10,77,1,1,97,42,0
0,1,1,0,3,1,1,2,25,23,60,0,1,98,61,2
0,0,1,0,3,1,1,3,19,23,60,0,1,72,41,2
0,1,0,1,3,1,1,2,25,23,60,0,1,98,61,2
0,0,0,1,3,1,1,3,19,23,60,0,1,72,41,2
0,3,1,1,10,1,1,2,29,27,64,0,0,93,55,2
0,3,1,1,10,1,1,2,29,27,64,1,0,93,55,2
0,3,0,1,10,1,1,2,29,27,64,2,0,93,55,2
0,2,1,1,8,1,2,0,29,21,70,0,1,80,91,1
0,2,1,1,0,0,2,0,21,21,70,0,1,77,85,2
0,2,0,1,8,1,0,0,29,21,70,2,1,80,91,1
0,2,0,1,0,0,0,0,21,21,70,2,1,77,85,2
0,2,1,1,8,1,2,0,29,21,70,1,1,80,91,1
0,2,1,1,0,0,2,0,21,21,70,1,1,77,85,2
1,3,0,1,15,0,1,2,21,11,72,2,0,86,63,2
1,2,0,1,13,1,1,2,29,11,72,2,1,96,64,2
1,3,1,1,15,0,1,2,21,11,72,0,0,86,63,2
1,2,1,1,13,1,1,2,29,11,72,0,1,96,64,2
1,3,0,1,15,0,0,2,21,11,72,2,0,86,63,2
1,2,0,1,13,1,0,2,29,11,72,2,1,96,64,2
0,1,1,1,5,0,1,2,23,15,82,1,0,92,65,1
0,2,1,1,1,1,1,3,22,32,87,1,1,65,47,2
0,2,1,1,7,1,1,1,24,32,87,1,1,89,70,2
1,0,0,1,3,0,0,2,29,29,83,0,1,79,64,2
1,3,0,1,0,1,0,0,28,29,83,0,0,71,85,0
1,0,1,1,3,0,0,2,29,29,83,2,1,79,64,2
1,3,1,1,0,1,0,0,28,29,83,2,0,71,85,0
1,0,1,1,3,0,2,2,29,29,83,1,1,79,64,2
1,3,1,1,0,1,2,0,28,29,83,1,0,71,85,0
0,2,0,1,20,1,2,1,20,34,77,1,0,64,72,2
0,3,1,1,15,1,2,2,19,5,95,0,0,85,60,2
0,3,0,1,1,0,1,1,29,32,76,1,1,61,76,2
0,0,0,1,20,1,1,0,28,32,76,1,1,82,90,2
0,3,1,1,1,0,0,1,29,32,76,0,1,61,76,2
0,0,1,1,20,1,0,0,28,32,76,0,1,82,90,2
0,2,0,1,19,1,1,2,20,17,100,0,1,81,68,2
0,2,0,1,5,1,1,1,26,17,100,0,1,85,74,2
0,3,0,1,16,0,1,0,20,17,100,0,1,57,96,1
0,1,1,1,16,0,0,1,26,12,61,0,0,89,78,0
1,2,0,1,1,1,1,3,18,17,64,1,1,90,51,2
1,0,0,1,15,1,1,1,19,17,64,1,1,73,81,1
1,1,0,1,17,1,1,2,21,17,64,1,1,82,55,0
1,2,1,1,1,1,2,3,18,17,64,1,1,90,51,2
1,0,1,1,15,1,2,1,19,17,64,1,1,73,81,1
1,1,1,1,17,1,2,2,21,17,64,1,1,82,55,0
1,2,0,1,1,1,2,3,18,17,64,0,1,90,51,2
1,0,0,1,15,1,2,1,19,17,64,0,1,73,81,1
1,1,0,1,17,1,2,2,21,17,64,0,1,82,55,0
1,2,0,1,1,1,0,3,18,17,64,2,1,90,51,2
1,0,0,1,15,1,0,1,19,17,64,2,1,73,81,1
1,1,0,1,17,1,0,2,21,17,64,2,1,82,55,0
1,2,1,1,1,1,1,3,18,17,64,1,1,90,51,2
1,0,1,1,15,1,1,1,19,17,64,1,1,73,81,1
1,1,1,1,17,1,1,2,21,17,64,1,1,82,55,0
1,2,1,1,1,1,1,3,18,17,64,2,1,90,51,2
1,0,1,1,15,1,1,1,19,17,64,2,1,73,81,1
1,1,1,1,17,1,1,2,21,17,64,2,1,82,55,0
1,0,1,1,10,0,1,0,27,9,70,0,1,75,99,2
0,1,0,1,14,0,1,3,18,34,93,0,0,71,48,2
0,1,0,1,5,1,1,0,22,34,93,0,0,76,86,0
0,2,0,1,9,1,1,1,29,34,93,0,1,99,73,2
0,0,0,1,19,1,1,0,25,34,93,0,0,89,89,2
0,1,0,0,9,0,2,0,28,21,78,1,1,60,99,1
0,3,0,0,10,0,2,3,27,21,78,1,0,97,40,2
0,3,0,0,5,1,2,1,26,21,78,1,0,61,76,2
0,1,0,1,9,0,2,0,28,21,78,2,1,60,99,1
0,3,0,1,10,0,2,3,27,21,78,2,0,97,40,2
0,3,0,1,5,1,2,1,26,21,78,2,0,61,76,2
0,1,1,1,9,0,1,0,28,21,78,1,1,60,99,1
0,3,1,1,10,0,1,3,27,21,78,1,0,97,40,2
0,3,1,1,5,1,1,1,26,21,78,1,0,61,76,2
1,2,1,1,1,1,2,0,19,30,97,2,0,66,90,1
1,2,0,1,1,1,2,0,19,30,97,1,0,66,90,1
0,0,0,1,2,0,0,0,18,13,64,1,0,81,94,1
0,1,0,1,20,1,0,3,28,13,64,1,0,70,42,2
0,0,0,1,2,1,0,1,24,13,64,1,0,52,72,2
0,0,1,1,2,0,2,0,18,13,64,1,0,81,94,1
0,1,1,1,20,1,2,3,28,13,64,1,0,70,42,2
0,0,1,1,2,1,2,1,24,13,64,1,0,52,72,2
0,0,0,1,2,0,2,0,18,13,64,0,0,81,94,1
0,1,0,1,20,1,2,3,28,13,64,0,0,70,42,2
0,0,0,1,2,1,2,1,24,13,64,0,0,52,72,2
0,0,0,0,20,0,2,1,27,32,63,1,1,91,79,0
0,3,0,0,3,1,2,3,22,32,63,1,1,75,40,2
0,2,1,1,17,1,2,0,28,30,72,1,1,72,96,2
0,2,1,1,17,1,1,0,28,30,72,2,1,72,96,2
0,1,1,0,2,1,0,3,20,21,83,0,1,72,44,1
0,1,1,0,18,1,0,0,18,21,83,0,1,94,96,1
0,2,1,0,6,0,0,1,22,21,83,0,1,64,73,1
0,0,1,0,20,1,0,2,19,21,83,0,0,58,64,1
0,1,0,1,2,1,1,3,20,21,83,2,1,72,44,1
0,1,0,1,18,1,1,0,18,21,83,2,1,94,96,1
0,2,0,1,6,0,1,1,22,21,83,2,1,64,73,1
0,0,0,1,20,1,1,2,19,21,83,2,0,58,64,1
0,1,0,1,2,1,1,3,20,21,83,1,1,72,44,1
0,1,0,1,18,1,1,0,18,21,83,1,1,94,96,1
0,2,0,1,6,0,1,1,22,21,83,1,1,64,73,1
0,0,0,1,20,1,1,2,19,21,83,1,0,58,64,1
1,3,1,1,7,1,2,0,20,12,65,2,0,52,88,2
1,3,1,1,17,1,2,3,27,12,65,2,0,99,40,2
1,3,1,1,11,0,2,1,24,12,65,2,1,92,75,2
1,3,0,1,7,1,2,0,20,12,65,1,0,52,88,2
1,3,0,1,17,1,2,3,27,12,65,1,0,99,40,2
1,3,0,1,11,0,2,1,24,12,65,1,1,92,75,2
1,3,0,1,7,1,1,0,20,12,65,1,0,52,88,2
1,3,0,1,17,1,1,3,27,12,65,1,0,99,40,2
1,3,0,1,11,0,1,1,24,12,65,1,1,92,75,2
0,3,1,1,10,0,2,2,18,7,61,2,1,77,66,2
0,2,1,1,15,0,2,3,27,7,61,2,0,58,47,0
0,3,1,1,3,0,0,2,18,14,93,0,0,82,68,0
0,2,0,1,5,1,1,1,26,17,97,0,1,73,71,2
0,2,0,1,10,1,1,3,26,17,97,0,0,100,54,2
0,3,0,1,8,0,1,2,19,17,97,0,0,78,59,2
0,2,1,0,5,1,1,1,26,17,97,1,1,73,71,2
0,2,1,0,10,1,1,3,26,17,97,1,0,100,54,2
0,3,1,0,8,0,1,2,19,17,97,1,0,78,59,2
1,2,1,1,6,1,0,1,27,32,64,1,0,94,76,2
1,1,1,1,8,1,0,3,23,32,64,1,1,89,41,2
0,3,1,1,3,0,1,2,28,20,96,1,1,93,59,0
0,2,1,1,9,1,1,0,26,20,96,1,1,96,100,2
0,3,1,1,3,0,1,2,28,20,96,2,1,93,59,0
0,2,1,1,9,1,1,0,26,20,96,2,1,96,100,2
0,1,0,1,10,1,2,3,19,23,88,2,1,92,46,1
0,1,0,1,10,1,1,3,19,23,88,1,1,92,46,1
1,0,1,1,4,1,2,1,22,28,77,1,1,96,75,0
1,1,1,1,12,1,2,2,24,28,77,1,0,85,59,2
0,0,1,1,1,1,2,0,19,7,60,0,1,65,93,2
1,1,0,0,6,1,1,3,28,13,100,1,1,91,53,2
1,2,0,0,12,1,1,3,24,13,100,1,0,59,42,1
1,0,0,0,13,1,1,2,20,13,100,1,1,71,58,2
1,0,0,0,10,1,1,2,24,13,100,1,0,50,66,0
1,1,1,1,6,1,0,3,28,13,100,0,1,91,53,2
1,2,1,1,12,1,0,3,24,13,100,0,0,59,42,1
1,0,1,1,13,1,0,2,20,13,100,0,1,71,58,2
1,0,1,1,10,1,0,2,24,13,100,0,0,50,66,0
0,1,1,0,5,1,1,0,20,19,95,2,1,88,86,1
0,2,1,0,11,1,1,2,28,19,95,2,1,71,65,2
0,2,1,0,12,0,1,0,29,19,95,2,0,72,94,0
0,3,1,0,12,0,1,1,18,19,95,2,1,92,82,1
0,0,1,0,3,0,1,0,29,19,95,2,0,60,85,2
0,1,1,0,17,0,1,3,20,19,95,2,0,75,41,1
0,1,1,1,5,1,2,0,20,19,95,1,1,88,86,1
0,2,1,1,11,1,2,2,28,19,95,1,1,71,65,2
0,2,1,1,12,0,2,0,29,19,95,1,0,72,94,0
0,3,1,1,12,0,2,1,18,19,95,1,1,92,82,1
0,0,1,1,3,0,2,0,29,19,95,1,0,60,85,2
0,1,1,1,17,0,2,3,20,19,95,1,0,75,41,1
1,3,1,0,19,0,2,3,21,32,100,1,1,78,44,1
1,1,0,1,18,1,1,3,28,33,72,0,1,93,49,1
1,3,0,1,11,0,1,3,22,33,72,0,1,53,46,2
1,2,1,1,0,1,1,2,22,30,95,1,1,75,55,0
0,3,1,1,4,1,0,3,20,15,61,1,0,68,54,2
0,1,1,1,3,1,0,0,24,15,61,1,1,60,96,2
0,3,1,1,0,1,0,3,24,15,61,1,1,62,44,1
0,3,1,1,7,1,0,2,20,15,61,1,1,66,67,2
0,1,1,1,0,1,0,2,26,15,61,1,1,72,58,0
0,3,0,1,4,1,1,3,20,15,61,2,0,68,54,2
0,1,0,1,3,1,1,0,24,15,61,2,1,60,96,2
0,3,0,1,0,1,1,3,24,15,61,2,1,62,44,1
0,3,0,1,7,1,1,2,20,15,61,2,1,66,67,2
0,1,0,1,0,1,1,2,26,15,61,2,1,72,58,0
0,3,1,1,4,1,1,3,20,15,61,2,0,68,54,2
0,1,1,1,3,1,1,0,24,15,61,2,1,60,96,2
0,3,1,1,0,1,1,3,24,15,61,2,1,62,44,1
0,3,1,1,7,1,1,2,20,15,61,2,1,66,67,2
0,1,1,1,0,1,1,2,26,15,61,2,1,72,58,0
0,2,1,1,5,1,1,0,25,28,76,0,1,85,90,2
0,0,1,1,20,1,1,0,21,28,76,0,1,59,92,2
0,1,1,1,19,1,1,1,25,28,76,0,1,56,77,2
0,3,1,1,1,1,1,3,26,28,76,0,0,80,42,1
0,2,1,1,5,1,1,0,25,28,76,1,1,85,90,2
0,0,1,1,20,1,1,0,21,28,76,1,1,59,92,2
0,1,1,1,19,1,1,1,25,28,76,1,1,56,77,2
0,3,1,1,1,1,1,3,26,28,76,1,0,80,42,1
0,1,1,1,7,0,1,2,27,9,97,1,1,72,63,1
0,3,1,1,15,1,1,3,19,9,97,1,1,50,43,0
0,2,1,1,2,1,1,0,22,9,97,1,1,58,89,1
0,0,1,1,6,1,1,3,28,9,97,1,0,86,40,1
0,3,1,1,10,0,1,1,18,9,97,1,1,77,77,2
0,3,0,0,11,0,2,3,23,21,100,1,0,72,42,0
0,1,0,0,9,1,2,2,26,21,100,1,1,67,57,0
0,3,0,0,9,0,2,0,25,21,100,1,1,96,96,2
0,2,0,0,5,1,2,0,23,21,100,1,0,62,92,1
0,3,0,0,11,1,2,3,24,21,100,1,1,63,44,2
0,3,1,1,11,0,1,3,23,21,100,1,0,72,42,0
0,1,1,1,9,1,1,2,26,21,100,1,1,67,57,0
0,3,1,1,9,0,1,0,25,21,100,1,1,96,96,2
0,2,1,1,5,1,1,0,23,21,100,1,0,62,92,1
0,3,1,1,11,1,1,3,24,21,100,1,1,63,44,2
0,2,0,1,5,1,2,1,21,7,62,1,1,94,71,1
0,0,0,1,11,1,2,1,20,7,62,1,0,93,80,0
0,2,1,1,5,1,1,1,21,7,62,1,1,94,71,1
0,0,1,1,11,1,1,1,20,7,62,1,0,93,80,0
0,2,1,1,7,0,0,0,24,28,94,1,1,53,92,1
0,2,1,1,7,0,1,0,24,28,94,1,1,53,92,1
0,2,1,1,7,0,2,0,24,28,94,2,1,53,92,1
0,0,1,1,6,1,2,1,18,14,90,1,1,90,75,2
0,0,1,1,6,1,1,1,18,14,90,1,1,90,75,2
1,1,1,1,20,1,1,1,27,34,81,0,0,73,84,1
1,2,0,1,2,1,1,1,23,27,84,1,1,80,77,2
1,3,0,1,14,0,1,0,18,27,84,1,0,64,92,2
1,2,0,1,14,1,1,3,28,27,84,1,1,55,53,1
1,0,0,1,8,1,2,2,23,32,98,1,1,84,68,2
1,2,0,1,18,1,2,3,25,32,98,1,1,99,50,2
1,3,0,1,7,1,2,2,21,32,98,1,1,54,62,0
1,3,0,1,9,1,1,0,23,8,95,0,0,96,91,2
1,0,0,1,5,1,1,1,25,8,95,0,0,90,71,2
0,3,0,1,12,0,1,1,26,31,68,0,1,90,84,1
0,1,0,1,4,0,1,2,23,31,68,0,1,63,68,1
0,0,0,1,6,1,1,2,29,31,68,0,1,67,62,0
0,3,0,1,12,0,1,1,26,31,68,1,1,90,84,1
0,1,0,1,4,0,1,2,23,31,68,1,1,63,68,1
0,0,0,1,6,1,1,2,29,31,68,1,1,67,62,0
0,1,1,1,16,1,1,2,25,11,67,0,1,95,55,0
0,3,1,1,0,1,1,0,24,11,67,0,0,62,91,0
0,1,1,1,5,1,1,0,19,11,67,0,0,54,95,2
0,1,0,1,16,1,2,2,25,11,67,2,1,95,55,0
0,3,0,1,0,1,2,0,24,11,67,2,0,62,91,0
0,1,0,1,5,1,2,0,19,11,67,2,0,54,95,2
0,3,1,1,10,0,1,3,29,24,99,1,0,51,42,2
0,1,1,1,6,1,1,0,23,22,62,1,1,53,97,2
0,1,1,1,6,1,1,0,23,22,62,0,1,53,97,2
0,2,0,0,15,1,1,1,26,23,72,1,0,95,82,2
0,1,0,0,17,0,1,1,23,23,72,1,1,75,78,1
0,2,0,0,12,0,1,3,29,23,72,1,1,80,47,2
0,2,1,1,15,1,1,1,26,23,72,0,0,95,82,2
0,1,1,1,17,0,1,1,23,23,72,0,1,75,78,1
0,2,1,1,12,0,1,3,29,23,72,0,1,80,47,2
0,2,1,0,15,1,1,1,26,23,72,0,0,95,82,2
0,1,1,0,17,0,1,1,23,23,72,0,1,75,78,1
0,2,1,0,12,0,1,3,29,23,72,0,1,80,47,2
0,2,1,1,15,1,2,1,26,23,72,1,0,95,82,2
0,1,1,1,17,0,2,1,23,23,72,1,1,75,78,1
0,2,1,1,12,0,2,3,29,23,72,1,1,80,47,2
0,3,0,1,18,0,1,0,19,19,74,2,0,83,97,2
0,0,0,1,19,1,1,2,22,19,74,2,1,91,63,2
0,1,0,1,9,0,1,3,23,19,74,2,1,72,49,2
0,0,0,1,10,0,1,0,27,19,74,2,0,61,96,2
0,3,1,1,18,0,2,0,19,19,74,1,0,83,97,2
0,0,1,1,19,1,2,2,22,19,74,1,1,91,63,2
0,1,1,1,9,0,2,3,23,19,74,1,1,72,49,2
0,0,1,1,10,0,2,0,27,19,74,1,0,61,96,2
0,3,1,1,18,0,1,0,19,19,74,2,0,83,97,2
0,0,1,1,19,1,1,2,22,19,74,2,1,91,63,2
0,1,1,1,9,0,1,3,23,19,74,2,1,72,49,2
0,0,1,1,10,0,1,0,27,19,74,2,0,61,96,2
0,3,1,1,18,0,2,0,19,19,74,2,0,83,97,2
0,0,1,1,19,1,2,2,22,19,74,2,1,91,63,2
0,1,1,1,9,0,2,3,23,19,74,2,1,72,49,2
0,0,1,1,10,0,2,0,27,19,74,2,0,61,96,2
0,1,1,0,11,1,2,3,20,7,99,0,1,73,48,2
0,3,1,1,5,1,1,0,22,33,66,1,0,98,95,2
1,0,1,1,1,0,2,3,22,12,80,2,1,54,42,1
1,2,1,1,19,1,2,2,27,12,80,2,1,98,60,1
1,2,1,1,16,1,2,2,24,12,80,2,1,91,67,1
1,1,1,1,5,0,2,0,26,12,80,2,0,51,87,2
1,2,1,1,8,1,2,3,27,12,80,2,1,95,54,2
1,0,0,1,1,0,0,3,22,12,80,1,1,54,42,1
1,2,0,1,19,1,0,2,27,12,80,1,1,98,60,1
1,2,0,1,16,1,0,2,24,12,80,1,1,91,67,1
1,1,0,1,5,0,0,0,26,12,80,1,0,51,87,2
1,2,0,1,8,1,0,3,27,12,80,1,1,95,54,2
1,0,1,1,1,0,2,3,22,12,80,1,1,54,42,1
1,2,1,1,19,1,2,2,27,12,80,1,1,98,60,1
1,2,1,1,16,1,2,2,24,12,80,1,1,91,67,1
1,1,1,1,5,0,2,0,26,12,80,1,0,51,87,2
1,2,1,1,8,1,2,3,27,12,80,1,1,95,54,2
0,2,1,0,20,1,2,0,20,13,79,0,0,90,86,2
0,1,1,0,10,1,2,2,19,13,79,0,0,68,64,1
0,0,1,0,0,0,2,1,29,13,79,0,1,73,76,0
0,1,1,0,12,0,2,3,29,13,79,0,1,96,41,2
0,0,1,0,17,1,2,2,22,13,79,0,0,60,65,1
0,2,0,1,20,1,2,0,20,13,79,2,0,90,86,2
0,1,0,1,10,1,2,2,19,13,79,2,0,68,64,1
0,0,0,1,0,0,2,1,29,13,79,2,1,73,76,0
0,1,0,1,12,0,2,3,29,13,79,2,1,96,41,2
0,0,0,1,17,1,2,2,22,13,79,2,0,60,65,1
0,2,0,0,20,1,0,0,20,13,79,1,0,90,86,2
0,1,0,0,10,1,0,2,19,13,79,1,0,68,64,1
0,0,0,0,0,0,0,1,29,13,79,1,1,73,76,0
0,1,0,0,12,0,0,3,29,13,79,1,1,96,41,2
0,0,0,0,17,1,0,2,22,13,79,1,0,60,65,1
1,3,1,1,20,1,0,0,29,27,98,0,1,75,96,0
1,3,1,1,9,1,0,3,20,27,98,0,0,76,54,0
1,0,1,1,15,0,0,3,22,27,98,0,1,59,47,2
1,3,1,1,12,1,2,2,26,35,68,1,1,67,61,1
1,0,1,1,19,0,2,0,26,35,68,1,1,82,88,1
1,2,1,1,15,0,2,0,18,35,68,1,0,56,89,1
1,3,1,1,19,1,1,2,27,17,85,1,0,51,64,2
1,2,1,1,2,1,1,1,18,17,85,1,0,82,70,1
1,3,0,1,19,1,0,2,27,17,85,1,0,51,64,2
1,2,0,1,2,1,0,1,18,17,85,1,0,82,70,1
1,2,0,1,14,0,1,3,25,28,95,2,1,81,43,2
1,2,0,1,16,0,1,0,25,28,95,2,0,96,100,2
1,3,0,1,7,1,1,3,25,28,95,2,1,62,48,2
1,2,0,1,7,1,1,3,19,28,95,2,0,91,50,1
1,2,0,1,14,0,1,3,25,28,95,1,1,81,43,2
1,2,0,1,16,0,1,0,25,28,95,1,0,96,100,2
1,3,0,1,7,1,1,3,25,28,95,1,1,62,48,2
1,2,0,1,7,1,1,3,19,28,95,1,0,91,50,1
1,2,0,1,14,0,1,3,25,28,95,0,1,81,43,2
1,2,0,1,16,0,1,0,25,28,95,0,0,96,100,2
1,3,0,1,7,1,1,3,25,28,95,0,1,62,48,2
1,2,0,1,7,1,1,3,19,28,95,0,0,91,50,1
0,1,1,1,17,1,1,0,28,11,76,0,1,55,92,1
0,3,1,1,1,1,1,3,20,11,76,0,1,68,49,0
0,2,1,1,5,1,1,2,21,11,76,0,0,81,55,1
0,1,0,1,17,1,1,0,28,11,76,2,1,55,92,1
0,3,0,1,1,1,1,3,20,11,76,2,1,68,49,0
0,2,0,1,5,1,1,2,21,11,76,2,0,81,55,1
0,3,1,1,0,1,1,2,19,7,92,1,1,76,66,2
0,1,1,1,3,1,1,0,19,7,92,1,1,57,87,2
0,3,1,1,1,1,1,0,29,7,92,1,1,78,94,0
0,1,1,1,11,1,1,3,23,7,92,1,1,56,54,1
0,3,1,1,2,1,1,2,25,7,92,1,0,78,67,0
0,2,0,1,0,1,0,0,20,26,72,0,0,65,98,2
0,0,0,1,14,0,0,1,25,26,72,0,1,87,74,2
0,3,0,1,11,1,0,3,19,26,72,0,0,68,47,0
0,2,0,1,0,1,0,0,20,26,72,1,0,65,98,2
0,0,0,1,14,0,0,1,25,26,72,1,1,87,74,2
0,3,0,1,11,1,0,3,19,26,72,1,0,68,47,0
0,0,0,1,2,1,2,0,25,39,90,2,1,56,93,2
0,0,0,1,16,0,2,3,28,39,90,2,0,56,48,2
1,2,1,1,10,1,2,2,18,34,72,0,0,63,56,2
0,0,0,1,15,0,1,0,28,19,77,0,1,91,86,2
0,2,0,1,14,1,1,3,18,19,77,0,0,57,47,2
0,1,0,1,4,0,1,1,20,19,77,0,1,85,84,2
0,0,1,1,15,0,0,0,28,19,77,1,1,91,86,2
0,2,1,1,14,1,0,3,18,19,77,1,0,57,47,2
0,1,1,1,4,0,0,1,20,19,77,1,1,85,84,2
0,0,1,1,15,0,0,0,28,19,77,0,1,91,86,2
0,2,1,1,14,1,0,3,18,19,77,0,0,57,47,2
0,1,1,1,4,0,0,1,20,19,77,0,1,85,84,2
0,0,1,1,15,0,1,0,28,19,77,2,1,91,86,2
0,2,1,1,14,1,1,3,18,19,77,2,0,57,47,2
0,1,1,1,4,0,1,1,20,19,77,2,1,85,84,2
0,0,0,1,15,0,0,0,28,19,77,0,1,91,86,2
0,2,0,1,14,1,0,3,18,19,77,0,0,57,47,2
0,1,0,1,4,0,0,1,20,19,77,0,1,85,84,2
1,1,0,1,3,1,1,2,22,30,89,1,1,99,62,1
1,2,0,1,17,1,1,0,24,30,89,1,1,84,90,1
1,0,0,1,8,0,1,1,25,30,89,1,1,74,70,2
0,0,1,1,4,0,0,3,19,9,93,0,0,50,52,2
0,3,1,1,4,0,0,0,28,9,93,0,1,98,85,1
0,0,1,1,7,0,0,3,19,9,93,0,1,75,42,2
0,0,1,1,2,0,0,3,24,9,93,0,1,54,48,2
0,2,1,1,10,1,0,1,26,9,93,0,0,53,72,0
0,0,1,1,19,1,0,2,22,9,93,0,1,96,56,2
0,1,1,1,0,0,0,0,18,9,93,0,1,94,88,1
0,1,0,1,11,0,2,2,27,16,100,1,1,87,59,0
0,1,1,1,11,0,1,2,27,16,100,2,1,87,59,0
1,3,0,1,1,0,2,2,19,26,92,1,1,88,68,2
1,0,0,1,4,1,2,1,25,26,92,1,1,53,76,1
1,3,0,1,8,1,2,1,18,26,92,1,1,93,74,2
1,3,1,1,1,0,1,2,19,26,92,1,1,88,68,2
1,0,1,1,4,1,1,1,25,26,92,1,1,53,76,1
1,3,1,1,8,1,1,1,18,26,92,1,1,93,74,2
1,3,0,1,1,0,2,2,19,26,92,2,1,88,68,2
1,0,0,1,4,1,2,1,25,26,92,2,1,53,76,1
1,3,0,1,8,1,2,1,18,26,92,2,1,93,74,2
1,3,0,1,1,0,1,2,19,26,92,1,1,88,68,2
1,0,0,1,4,1,1,1,25,26,92,1,1,53,76,1
1,3,0,1,8,1,1,1,18,26,92,1,1,93,74,2
1,2,1,1,11,1,1,2,27,6,90,1,1,99,67,0
1,3,1,1,15,1,1,0,25,6,90,1,1,77,94,1
1,2,0,0,5,1,0,2,20,16,84,0,1,99,65,0
1,0,0,0,12,0,0,1,18,16,84,0,1,54,75,1
1,2,0,1,5,1,1,2,20,16,84,0,1,99,65,0
1,0,0,1,12,0,1,1,18,16,84,0,1,54,75,1
1,2,1,0,5,1,2,2,20,16,84,1,1,99,65,0
1,0,1,0,12,0,2,1,18,16,84,1,1,54,75,1
1,2,1,1,5,1,2,2,20,16,84,1,1,99,65,0
1,0,1,1,12,0,2,1,18,16,84,1,1,54,75,1
1,2,0,1,5,1,2,2,20,16,84,0,1,99,65,0
1,0,0,1,12,0,2,1,18,16,84,0,1,54,75,1
1,2,1,0,12,1,1,0,26,14,61,1,1,59,92,1
1,0,1,0,5,1,1,1,29,14,61,1,1,54,81,2
1,3,1,0,12,1,1,0,18,14,61,1,0,86,96,2
1,3,1,0,3,0,1,1,19,14,61,1,1,74,78,2
1,2,1,1,12,1,1,0,26,14,61,0,1,59,92,1
1,0,1,1,5,1,1,1,29,14,61,0,1,54,81,2
1,3,1,1,12,1,1,0,18,14,61,0,0,86,96,2
1,3,1,1,3,0,1,1,19,14,61,0,1,74,78,2
0,0,1,1,10,0,2,3,23,28,63,0,0,70,51,2
0,2,1,1,12,1,2,1,18,28,63,0,0,88,71,2
0,2,1,1,0,1,2,2,25,28,63,0,0,68,58,1
0,0,1,0,3,1,2,0,27,8,82,1,1,60,96,1
1,1,1,1,16,1,2,2,23,8,66,1,1,67,64,0
1,0,0,1,7,1,2,0,29,14,73,1,0,94,90,0
1,3,0,1,2,1,2,1,23,14,73,1,1,91,72,0
1,1,0,1,15,1,2,1,28,14,73,1,1,81,72,1
1,2,1,1,12,1,1,1,25,20,100,1,1,55,70,2
1,0,1,1,11,1,1,0,27,20,100,1,1,50,99,1
1,3,1,1,12,1,1,2,19,20,100,1,1,60,55,1
1,2,1,0,12,1,1,1,25,20,100,2,1,55,70,2
1,0,1,0,11,1,1,0,27,20,100,2,1,50,99,1
1,3,1,0,12,1,1,2,19,20,100,2,1,60,55,1
0,1,0,1,3,1,2,1,19,12,68,2,1,51,75,2
0,2,0,1,19,1,2,2,20,12,68,2,0,89,64,2
0,0,0,1,13,1,2,3,22,11,100,1,1,58,52,2
0,1,0,1,12,1,2,0,24,11,100,1,0,84,85,2
0,0,1,1,13,1,2,3,22,11,100,2,1,58,52,2
0,1,1,1,12,1,2,0,24,11,100,2,0,84,85,2
1,3,1,1,17,1,1,0,27,12,61,1,1,94,96,2
1,1,1,1,11,1,1,3,25,12,61,1,0,66,53,2
0,3,1,1,6,1,1,1,22,30,82,0,1,96,77,0
0,0,1,1,19,1,1,2,21,30,82,0,0,62,61,1
0,3,1,1,6,1,2,1,22,30,82,1,1,96,77,0
0,0,1,1,19,1,2,2,21,30,82,1,0,62,61,1
1,0,1,1,12,0,1,0,27,13,91,1,1,85,96,1
1,0,1,1,9,1,1,1,28,13,91,1,0,81,70,2
1,0,1,1,12,0,0,0,27,13,91,0,1,85,96,1
1,0,1,1,9,1,0,1,28,13,91,0,0,81,70,2
1,3,0,1,13,0,2,2,29,16,91,0,0,75,56,2
1,3,1,1,13,0,2,2,29,16,91,0,0,75,56,2
1,3,1,1,13,0,1,2,29,16,91,1,0,75,56,2
0,1,1,1,2,1,1,0,28,22,97,0,1,78,100,0
0,1,1,1,19,1,1,0,22,22,97,0,0,79,88,2
0,1,1,1,19,1,1,0,18,22,97,0,1,78,96,2
0,3,1,1,15,0,1,0,20,22,97,0,1,54,91,0
0,2,1,1,5,1,1,3,22,22,97,0,1,76,52,2
0,1,1,1,16,0,1,0,24,22,97,0,0,95,92,0
0,1,0,1,2,1,1,0,28,22,97,2,1,78,100,0
0,1,0,1,19,1,1,0,22,22,97,2,0,79,88,2
0,1,0,1,19,1,1,0,18,22,97,2,1,78,96,2
0,3,0,1,15,0,1,0,20,22,97,2,1,54,91,0
0,2,0,1,5,1,1,3,22,22,97,2,1,76,52,2
0,1,0,1,16,0,1,0,24,22,97,2,0,95,92,0
1,2,0,1,17,0,1,3,19,9,97,0,1,74,45,2
1,2,1,1,2,1,1,1,29,7,90,0,0,82,81,2
0,0,0,0,18,1,0,0,26,22,60,1,1,95,86,2
0,0,1,1,18,1,1,0,26,22,60,1,1,95,86,2
1,2,0,1,2,0,2,1,21,30,100,1,0,51,78,1
1,2,0,1,12,1,2,0,28,30,100,1,0,57,90,2
1,2,1,1,2,0,2,1,21,30,100,0,0,51,78,1
1,2,1,1,12,1,2,0,28,30,100,0,0,57,90,2
1,3,0,1,13,0,0,0,18,30,70,2,1,72,96,1
1,3,0,1,18,1,0,3,19,30,70,2,0,56,46,2
1,3,0,1,17,1,0,3,19,30,70,2,1,80,50,2
1,2,0,1,17,1,0,0,18,30,70,2,0,91,95,0
1,3,0,1,18,1,0,1,20,30,70,2,1,75,82,0
1,2,0,1,4,1,0,1,29,30,70,2,1,61,76,2
0,1,1,1,10,1,1,0,21,31,85,0,1,61,92,2
0,2,1,1,19,0,1,1,25,31,85,0,1,72,72,2
1,2,1,1,15,1,1,2,24,10,73,2,0,77,68,0
1,2,1,1,15,1,0,2,24,10,73,0,0,77,68,0
0,1,1,1,17,0,1,2,26,25,66,1,0,84,56,2
0,1,1,1,15,1,1,0,28,25,66,1,1,76,98,2
0,1,0,1,17,0,2,2,26,25,66,2,0,84,56,2
0,1,0,1,15,1,2,0,28,25,66,2,1,76,98,2
0,3,0,1,3,1,0,2,20,6,98,1,1,57,66,0
0,1,0,1,6,1,0,2,18,6,98,1,0,96,69,0
0,1,0,1,17,1,0,1,18,6,98,1,1,58,78,2
0,2,1,1,11,1,1,0,20,18,92,0,0,76,92,1
1,1,1,1,16,1,2,1,19,12,66,0,1,50,78,1
1,3,1,1,7,1,2,3,19,12,66,0,1,70,42,0
1,1,1,0,16,1,2,1,19,12,66,1,1,50,78,1
1,3,1,0,7,1,2,3,19,12,66,1,1,70,42,0
1,0,0,1,5,1,0,0,23,33,74,1,1,53,94,0
1,0,1,1,5,1,1,0,23,33,74,1,1,53,94,0
1,2,0,1,3,1,1,2,25,31,94,0,1,99,62,0
1,2,1,1,17,1,2,1,23,32,66,2,1,84,74,2
1,0,1,1,3,1,2,3,23,32,66,2,0,64,47,1
0,0,0,1,6,1,2,2,22,23,93,2,0,62,59,1
0,0,0,1,2,1,2,3,26,23,93,2,0,72,51,1
0,1,0,1,7,1,2,0,24,23,93,2,0,62,94,2
0,0,0,1,16,0,2,1,25,23,93,2,0,61,75,0
0,1,0,1,3,1,2,1,27,23,93,2,0,96,81,2
0,0,1,1,6,1,2,2,22,23,93,2,0,62,59,1
0,0,1,1,2,1,2,3,26,23,93,2,0,72,51,1
0,1,1,1,7,1,2,0,24,23,93,2,0,62,94,2
0,0,1,1,16,0,2,1,25,23,93,2,0,61,75,0
0,1,1,1,3,1,2,1,27,23,93,2,0,96,81,2
0,0,1,1,6,1,0,2,22,23,93,2,0,62,59,1
0,0,1,1,2,1,0,3,26,23,93,2,0,72,51,1
0,1,1,1,7,1,0,0,24,23,93,2,0,62,94,2
0,0,1,1,16,0,0,1,25,23,93,2,0,61,75,0
0,1,1,1,3,1,0,1,27,23,93,2,0,96,81,2
0,0,0,1,6,1,1,2,22,23,93,1,0,62,59,1
0,0,0,1,2,1,1,3,26,23,93,1,0,72,51,1
0,1,0,1,7,1,1,0,24,23,93,1,0,62,94,2
0,0,0,1,16,0,1,1,25,23,93,1,0,61,75,0
0,1,0,1,3,1,1,1,27,23,93,1,0,96,81,2
0,0,0,1,9,0,2,2,19,28,62,1,1,87,64,1
0,0,0,1,16,1,2,3,26,28,62,1,0,64,46,1
0,0,0,1,5,1,2,0,26,28,62,1,0,72,95,0
0,0,0,1,4,1,2,2,29,28,62,1,1,53,62,2
0,1,0,1,2,1,2,0,27,28,62,1,0,90,86,2
0,0,0,1,6,1,2,1,21,28,62,1,1,100,72,2
1,0,1,1,17,1,1,2,20,30,76,1,1,62,58,2
1,3,1,1,3,1,2,2,29,39,75,2,1,77,58,2
1,1,1,1,9,0,2,0,18,39,75,2,1,69,94,2
1,0,1,1,0,1,2,1,29,39,75,2,1,97,83,1
1,3,0,1,10,1,2,1,26,8,90,2,0,72,70,2
1,2,0,1,10,1,2,1,24,8,90,2,1,62,71,1
1,3,0,1,1,1,2,2,21,8,90,2,0,65,67,1
1,0,0,1,11,1,2,0,24,8,90,2,0,95,91,1
1,0,0,1,17,1,2,3,26,8,90,2,1,96,52,1
1,3,0,1,10,1,1,1,26,8,90,2,0,72,70,2
1,2,0,1,10,1,1,1,24,8,90,2,1,62,71,1
1,3,0,1,1,1,1,2,21,8,90,2,0,65,67,1
1,0,0,1,11,1,1,0,24,8,90,2,0,95,91,1
1,0,0,1,17,1,1,3,26,8,90,2,1,96,52,1
0,0,0,1,6,0,1,0,21,32,81,2,1,61,100,2
0,3,0,1,3,1,1,0,19,32,81,2,0,65,93,1
0,0,0,1,17,1,1,1,29,32,81,2,1,65,83,1
1,0,1,1,7,0,1,3,18,8,78,1,1,54,50,1
1,2,1,1,7,0,1,0,28,8,78,1,1,72,92,0
0,3,1,1,4,1,2,0,27,20,87,1,1,55,99,2
0,1,1,1,11,1,2,0,29,20,87,1,0,78,97,2
0,3,0,1,4,1,1,0,27,20,87,1,1,55,99,2
0,1,0,1,11,1,1,0,29,20,87,1,0,78,97,2
0,3,0,1,4,1,2,0,27,20,87,0,1,55,99,2
0,1,0,1,11,1,2,0,29,20,87,0,0,78,97,2
0,3,0,0,4,1,0,0,27,20,87,1,1,55,99,2
0,1,0,0,11,1,0,0,29,20,87,1,0,78,97,2
1,3,1,1,0,1,0,1,21,24,74,2,1,71,78,2
1,3,1,1,0,1,1,1,21,24,74,0,1,71,78,2
0,0,1,1,0,1,1,2,23,20,100,1,0,97,59,2
0,0,1,1,7,0,1,1,26,20,100,1,0,52,75,2
1,3,1,1,5,1,1,3,18,9,69,1,0,59,41,2
1,0,1,1,5,1,1,3,19,9,69,1,0,50,44,0
1,3,1,1,5,1,2,3,18,9,69,1,0,59,41,2
1,0,1,1,5,1,2,3,19,9,69,1,0,50,44,0
0,3,0,1,6,1,1,1,18,30,91,0,1,58,82,0
0,1,0,1,4,0,1,1,21,30,91,0,1,73,79,2
0,0,0,1,4,0,1,1,26,30,91,0,1,89,79,1
0,3,1,1,6,1,2,1,18,30,91,0,1,58,82,0
0,1,1,1,4,0,2,1,21,30,91,0,1,73,79,2
0,0,1,1,4,0,2,1,26,30,91,0,1,89,79,1
0,3,1,1,6,1,0,1,18,30,91,1,1,58,82,0
0,1,1,1,4,0,0,1,21,30,91,1,1,73,79,2
0,0,1,1,4,0,0,1,26,30,91,1,1,89,79,1
1,1,1,1,1,1,0,1,18,10,95,2,1,51,70,2
1,1,0,1,1,1,1,1,18,10,95,2,1,51,70,2
1,1,1,1,1,1,2,1,18,10,95,2,1,51,70,2
1,3,0,1,12,0,1,1,25,26,70,0,1,100,71,2
1,0,0,1,19,1,1,1,27,26,70,0,1,69,76,1
1,0,0,1,19,0,1,3,26,26,70,0,0,53,41,1
1,0,0,1,9,0,1,2,24,26,70,0,0,72,67,2
1,3,1,1,12,0,2,1,25,26,70,1,1,100,71,2
1,0,1,1,19,1,2,1,27,26,70,1,1,69,76,1
1,0,1,1,19,0,2,3,26,26,70,1,0,53,41,1
1,0,1,1,9,0,2,2,24,26,70,1,0,72,67,2
1,0,1,1,18,0,2,2,22,37,73,1,0,90,68,2
0,3,0,1,10,1,2,2,20,26,88,1,0,65,58,1
0,1,0,1,15,0,2,3,29,26,88,1,1,72,45,2
0,3,1,0,10,1,2,2,20,26,88,2,0,65,58,1
0,1,1,0,15,0,2,3,29,26,88,2,1,72,45,2
0,2,0,1,9,0,2,1,18,14,72,1,0,61,77,0
0,1,0,1,4,1,2,1,26,14,72,1,1,60,77,1
1,2,1,1,1,1,1,0,19,11,100,0,1,53,91,0
1,0,1,1,19,0,1,3,20,11,100,0,1,52,40,1
1,3,1,1,16,1,1,1,27,11,100,0,0,68,83,2
1,1,0,1,13,1,1,2,23,8,65,1,0,51,63,0
1,3,0,1,19,1,1,1,22,8,65,1,0,71,70,2
1,1,0,1,6,1,1,1,20,16,87,2,0,62,78,2
1,1,0,1,10,0,1,3,29,16,87,2,1,90,52,1
1,1,1,0,6,1,1,1,20,16,87,1,0,62,78,2
1,1,1,0,10,0,1,3,29,16,87,1,1,90,52,1
0,3,1,0,8,1,1,2,18,27,71,1,0,50,58,0
0,3,1,0,8,1,1,0,26,27,71,1,1,80,86,1
1,1,1,1,9,1,2,3,24,11,86,1,1,69,43,2
1,1,1,1,9,1,1,3,24,11,86,1,1,69,43,2
1,3,1,1,4,1,1,2,20,14,95,1,0,99,55,1
1,0,1,1,20,0,1,2,22,14,95,1,0,52,69,0
0,3,1,1,11,1,2,1,26,15,79,1,1,62,82,0
0,0,1,1,0,1,2,2,25,15,79,1,1,73,58,2
0,0,1,1,7,1,2,1,27,15,79,1,1,83,73,2
0,3,1,1,20,0,2,3,20,15,79,1,0,74,46,1
0,3,1,1,1,1,0,3,21,31,99,2,0,79,49,1
0,2,1,1,17,1,0,2,29,31,99,2,1,64,63,1
0,1,1,1,8,1,1,2,27,30,84,1,1,55,63,1
0,2,1,1,19,1,1,0,24,30,84,1,0,94,97,2
0,3,1,1,16,0,1,1,19,30,84,1,0,66,75,1
0,1,1,1,8,1,0,2,27,30,84,0,1,55,63,1
0,2,1,1,19,1,0,0,24,30,84,0,0,94,97,2
0,3,1,1,16,0,0,1,19,30,84,0,0,66,75,1
0,2,1,1,7,0,1,2,18,11,66,1,0,96,58,1
0,3,1,1,3,1,1,0,18,11,66,1,1,61,85,0
0,0,1,1,5,1,1,3,29,11,66,1,1,70,54,1
1,2,0,1,10,1,1,3,23,17,70,1,1,85,54,2
1,1,0,1,19,0,1,1,25,17,70,1,1,74,73,2
1,1,0,1,17,1,1,0,21,17,70,1,0,95,89,2
1,0,0,1,7,1,1,1,28,17,70,1,1,97,82,0
1,3,1,1,5,1,2,0,20,31,83,1,0,53,100,0
0,2,1,1,12,1,0,2,27,16,65,2,0,62,63,0
0,1,0,1,10,1,0,2,20,34,61,0,0,76,57,2
0,3,0,1,20,1,0,0,19,34,61,0,1,70,86,1
0,0,0,1,16,0,0,2,26,34,61,0,1,64,62,2
0,2,0,1,18,1,0,3,24,34,61,0,1,51,48,1
0,3,1,1,10,1,1,3,23,28,90,1,0,59,43,1
0,2,1,1,9,1,1,1,19,28,90,1,1,67,72,2
0,2,1,1,19,1,1,0,21,28,90,1,0,78,96,1
0,0,1,0,13,0,1,2,24,5,93,1,0,60,69,2
0,0,1,0,17,1,1,3,21,5,93,1,1,66,47,1
0,0,1,0,10,1,1,0,29,6,69,1,1,79,89,2
0,2,1,0,8,1,1,1,28,6,69,1,1,85,84,2
0,0,0,1,3,0,1,0,25,11,91,1,1,84,86,1
0,2,0,1,15,1,1,1,29,11,91,1,0,87,84,0
0,3,1,1,19,0,1,0,27,13,82,1,1,68,96,2
0,2,1,1,0,1,1,2,29,13,82,1,0,59,55,1
0,3,1,1,10,1,1,0,26,13,82,1,0,93,96,2
0,1,1,1,7,1,1,1,21,13,82,1,1,64,84,2
0,1,1,1,4,1,1,3,20,13,82,1,0,73,42,1
0,2,1,1,3,0,1,3,29,13,82,1,1,66,52,2
0,3,0,1,19,0,2,0,27,13,82,1,1,68,96,2
0,2,0,1,0,1,2,2,29,13,82,1,0,59,55,1
0,3,0,1,10,1,2,0,26,13,82,1,0,93,96,2
0,1,0,1,7,1,2,1,21,13,82,1,1,64,84,2
0,1,0,1,4,1,2,3,20,13,82,1,0,73,42,1
0,2,0,1,3,0,2,3,29,13,82,1,1,66,52,2
0,2,1,1,10,1,0,1,29,9,96,0,1,74,74,0
0,2,1,1,1,0,0,0,25,9,96,0,0,92,99,2
0,2,1,1,13,1,2,2,21,25,61,0,1,58,60,2
0,2,0,1,13,1,1,2,21,25,61,2,1,58,60,2
0,2,0,1,13,1,2,2,21,25,61,1,1,58,60,2
0,3,0,1,1,0,2,0,25,31,63,1,1,97,99,0
0,3,0,1,3,1,2,0,27,31,63,1,0,91,97,0
1,1,0,1,14,1,0,0,25,9,80,1,0,69,100,0
0,0,1,1,14,1,2,0,19,33,92,0,1,57,93,2
0,0,1,1,20,1,2,1,24,33,92,0,0,98,79,2
0,0,1,1,7,1,2,2,26,33,92,0,0,57,60,1
0,0,1,1,6,1,2,2,21,33,92,0,0,60,58,2
0,2,1,1,8,0,2,2,18,33,92,0,0,86,63,0
0,0,1,1,20,0,1,0,20,8,60,2,0,68,90,2
0,0,1,1,8,0,1,3,24,8,60,2,1,96,52,2
0,3,0,1,8,0,2,2,18,8,78,0,0,97,62,1
0,3,0,1,16,1,2,3,29,8,78,0,1,88,50,0
1,1,1,1,17,1,2,1,29,33,63,1,1,70,79,2
0,2,0,1,12,0,1,1,29,14,86,1,1,60,84,2
0,1,0,1,14,0,1,3,18,14,86,1,0,54,53,1
0,2,1,1,12,0,1,1,29,14,86,1,1,60,84,2
0,1,1,1,14,0,1,3,18,14,86,1,0,54,53,1
0,1,1,1,6,1,0,3,20,12,89,0,0,70,53,2
0,3,1,1,1,1,0,0,21,12,89,0,0,86,87,2
0,1,1,1,6,1,2,3,20,12,89,0,0,70,53,2
0,3,1,1,1,1,2,0,21,12,89,0,0,86,87,2
0,1,1,1,5,1,2,1,26,10,70,1,0,54,73,0
0,0,1,1,20,1,2,2,28,10,70,1,0,97,64,1
0,1,1,1,17,1,2,1,28,10,70,1,0,90,70,1
0,0,1,1,19,1,2,2,19,10,70,1,1,95,58,1
1,3,0,1,1,0,1,0,27,26,95,1,0,79,95,0
1,1,0,1,4,1,1,0,27,26,95,1,0,87,94,1
1,0,0,1,14,1,1,1,26,26,95,1,0,82,80,2
1,0,1,1,19,0,1,2,27,26,65,0,0,83,62,2
1,3,1,1,20,1,1,0,25,26,65,0,1,74,97,2
1,0,1,1,7,0,1,2,22,26,65,0,1,66,65,0
1,2,1,1,13,1,1,3,18,26,65,0,0,93,52,2
1,0,1,1,19,0,1,2,27,26,65,1,0,83,62,2
1,3,1,1,20,1,1,0,25,26,65,1,1,74,97,2
1,0,1,1,7,0,1,2,22,26,65,1,1,66,65,0
1,2,1,1,13,1,1,3,18,26,65,1,0,93,52,2
0,1,1,1,2,0,0,2,24,8,83,0,0,54,56,2
0,0,1,1,15,1,2,2,24,26,69,1,0,91,64,2
0,2,1,1,15,1,2,2,28,26,69,1,1,84,69,2
0,2,1,1,13,1,2,1,21,26,69,1,1,77,74,1
0,0,0,0,15,1,2,2,24,26,69,0,0,91,64,2
0,2,0,0,15,1,2,2,28,26,69,0,1,84,69,2
0,2,0,0,13,1,2,1,21,26,69,0,1,77,74,1
0,0,1,1,15,1,1,2,24,26,69,1,0,91,64,2
0,2,1,1,15,1,1,2,28,26,69,1,1,84,69,2
0,2,1,1,13,1,1,1,21,26,69,1,1,77,74,1
0,0,0,1,15,1,1,2,24,26,69,1,0,91,64,2
0,2,0,1,15,1,1,2,28,26,69,1,1,84,69,2
0,2,0,1,13,1,1,1,21,26,69,1,1,77,74,1
1,2,1,0,16,1,0,2,26,32,85,0,1,100,55,2
1,0,1,0,0,1,0,1,24,32,85,0,0,76,72,1
1,0,1,1,11,1,1,3,24,11,84,2,1,73,52,2
1,1,1,1,7,0,1,2,19,11,84,2,1,81,59,1
1,1,1,1,20,1,1,0,18,11,84,2,1,80,88,2
1,2,0,1,7,1,2,1,29,8,87,0,0,64,76,2
1,1,0,1,10,1,2,1,18,8,87,0,1,82,74,2
1,3,0,1,4,1,2,0,21,8,87,0,0,60,94,2
1,0,0,1,11,1,2,2,28,8,87,0,0,99,57,2
0,0,0,1,20,1,2,1,26,21,73,1,1,58,76,2
0,1,0,1,17,0,2,0,20,21,73,1,0,63,88,2
0,1,0,1,14,1,2,2,24,21,73,1,1,90,57,2
0,0,0,1,15,1,2,0,26,21,73,1,1,53,99,2
0,1,0,1,15,1,2,0,25,21,73,1,1,95,85,1
0,2,0,1,11,1,2,1,24,21,73,1,0,86,76,1
1,0,0,1,7,1,2,3,24,10,66,1,0,73,49,2
1,3,0,1,9,1,2,3,28,10,66,1,0,60,54,0
1,2,0,1,2,0,2,2,24,10,66,1,0,96,66,2
1,0,0,1,0,1,2,0,25,10,66,1,1,56,85,2
1,0,0,1,7,1,1,3,24,10,66,0,0,73,49,2
1,3,0,1,9,1,1,3,28,10,66,0,0,60,54,0
1,2,0,1,2,0,1,2,24,10,66,0,0,96,66,2
1,0,0,1,0,1,1,0,25,10,66,0,1,56,85,2
0,0,1,1,19,1,1,2,24,6,85,2,0,61,63,2
0,2,1,1,12,1,1,0,23,6,85,2,1,86,93,1
0,2,1,1,4,1,1,0,20,6,85,2,0,59,90,1
0,3,1,1,13,1,1,2,25,6,85,2,1,74,61,2
0,3,0,1,16,1,1,1,26,17,70,0,0,60,84,2
0,3,0,1,12,1,1,1,24,17,70,0,1,78,73,2
0,1,0,1,4,1,1,0,23,17,70,0,1,70,89,2
0,3,1,1,16,1,1,1,26,17,70,0,0,60,84,2
0,3,1,1,12,1,1,1,24,17,70,0,1,78,73,2
0,1,1,1,4,1,1,0,23,17,70,0,1,70,89,2
0,3,1,1,17,1,1,0,18,14,99,2,0,65,95,1
0,0,1,1,8,1,1,0,23,14,99,2,1,50,99,2
0,1,1,1,12,1,1,3,20,14,99,2,0,73,41,0
0,3,1,1,13,0,1,2,25,14,99,2,0,88,60,2
0,3,0,0,17,1,1,0,18,14,99,2,0,65,95,1
0,0,0,0,8,1,1,0,23,14,99,2,1,50,99,2
0,1,0,0,12,1,1,3,20,14,99,2,0,73,41,0
0,3,0,0,13,0,1,2,25,14,99,2,0,88,60,2
1,2,0,1,8,0,1,0,27,15,92,1,1,86,88,1
1,1,0,1,20,1,1,3,28,15,92,1,1,68,44,0
1,2,1,1,8,0,0,0,27,15,92,0,1,86,88,1
1,1,1,1,20,1,0,3,28,15,92,0,1,68,44,0
1,2,0,1,14,1,2,3,20,5,62,0,1,53,43,2
1,0,0,1,7,0,1,2,27,9,66,0,1,94,62,0
1,1,1,1,9,1,2,3,26,8,72,2,0,63,43,2
1,2,1,1,7,0,2,2,29,8,72,2,0,78,67,0
0,3,0,1,0,1,2,1,29,13,68,1,0,67,73,2
0,2,0,1,18,0,2,3,29,13,68,1,1,92,48,2
0,3,0,1,12,1,2,3,29,13,68,1,1,86,47,2
0,1,0,1,9,1,2,1,29,13,68,1,1,91,84,0
0,2,0,1,2,0,2,3,25,13,68,1,1,98,43,1
0,0,0,1,18,0,2,3,25,13,68,1,1,55,40,0
0,3,0,1,16,1,2,0,25,13,68,1,0,66,92,2
0,3,0,1,19,0,2,1,23,13,68,1,0,87,82,1
0,2,1,1,7,0,2,3,18,25,81,0,0,72,40,2
0,2,1,1,1,1,2,2,26,25,81,0,0,60,66,2
0,2,0,1,7,0,1,3,18,25,81,0,0,72,40,2
0,2,0,1,1,1,1,2,26,25,81,0,0,60,66,2
0,2,1,1,7,0,1,3,18,25,81,2,0,72,40,2
0,2,1,1,1,1,1,2,26,25,81,2,0,60,66,2
1,2,1,1,6,1,1,1,25,12,83,1,0,72,73,2
1,3,1,1,13,1,1,3,25,12,83,1,0,57,49,2
1,2,0,1,6,1,2,1,25,12,83,1,0,72,73,2
1,3,0,1,13,1,2,3,25,12,83,1,0,57,49,2
1,1,0,1,0,1,2,2,24,13,89,0,1,75,68,0
1,3,0,1,20,1,2,0,27,13,89,0,0,97,88,2
1,1,1,1,0,1,2,2,24,13,89,1,1,75,68,0
1,3,1,1,20,1,2,0,27,13,89,1,0,97,88,2
1,3,1,1,18,1,0,3,19,7,98,1,0,58,41,1
1,2,1,1,5,1,0,0,22,7,98,1,0,80,92,2
1,3,1,1,16,1,0,0,18,7,98,1,1,63,97,1
0,1,1,1,13,1,1,1,18,10,67,1,0,95,78,0
0,1,1,1,14,0,1,3,25,10,67,1,1,73,54,0
0,1,1,1,8,1,1,2,18,10,67,1,0,61,62,2
0,1,1,1,11,1,1,2,26,10,67,1,0,67,60,1
0,3,1,1,4,1,1,2,28,10,67,1,1,99,68,1
0,1,0,1,13,1,2,1,18,10,67,1,0,95,78,0
0,1,0,1,14,0,2,3,25,10,67,1,1,73,54,0
0,1,0,1,8,1,2,2,18,10,67,1,0,61,62,2
0,1,0,1,11,1,2,2,26,10,67,1,0,67,60,1
0,3,0,1,4,1,2,2,28,10,67,1,1,99,68,1
1,2,0,1,7,1,2,0,18,28,71,1,1,88,92,2
1,2,0,1,17,1,2,0,24,28,71,1,0,89,95,2
1,0,0,1,12,0,2,0,28,28,71,1,1,79,93,2
1,2,0,1,20,1,1,1,28,17,95,2,1,67,79,1
1,3,0,1,12,0,1,0,26,17,95,2,0,88,87,1
1,0,0,1,10,1,1,1,27,17,95,2,1,99,83,1
1,3,0,1,2,1,1,0,19,17,95,2,1,96,99,2
1,3,1,1,10,0,1,1,26,14,97,1,0,97,79,2
0,0,0,1,16,1,2,0,20,7,97,1,1,79,87,0
0,2,0,1,2,1,2,3,25,7,97,1,1,100,41,1
1,2,1,1,4,1,1,1,27,28,60,0,1,74,79,0
1,1,1,1,16,1,1,1,29,28,60,0,0,57,73,1
1,1,1,1,3,0,1,0,29,28,60,0,0,92,98,1
0,1,1,1,0,1,0,2,25,28,61,0,1,63,56,2
0,1,1,1,0,1,1,2,25,28,61,0,1,63,56,2
0,0,0,1,20,0,2,3,29,15,62,2,1,88,50,1
0,0,0,1,2,1,2,2,29,15,62,2,0,79,57,0
0,0,0,1,20,0,1,3,29,15,62,2,1,88,50,1
0,0,0,1,2,1,1,2,29,15,62,2,0,79,57,0
0,0,1,1,8,1,0,3,26,8,61,1,0,67,47,2
0,0,1,1,4,1,1,1,26,29,98,0,0,68,74,2
1,0,0,1,16,0,1,2,24,18,88,0,0,78,56,1
1,2,0,1,16,1,1,2,21,18,88,0,1,68,56,2
1,3,0,1,12,1,1,0,23,18,88,0,0,50,93,2
1,2,0,1,9,1,1,1,23,18,88,0,1,70,70,2
1,0,0,1,16,0,1,2,24,18,88,2,0,78,56,1
1,2,0,1,16,1,1,2,21,18,88,2,1,68,56,2
1,3,0,1,12,1,1,0,23,18,88,2,0,50,93,2
1,2,0,1,9,1,1,1,23,18,88,2,1,70,70,2
1,0,0,1,16,0,2,2,24,18,88,1,0,78,56,1
1,2,0,1,16,1,2,2,21,18,88,1,1,68,56,2
1,3,0,1,12,1,2,0,23,18,88,1,0,50,93,2
1,2,0,1,9,1,2,1,23,18,88,1,1,70,70,2
0,2,0,1,12,1,1,0,25,11,83,2,1,66,90,2
0,2,1,1,12,1,0,0,25,11,83,0,1,66,90,2
1,1,0,1,15,1,0,3,18,8,67,0,0,68,48,0
1,2,0,1,19,1,0,2,21,8,67,0,0,76,60,2
1,1,1,1,15,1,1,3,18,8,67,1,0,68,48,0
1,2,1,1,19,1,1,2,21,8,67,1,0,76,60,2
1,1,1,1,0,1,2,0,23,24,86,2,1,63,99,1
1,1,1,1,1,0,2,3,18,24,86,2,0,57,42,2
1,1,1,1,3,1,2,1,22,24,86,2,1,76,82,2
1,1,1,1,9,1,2,0,22,24,86,2,1,62,100,0
1,1,0,1,0,1,2,0,23,24,86,1,1,63,99,1
1,1,0,1,1,0,2,3,18,24,86,1,0,57,42,2
1,1,0,1,3,1,2,1,22,24,86,1,1,76,82,2
1,1,0,1,9,1,2,0,22,24,86,1,1,62,100,0
1,1,1,1,0,1,0,0,23,24,86,1,1,63,99,1
1,1,1,1,1,0,0,3,18,24,86,1,0,57,42,2
1,1,1,1,3,1,0,1,22,24,86,1,1,76,82,2
1,1,1,1,9,1,0,0,22,24,86,1,1,62,100,0
1,1,1,1,0,1,1,0,23,24,86,1,1,63,99,1
1,1,1,1,1,0,1,3,18,24,86,1,0,57,42,2
1,1,1,1,3,1,1,1,22,24,86,1,1,76,82,2
1,1,1,1,9,1,1,0,22,24,86,1,1,62,100,0
1,0,1,1,2,0,1,2,22,10,72,1,0,83,55,1
0,2,0,1,0,1,0,0,28,28,99,1,1,98,99,2
0,0,0,1,9,1,0,3,25,28,99,1,1,89,54,1
0,3,0,1,18,0,0,3,20,28,99,1,1,57,42,2
0,2,1,1,0,1,1,0,28,28,99,1,1,98,99,2
0,0,1,1,9,1,1,3,25,28,99,1,1,89,54,1
0,3,1,1,18,0,1,3,20,28,99,1,1,57,42,2
1,2,1,1,7,1,2,2,22,11,74,0,0,73,67,1
1,2,1,1,5,0,2,3,19,11,74,0,0,57,48,2
1,2,1,1,20,1,2,1,25,11,74,0,0,67,76,2
1,2,0,1,7,1,1,2,22,11,74,0,0,73,67,1
1,2,0,1,5,0,1,3,19,11,74,0,0,57,48,2
1,2,0,1,20,1,1,1,25,11,74,0,0,67,76,2
0,3,0,1,8,1,2,0,18,28,67,0,1,85,85,2
0,1,0,1,8,1,2,2,27,28,67,0,1,62,56,2
0,2,0,1,9,1,2,1,28,28,67,0,1,53,82,2
0,3,0,1,8,1,1,0,18,28,67,2,1,85,85,2
0,1,0,1,8,1,1,2,27,28,67,2,1,62,56,2
0,2,0,1,9,1,1,1,28,28,67,2,1,53,82,2
0,3,1,1,8,1,1,0,18,28,67,1,1,85,85,2
0,1,1,1,8,1,1,2,27,28,67,1,1,62,56,2
0,2,1,1,9,1,1,1,28,28,67,1,1,53,82,2
1,0,1,1,7,1,1,3,23,34,75,1,1,58,52,2
0,0,1,1,0,1,2,1,23,13,60,1,1,63,70,1
0,1,1,1,16,1,2,2,28,13,60,1,1,87,57,2
0,2,1,1,18,1,2,0,23,13,60,1,1,97,90,0
0,0,0,1,0,1,2,1,23,13,60,1,1,63,70,1
0,1,0,1,16,1,2,2,28,13,60,1,1,87,57,2
0,2,0,1,18,1,2,0,23,13,60,1,1,97,90,0
1,0,1,1,10,1,2,1,19,25,66,0,1,62,72,2
1,1,1,1,11,0,2,3,20,25,66,0,1,78,54,2
1,0,1,1,8,1,2,1,25,25,66,0,0,61,83,2
1,0,1,0,10,1,1,1,19,25,66,1,1,62,72,2
1,1,1,0,11,0,1,3,20,25,66,1,1,78,54,2
1,0,1,0,8,1,1,1,25,25,66,1,0,61,83,2
1,0,1,1,10,1,2,1,19,25,66,1,1,62,72,2
1,1,1,1,11,0,2,3,20,25,66,1,1,78,54,2
1,0,1,1,8,1,2,1,25,25,66,1,0,61,83,2
1,0,1,1,10,1,1,1,19,25,66,1,1,62,72,2
1,1,1,1,11,0,1,3,20,25,66,1,1,78,54,2
1,0,1,1,8,1,1,1,25,25,66,1,0,61,83,2
0,0,0,1,20,1,1,2,19,6,73,0,1,91,55,1
0,1,0,1,20,0,1,0,18,6,73,0,1,55,87,2
0,1,1,0,6,0,2,0,21,37,69,1,1,82,95,1
1,0,1,1,4,1,1,1,19,7,72,1,0,79,76,2
1,0,1,1,14,0,1,1,20,7,72,1,1,76,82,1
0,3,1,1,6,1,2,3,23,8,97,2,1,75,47,0
0,2,1,1,17,0,2,2,28,8,97,2,0,62,66,1
0,1,1,1,19,1,2,3,27,8,97,2,0,56,48,1
0,0,1,1,11,1,1,1,25,8,98,1,1,86,74,1
0,2,1,1,17,1,1,0,29,8,98,1,0,74,97,2
1,2,0,1,0,1,0,0,18,34,87,2,0,78,95,2
1,2,0,1,11,1,0,2,27,34,87,2,1,92,66,1
1,3,1,1,2,1,2,1,22,10,71,1,1,52,78,2
1,2,1,1,5,1,1,1,22,38,90,0,1,68,70,0
1,1,1,1,10,1,1,1,19,13,76,2,0,97,70,2
1,3,1,1,11,1,1,1,23,13,76,2,1,75,73,2
1,3,1,1,6,1,1,2,24,13,76,2,0,82,63,2
1,1,0,1,8,0,2,1,29,18,60,0,1,56,76,2
1,1,0,1,8,1,2,1,25,18,60,0,0,86,83,2
1,1,0,1,12,1,2,0,22,18,60,0,1,86,90,2
1,2,1,1,4,1,2,2,28,12,85,1,0,67,58,2
1,2,1,1,1,1,2,0,26,12,85,1,1,80,99,2
1,2,1,1,2,1,2,3,25,12,85,1,1,74,40,1
1,2,1,1,4,1,1,2,28,12,85,2,0,67,58,2
1,2,1,1,1,1,1,0,26,12,85,2,1,80,99,2
1,2,1,1,2,1,1,3,25,12,85,2,1,74,40,1
1,2,0,1,4,1,2,2,28,12,85,0,0,67,58,2
1,2,0,1,1,1,2,0,26,12,85,0,1,80,99,2
1,2,0,1,2,1,2,3,25,12,85,0,1,74,40,1
1,2,1,1,4,1,1,2,28,12,85,1,0,67,58,2
1,2,1,1,1,1,1,0,26,12,85,1,1,80,99,2
1,2,1,1,2,1,1,3,25,12,85,1,1,74,40,1
1,0,1,1,7,1,1,2,24,26,82,1,1,53,56,1
1,2,1,1,0,1,1,3,19,26,82,1,1,86,52,1
1,0,0,1,7,1,1,2,24,26,82,0,1,53,56,1
1,2,0,1,0,1,1,3,19,26,82,0,1,86,52,1
0,0,1,1,8,1,2,1,21,22,78,2,1,80,83,1
0,1,1,1,12,1,2,3,24,22,78,2,1,100,51,1
0,3,1,1,11,1,1,0,21,7,74,0,1,51,93,2
0,3,1,1,3,0,1,2,28,7,74,0,1,89,68,2
0,1,0,1,6,1,1,2,18,29,72,0,1,66,55,2
0,2,1,1,20,1,0,2,23,11,73,2,1,77,59,1
0,1,1,1,12,1,0,0,27,11,73,2,0,85,95,0
1,0,1,1,6,1,2,2,23,7,79,1,1,55,68,2
1,3,1,1,4,1,2,0,28,7,79,1,0,64,87,2
0,3,1,1,12,1,1,1,22,30,83,1,0,90,71,2
0,0,1,1,5,1,1,1,23,30,83,1,0,85,77,2
0,2,1,1,8,1,1,0,25,30,83,1,1,56,91,1
0,1,1,1,5,0,1,0,28,30,83,1,1,54,88,1
1,0,0,1,9,1,0,3,21,34,91,1,0,90,45,1
1,3,0,1,2,0,0,0,26,34,91,1,1,67,85,2
1,0,0,0,9,1,1,3,21,34,91,1,0,90,45,1
1,3,0,0,2,0,1,0,26,34,91,1,1,67,85,2
0,0,0,1,8,0,1,1,27,7,63,1,1,58,80,2
0,1,0,1,0,0,1,3,29,7,63,1,1,59,47,1
0,0,0,1,20,1,1,1,21,7,63,1,1,74,71,0
0,3,0,1,17,1,1,3,23,7,63,1,1,78,51,2
1,3,0,1,20,1,1,3,26,7,86,1,1,60,45,0
1,0,0,1,7,1,1,0,21,7,86,1,0,62,92,2
1,2,0,1,6,1,1,1,19,34,97,1,1,60,83,2
1,0,0,1,6,1,1,1,24,34,97,1,1,63,72,1
1,3,0,1,1,1,1,2,27,34,97,1,0,61,62,0
1,0,0,1,16,1,1,3,29,34,97,1,1,71,46,0
1,0,1,1,0,1,1,0,19,13,97,1,1,98,85,1
1,2,1,1,13,1,1,1,23,13,97,1,0,60,78,0
0,1,0,1,0,1,1,1,27,34,92,0,1,81,80,1
0,0,0,1,20,0,1,2,21,34,92,0,1,92,68,1
1,0,0,1,5,1,0,0,22,18,90,2,1,93,100,2
1,1,0,1,10,1,0,0,29,18,90,2,0,54,90,2
1,3,0,1,16,1,0,1,26,18,90,2,0,76,76,2
1,0,0,1,5,1,2,0,22,18,90,2,1,93,100,2
1,1,0,1,10,1,2,0,29,18,90,2,0,54,90,2
1,3,0,1,16,1,2,1,26,18,90,2,0,76,76,2
1,0,0,1,5,1,1,0,22,18,90,1,1,93,100,2
1,1,0,1,10,1,1,0,29,18,90,1,0,54,90,2
1,3,0,1,16,1,1,1,26,18,90,1,0,76,76,2
1,0,1,1,5,1,1,0,22,18,90,0,1,93,100,2
1,1,1,1,10,1,1,0,29,18,90,0,0,54,90,2
1,3,1,1,16,1,1,1,26,18,90,0,0,76,76,2
1,2,1,1,12,1,0,3,20,11,90,0,1,63,49,2
1,0,1,1,5,1,1,3,26,9,88,0,0,99,45,2
0,0,0,1,18,1,0,2,23,18,100,0,1,62,65,1
0,3,0,1,11,1,0,0,25,18,100,0,1,66,94,2
0,2,0,1,4,0,1,0,23,35,86,1,0,100,89,0
1,3,1,1,15,1,0,2,27,34,79,0,1,52,55,1
1,2,1,1,15,1,0,0,22,34,79,0,1,96,94,2
1,2,1,1,2,0,0,0,25,34,79,0,0,57,86,2
1,3,1,1,19,0,0,2,22,34,79,0,1,76,67,0
1,3,0,1,6,1,0,3,22,8,82,1,1,72,41,2
1,1,0,1,15,1,0,1,22,8,82,1,1,75,71,1
1,1,0,1,12,1,0,0,28,8,82,1,1,66,100,0
1,0,0,1,0,0,1,0,26,31,77,1,1,81,87,2
0,0,0,1,11,1,0,0,25,8,91,1,0,85,93,2
0,0,0,1,5,1,0,0,29,8,91,1,0,96,87,1
0,3,0,1,6,1,0,1,28,8,91,1,1,50,73,2
0,2,0,1,12,1,0,3,22,8,91,1,1,57,53,1
1,0,0,1,3,1,1,1,23,14,99,0,1,88,71,2
1,2,0,1,11,1,1,0,22,14,99,0,1,88,94,2
1,2,0,1,7,1,1,1,20,14,99,0,0,95,72,2
1,0,1,1,3,1,1,1,23,14,99,1,1,88,71,2
1,2,1,1,11,1,1,0,22,14,99,1,1,88,94,2
1,2,1,1,7,1,1,1,20,14,99,1,0,95,72,2
0,0,1,0,12,0,2,0,22,9,72,1,1,86,100,2
0,3,0,1,6,1,1,3,28,15,60,0,1,86,54,2
0,2,0,1,8,1,1,1,26,15,60,0,0,81,82,1
0,3,0,1,0,0,1,0,28,15,60,0,0,84,99,0
0,0,0,1,16,1,1,0,19,15,60,0,1,66,88,1
1,0,1,1,0,1,2,0,18,34,78,1,1,60,89,0
1,2,1,1,4,1,2,1,20,34,78,1,1,63,73,1
1,0,1,0,7,1,1,1,23,31,82,1,0,60,70,1
1,2,1,0,10,1,1,2,22,31,82,1,0,54,66,1
1,0,1,1,7,1,2,1,23,31,82,1,0,60,70,1
1,2,1,1,10,1,2,2,22,31,82,1,0,54,66,1
0,3,0,1,10,0,1,0,19,38,80,1,1,51,93,1
0,2,0,1,10,1,1,1,18,38,80,1,1,93,83,1
0,0,0,1,7,1,1,0,21,38,80,1,1,85,94,0
0,3,0,1,9,0,1,0,18,38,80,1,1,68,93,2
1,1,0,1,13,1,2,1,23,31,79,1,1,59,75,2
1,3,0,1,15,1,2,3,22,31,79,1,0,51,45,0
1,1,0,1,2,1,0,0,25,25,100,0,1,81,91,2
1,0,0,1,2,0,0,3,23,25,100,0,0,72,45,2
0,0,1,1,20,1,2,0,19,11,78,1,0,56,91,1
0,2,1,1,17,1,2,0,21,11,78,1,1,80,92,2
0,2,1,1,10,1,2,0,25,11,78,1,0,100,87,2
0,2,1,1,6,1,2,3,27,11,78,1,1,65,40,1
0,0,1,1,7,1,2,1,28,11,78,1,1,59,82,1
0,1,1,1,11,1,2,3,18,11,78,1,1,71,49,2
0,2,1,1,19,1,2,1,27,11,78,1,0,66,75,2
0,0,1,1,20,1,0,0,19,11,78,0,0,56,91,1
0,2,1,1,17,1,0,0,21,11,78,0,1,80,92,2
0,2,1,1,10,1,0,0,25,11,78,0,0,100,87,2
0,2,1,1,6,1,0,3,27,11,78,0,1,65,40,1
0,0,1,1,7,1,0,1,28,11,78,0,1,59,82,1
0,1,1,1,11,1,0,3,18,11,78,0,1,71,49,2
0,2,1,1,19,1,0,1,27,11,78,0,0,66,75,2
0,0,0,1,20,1,2,0,19,11,78,0,0,56,91,1
0,2,0,1,17,1,2,0,21,11,78,0,1,80,92,2
0,2,0,1,10,1,2,0,25,11,78,0,0,100,87,2
0,2,0,1,6,1,2,3,27,11,78,0,1,65,40,1
0,0,0,1,7,1,2,1,28,11,78,0,1,59,82,1
0,1,0,1,11,1,2,3,18,11,78,0,1,71,49,2
0,2,0,1,19,1,2,1,27,11,78,0,0,66,75,2
1,2,0,1,17,1,2,3,26,15,70,2,0,94,40,2
1,2,0,1,11,0,2,2,24,15,70,2,0,70,68,0
1,0,0,1,10,1,2,1,24,15,70,2,1,72,81,2
1,1,0,1,15,1,2,2,25,15,70,2,1,75,57,2
1,2,0,1,17,1,1,3,26,15,70,0,0,94,40,2
1,2,0,1,11,0,1,2,24,15,70,0,0,70,68,0
1,0,0,1,10,1,1,1,24,15,70,0,1,72,81,2
1,1,0,1,15,1,1,2,25,15,70,0,1,75,57,2
0,3,0,1,18,0,2,1,23,27,84,0,1,54,73,1
1,0,0,1,10,1,2,1,25,36,70,1,1,56,84,0
0,1,1,1,12,1,2,0,25,12,71,0,0,90,98,1
0,1,1,1,19,0,2,2,26,12,71,0,1,66,61,2
0,1,1,1,12,1,2,0,25,12,71,2,0,90,98,1
0,1,1,1,19,0,2,2,26,12,71,2,1,66,61,2
1,2,0,1,16,1,1,2,21,28,96,2,1,69,68,2
1,1,0,1,20,1,1,3,20,28,96,2,1,72,40,2
1,2,0,1,2,0,1,2,21,28,96,2,1,87,56,2
1,2,1,1,16,1,0,2,21,28,96,2,1,69,68,2
1,1,1,1,20,1,0,3,20,28,96,2,1,72,40,2
1,2,1,1,2,0,0,2,21,28,96,2,1,87,56,2
0,1,1,1,12,1,1,3,22,25,68,0,1,98,47,0
0,1,0,1,12,1,1,3,22,25,68,0,1,98,47,0
0,1,0,0,7,1,1,3,21,10,98,0,1,90,52,2
0,1,0,0,4,1,1,3,22,10,98,0,1,91,46,2
0,1,1,1,7,1,0,3,21,10,98,0,1,90,52,2
0,1,1,1,4,1,0,3,22,10,98,0,1,91,46,2
0,1,1,1,20,1,2,2,21,7,93,2,0,98,57,1
0,2,1,1,10,0,2,1,21,7,93,2,0,94,73,0
0,1,0,1,8,1,1,0,25,10,100,0,1,98,85,2
0,0,0,1,17,1,0,0,21,9,89,2,1,84,87,0
0,1,0,1,1,1,0,3,22,9,89,2,1,72,48,1
1,3,1,1,6,1,1,0,20,13,62,1,0,85,90,1
1,0,1,1,16,0,1,1,28,13,62,1,0,54,75,0
1,3,1,1,5,0,1,2,18,13,62,1,0,86,66,2
1,2,1,1,0,1,1,1,18,13,62,1,0,55,77,2
1,3,0,1,6,1,0,0,20,13,62,2,0,85,90,1
1,0,0,1,16,0,0,1,28,13,62,2,0,54,75,0
1,3,0,1,5,0,0,2,18,13,62,2,0,86,66,2
1,2,0,1,0,1,0,1,18,13,62,2,0,55,77,2
1,2,1,1,16,1,2,1,23,35,63,0,0,92,74,2
1,1,1,1,4,1,2,2,19,35,63,0,0,68,55,0
1,2,1,1,7,1,1,2,22,30,92,1,0,58,61,0
0,0,1,1,19,1,2,0,22,7,88,1,1,64,85,1
0,3,1,1,7,0,2,2,21,7,88,1,0,65,64,2
1,0,1,1,19,0,1,1,19,9,90,1,1,95,73,0
1,1,1,1,7,0,1,1,29,9,90,1,1,70,82,1
1,0,1,1,19,0,2,1,19,9,90,0,1,95,73,0
1,1,1,1,7,0,2,1,29,9,90,0,1,70,82,1
1,3,1,1,9,0,0,0,21,25,79,1,1,88,92,2
1,1,1,1,7,0,0,3,28,25,79,1,1,89,45,2
1,3,0,0,9,0,1,0,21,25,79,0,1,88,92,2
1,1,0,0,7,0,1,3,28,25,79,0,1,89,45,2
0,0,0,1,19,0,0,3,27,30,71,0,0,96,45,2
0,0,0,1,19,0,2,3,27,30,71,0,0,96,45,2
0,2,1,1,5,1,1,3,22,13,66,0,0,95,44,0
0,3,1,1,6,1,1,2,25,13,66,0,1,93,57,2
0,0,0,0,1,1,1,0,24,28,65,2,1,97,94,2
1,0,0,1,5,1,0,1,20,24,83,1,1,76,73,1
1,3,0,1,2,0,0,0,29,24,83,1,1,51,100,1
1,0,0,1,5,1,1,1,20,24,83,2,1,76,73,1
1,3,0,1,2,0,1,0,29,24,83,2,1,51,100,1
0,0,1,1,20,1,1,3,19,32,91,1,0,81,45,1
1,0,1,1,1,0,1,0,29,6,76,1,0,81,94,2
0,0,1,1,0,0,2,2,29,26,79,2,1,73,65,2
0,2,1,1,15,1,2,0,19,26,79,2,0,93,89,0
0,2,1,1,16,1,2,0,18,26,79,2,0,82,89,2
0,1,1,1,12,1,2,0,28,26,79,2,0,83,93,1
0,3,1,1,14,0,2,1,21,26,79,2,0,60,74,2
0,2,1,0,13,1,2,3,18,32,64,0,1,58,41,2
0,3,1,0,0,0,2,3,19,32,64,0,1,95,41,2
0,1,1,0,3,0,2,0,27,32,64,0,1,65,99,2
0,3,1,0,0,1,2,3,19,32,64,0,0,50,54,2
1,2,1,0,17,1,1,3,29,12,97,1,1,64,42,1
1,2,1,1,17,1,0,3,29,12,97,1,1,64,42,1
0,2,0,1,9,0,1,1,22,7,68,1,0,99,80,0
0,1,0,1,17,0,1,1,23,7,68,1,1,90,83,2
1,0,1,1,20,1,0,3,21,24,85,1,1,62,53,2
1,2,1,1,6,0,0,2,29,24,85,1,0,99,62,2
1,1,1,1,5,0,0,3,24,24,85,1,0,77,48,2
0,1,0,1,10,1,2,0,18,11,75,1,1,78,92,0
0,1,0,0,10,1,1,0,18,11,75,1,1,78,92,0
1,3,1,1,9,1,2,2,23,35,67,0,1,58,66,2
0,3,1,1,13,0,1,3,21,12,90,0,1,59,53,2
0,2,1,1,9,0,1,0,22,12,90,0,0,61,98,2
0,3,1,1,9,1,1,0,29,12,90,0,0,58,96,0
0,3,1,1,4,1,1,3,19,12,90,0,0,92,54,0
0,2,1,1,11,1,1,0,27,12,90,0,1,52,86,0
0,0,1,1,20,0,1,2,18,12,90,0,1,67,67,1
0,2,1,1,16,1,1,3,23,12,90,0,0,50,43,0
0,0,1,1,13,1,1,3,24,12,90,0,0,95,43,2
0,3,0,1,13,0,2,3,21,12,90,0,1,59,53,2
0,2,0,1,9,0,2,0,22,12,90,0,0,61,98,2
0,3,0,1,9,1,2,0,29,12,90,0,0,58,96,0
0,3,0,1,4,1,2,3,19,12,90,0,0,92,54,0
0,2,0,1,11,1,2,0,27,12,90,0,1,52,86,0
0,0,0,1,20,0,2,2,18,12,90,0,1,67,67,1
0,2,0,1,16,1,2,3,23,12,90,0,0,50,43,0
0,0,0,1,13,1,2,3,24,12,90,0,0,95,43,2
0,1,0,1,15,1,2,2,28,27,60,2,1,59,63,1
0,2,0,1,6,1,2,0,27,27,60,2,1,86,98,2
0,1,0,1,15,1,2,2,28,27,60,0,1,59,63,1
0,2,0,1,6,1,2,0,27,27,60,0,1,86,98,2
1,1,1,1,18,1,2,0,27,10,75,1,1,82,88,2
1,0,1,1,1,1,2,0,21,10,75,1,1,67,100,0
1,1,1,1,18,1,1,0,27,10,75,1,1,82,88,2
1,0,1,1,1,1,1,0,21,10,75,1,1,67,100,0
0,3,1,1,19,0,0,3,20,5,97,1,1,84,46,0
1,3,1,1,1,1,2,1,27,10,91,1,1,89,71,0
0,2,1,0,5,0,1,1,19,29,81,1,0,81,79,1
0,0,1,0,8,1,1,2,20,29,81,1,0,68,59,2
0,3,0,0,7,1,2,1,25,28,96,2,0,90,82,1
1,1,1,1,4,1,1,2,18,35,91,0,0,100,62,1
1,0,1,1,5,1,1,3,24,35,91,0,0,67,51,2
1,3,1,1,19,1,1,3,26,35,91,0,1,72,40,1
1,0,1,1,2,0,1,0,24,35,91,0,1,56,94,1
1,0,1,1,0,1,1,0,29,35,91,0,1,62,94,2
1,1,1,1,10,1,1,3,29,35,91,0,1,77,45,1
1,3,1,1,16,1,0,1,22,7,89,1,1,80,83,2
1,3,1,1,10,0,0,3,24,7,89,1,1,55,49,2
0,1,1,1,12,1,1,0,27,9,88,1,0,50,99,2
0,2,1,0,14,1,1,2,25,32,83,1,1,98,55,0
0,1,1,0,1,1,1,0,20,32,83,1,0,60,97,1
0,0,1,0,19,1,1,1,29,32,83,1,0,57,80,0
0,1,1,0,20,1,1,2,26,32,83,1,1,86,62,0
1,1,1,1,0,1,0,1,29,5,73,2,1,54,79,2
1,2,1,1,20,1,0,0,23,5,73,2,1,73,96,2
1,2,1,1,3,1,0,2,21,5,73,2,1,94,60,1
1,1,0,1,7,1,1,3,27,39,78,1,1,79,40,1
1,0,0,1,18,1,1,0,22,39,78,1,1,64,100,2
0,1,1,1,10,0,2,2,22,16,85,0,0,99,68,2
0,0,1,1,6,1,2,1,29,16,85,0,0,94,80,1
1,2,1,1,18,0,1,1,22,6,66,0,1,95,71,1
1,3,1,1,7,0,1,3,24,6,66,0,1,54,41,2
1,0,1,1,20,1,1,2,25,6,66,0,1,64,66,2
1,0,1,1,6,1,0,2,22,36,89,0,1,79,63,2
1,2,1,1,1,1,0,1,27,36,89,0,0,69,79,1
1,2,0,1,18,1,0,2,28,5,93,1,1,63,61,1
1,1,0,1,10,1,0,1,27,5,93,1,0,59,74,2
1,1,0,1,5,1,0,2,27,5,93,1,1,62,56,1
1,3,0,1,16,1,0,1,24,5,93,1,1,87,81,1
0,1,0,1,5,1,2,0,20,10,65,1,1,71,95,2
0,2,0,1,20,1,2,2,20,10,65,1,0,73,57,2
0,1,0,1,3,1,2,3,26,13,78,2,1,61,54,2
0,1,1,1,13,1,1,1,18,9,81,1,0,95,83,2
0,3,1,1,15,1,1,1,22,9,81,1,1,77,75,2
0,3,1,1,13,0,1,2,22,9,81,1,0,100,65,2
1,0,0,1,9,0,2,3,25,29,60,1,1,77,43,0
1,3,0,1,16,1,2,0,24,29,60,1,0,50,90,2
1,0,0,1,19,0,2,0,29,29,60,1,1,64,90,2
1,1,1,1,16,0,1,0,22,11,68,1,1,69,98,2
1,1,1,0,16,0,2,0,22,11,68,2,1,69,98,2
0,0,0,1,16,0,1,0,18,38,98,1,1,74,86,2
0,2,0,1,6,1,1,2,22,38,98,1,0,75,56,1
0,2,0,1,4,0,1,1,28,38,98,1,0,51,80,0
0,3,0,1,11,1,1,1,26,38,98,1,1,86,77,2
1,0,1,1,19,0,0,1,29,9,93,1,1,84,72,2
1,1,1,1,18,1,1,1,19,6,80,0,0,100,78,1
1,0,1,1,20,0,1,2,18,6,80,0,1,80,66,1
0,2,1,1,11,0,2,3,23,30,68,2,1,84,42,1
1,1,1,1,17,1,1,3,20,6,92,1,1,67,44,0
1,0,1,1,1,0,1,1,20,6,92,1,1,70,79,2
1,1,1,1,19,1,1,3,19,6,92,1,0,64,43,1
1,2,0,1,6,0,1,3,20,5,61,2,0,71,44,2
1,1,0,1,7,1,1,0,26,5,61,2,0,55,90,0
1,1,0,1,0,1,1,2,19,5,61,2,1,52,60,2
1,1,1,1,5,0,2,1,27,9,67,1,0,86,82,2
1,1,1,1,5,1,2,1,22,9,67,1,0,54,77,1
1,3,1,1,0,1,2,3,22,9,67,1,1,62,52,1
0,1,0,1,9,1,1,2,29,6,83,1,0,77,55,0
0,0,0,1,6,1,1,0,27,6,83,1,1,92,95,2
0,3,0,1,19,1,1,0,21,6,83,1,1,84,100,2
1,1,0,1,17,1,1,2,18,30,99,1,0,88,62,2
1,2,0,1,20,1,1,3,20,30,99,1,0,88,44,1
1,3,0,1,2,1,1,0,20,30,99,1,1,56,93,2
1,1,1,1,17,1,1,2,18,30,99,1,0,88,62,2
1,2,1,1,20,1,1,3,20,30,99,1,0,88,44,1
1,3,1,1,2,1,1,0,20,30,99,1,1,56,93,2
0,3,1,1,14,0,2,0,28,27,76,1,0,90,94,0
0,0,1,1,1,1,2,1,25,27,76,1,0,63,77,0
0,3,0,1,14,0,2,0,28,27,76,1,0,90,94,0
0,0,0,1,1,1,2,1,25,27,76,1,0,63,77,0
0,3,0,1,14,0,1,0,28,27,76,1,0,90,94,0
0,0,0,1,1,1,1,1,25,27,76,1,0,63,77,0
1,3,0,1,20,1,1,1,27,33,66,1,0,91,80,0
1,2,0,1,16,1,1,2,22,33,66,1,1,95,55,2
1,2,0,1,5,0,1,0,26,33,66,1,1,68,90,2
1,1,0,1,1,1,1,2,20,33,66,1,1,80,55,0
0,1,1,1,3,0,1,0,22,27,100,0,1,78,86,1
0,3,1,1,13,0,1,2,18,27,100,0,1,61,67,2
1,1,0,1,9,1,0,0,22,33,78,1,0,60,94,1
1,3,0,1,10,1,0,1,25,33,78,1,0,95,77,0
1,0,0,1,3,1,0,0,24,33,78,1,0,67,98,2
1,1,0,1,9,1,1,0,22,33,78,1,0,60,94,1
1,3,0,1,10,1,1,1,25,33,78,1,0,95,77,0
1,0,0,1,3,1,1,0,24,33,78,1,0,67,98,2
0,0,1,1,0,1,0,0,28,7,94,2,1,67,93,0
0,3,1,1,2,0,0,3,29,7,94,2,1,70,52,2
1,3,1,1,15,1,1,3,25,32,90,2,1,53,41,2
0,0,1,1,16,1,1,3,27,30,97,2,1,79,47,0
0,2,1,1,17,1,1,0,23,30,97,2,1,68,99,1
0,0,1,1,0,1,1,1,23,30,97,2,0,78,80,2
0,2,1,1,4,1,1,3,25,30,97,2,0,78,47,2
0,1,1,1,7,1,1,1,28,30,97,2,1,56,79,1
0,2,1,1,17,1,1,3,20,15,94,0,0,66,45,2
0,0,1,1,15,1,1,1,21,15,94,0,1,94,79,0
1,0,1,1,7,1,0,1,23,27,93,0,0,81,76,1
0,3,0,1,6,0,2,0,22,13,72,0,1,89,91,2
0,3,0,1,9,1,2,3,29,13,72,0,0,70,54,2
1,2,1,1,0,1,0,3,25,33,61,1,1,75,40,1
0,2,1,0,11,0,1,0,27,12,86,0,1,58,92,1
0,3,1,0,3,1,1,2,28,12,86,0,0,77,60,0
0,3,1,0,17,1,1,0,23,12,86,0,1,69,92,2
1,2,1,1,17,1,0,0,21,36,82,1,0,54,95,1
1,2,1,1,7,0,0,1,20,36,82,1,1,71,78,0
1,0,1,1,14,0,0,1,18,36,82,1,0,63,74,0
1,1,1,1,6,1,0,1,25,36,82,1,1,71,78,2
1,2,1,1,12,1,1,2,24,34,99,1,0,68,63,0
1,1,0,1,15,1,1,0,25,22,100,1,1,57,85,1
0,1,0,1,6,1,1,1,29,27,80,0,1,71,81,0
0,2,0,1,5,1,1,3,23,27,80,0,0,58,40,2
0,1,0,1,14,1,2,1,29,29,79,1,0,69,82,2
0,2,0,1,12,1,2,2,22,29,79,1,0,88,55,1
0,0,0,1,9,1,2,3,19,29,79,1,1,90,52,2
1,1,1,1,10,1,0,3,25,11,77,0,0,87,48,2
1,2,1,1,16,0,0,3,19,11,77,0,1,81,52,1
1,1,1,1,13,0,0,3,18,11,77,0,0,62,50,0
1,3,1,1,5,1,0,3,21,11,77,0,0,84,52,2
0,2,0,1,3,1,1,3,28,31,95,1,1,98,45,2
1,2,1,1,19,1,1,1,18,15,80,0,0,96,71,2
1,0,1,1,10,1,1,2,28,15,80,0,1,50,67,2
1,0,1,1,10,0,1,3,25,15,80,0,1,53,42,2
1,2,1,1,20,1,1,1,27,15,80,0,1,80,78,2
1,2,1,1,19,1,2,1,18,15,80,1,0,96,71,2
1,0,1,1,10,1,2,2,28,15,80,1,1,50,67,2
1,0,1,1,10,0,2,3,25,15,80,1,1,53,42,2
1,2,1,1,20,1,2,1,27,15,80,1,1,80,78,2
0,0,1,1,19,1,0,1,19,17,74,0,1,95,79,0
0,2,1,1,6,0,0,1,26,17,74,0,1,73,77,1
0,2,1,1,15,1,0,2,25,17,74,0,1,74,59,1
0,0,0,1,19,1,1,1,19,17,74,1,1,95,79,0
0,2,0,1,6,0,1,1,26,17,74,1,1,73,77,1
0,2,0,1,15,1,1,2,25,17,74,1,1,74,59,1
0,0,1,0,15,1,1,1,27,11,95,1,1,50,83,0
0,1,1,0,4,1,1,2,27,11,95,1,1,91,55,1
0,0,1,1,15,1,1,1,27,11,95,0,1,50,83,0
0,1,1,1,4,1,1,2,27,11,95,0,1,91,55,1
0,2,1,1,16,1,2,2,21,31,73,2,1,65,62,0
0,3,0,1,14,1,2,3,29,12,93,1,0,50,45,2
0,2,0,1,16,0,2,0,22,12,93,1,0,77,99,1
0,1,0,1,12,1,2,1,18,12,93,1,1,95,77,1
0,1,0,1,9,1,2,0,19,12,93,1,0,55,89,2
1,2,1,1,4,1,2,2,19,32,94,2,1,82,67,1
1,0,1,1,19,1,2,3,19,32,94,2,1,97,45,1
1,0,1,1,3,1,1,3,19,34,93,2,0,82,43,2
0,1,0,1,2,0,1,1,18,29,93,1,0,60,83,0
0,2,0,1,0,1,1,2,22,29,93,1,0,53,56,2
0,1,0,1,16,1,1,0,18,29,93,1,1,55,89,0
0,3,0,1,4,1,1,1,25,29,93,1,1,59,71,2
0,2,0,1,19,1,2,1,24,10,94,1,1,96,75,2
0,1,0,1,6,1,2,3,23,10,94,1,1,78,52,1
0,1,0,1,0,1,2,2,24,10,94,1,1,85,68,1
0,0,1,1,14,1,1,0,24,20,91,2,1,85,85,0
0,0,1,1,9,1,2,2,20,28,88,1,1,76,56,1
1,0,1,1,14,1,0,2,22,5,96,0,1,86,61,1
1,3,1,1,6,1,0,1,25,5,96,0,1,66,79,2
1,1,1,1,17,1,0,0,23,5,96,0,1,76,97,2
1,3,1,1,8,0,0,1,27,5,96,0,0,92,78,1
1,0,1,1,4,1,0,1,25,5,96,0,0,80,82,2
1,0,1,1,7,1,0,1,29,28,68,1,1,94,75,1
1,0,1,1,13,1,0,0,20,28,68,1,1,89,94,2
1,2,1,1,4,0,0,3,29,28,68,1,1,68,46,2
1,2,1,1,1,1,0,3,29,28,68,1,0,50,54,2
1,0,1,1,7,1,1,1,29,28,68,1,1,94,75,1
1,0,1,1,13,1,1,0,20,28,68,1,1,89,94,2
1,2,1,1,4,0,1,3,29,28,68,1,1,68,46,2
1,2,1,1,1,1,1,3,29,28,68,1,0,50,54,2
0,3,0,1,19,1,1,2,19,10,88,1,1,58,65,2
0,1,0,1,18,0,1,0,20,10,88,1,1,66,90,2
1,0,1,1,10,0,2,1,25,36,90,0,1,54,78,0
1,2,1,1,15,1,1,3,22,7,73,1,1,74,44,2
0,2,1,1,0,0,2,2,20,34,82,2,1,68,59,2
0,2,1,1,4,0,1,2,19,28,85,1,1,91,66,2
0,2,1,1,10,1,1,1,27,28,85,1,1,54,71,2
0,0,0,1,11,1,1,3,20,37,96,1,1,61,46,2
0,1,0,1,1,1,1,2,21,37,96,1,0,76,55,2
0,0,0,1,4,1,1,3,26,37,96,1,1,97,40,1
0,1,0,1,6,1,1,3,22,8,65,0,0,68,46,2
0,2,0,1,9,1,1,1,23,8,65,0,1,89,77,0
0,1,0,1,4,1,1,3,28,8,65,0,1,53,54,2
0,1,0,1,12,1,1,3,23,8,65,0,1,76,50,2
1,1,1,1,14,1,1,3,19,8,64,1,1,91,50,2
1,0,1,1,2,1,1,2,24,8,64,1,1,53,57,2
1,2,1,1,18,1,1,1,22,8,64,1,0,68,73,2
1,3,1,1,3,1,1,1,19,6,84,1,1,55,80,2
0,2,1,1,14,1,2,3,18,32,94,1,1,52,42,1
0,2,1,1,10,0,2,0,27,32,94,1,0,65,94,1
0,3,1,1,16,1,2,0,28,32,94,1,0,84,95,1
1,2,1,1,20,0,0,1,24,28,90,1,1,71,81,2
1,0,1,1,6,0,0,0,22,28,90,1,0,58,94,2
1,2,1,1,19,0,1,3,23,8,96,2,1,84,51,1
1,0,1,1,5,0,1,0,19,8,96,2,1,63,96,2
1,0,1,1,0,1,1,0,28,8,96,2,0,60,85,1
1,1,0,1,10,1,1,0,20,28,93,2,1,84,99,2
1,0,0,1,14,1,1,2,23,28,93,2,0,54,63,2
1,2,1,1,5,1,1,1,18,29,75,0,1,69,72,0
1,0,1,1,15,0,1,3,28,29,75,0,1,93,45,2
0,2,0,1,4,1,1,0,24,9,78,0,1,85,88,1
1,1,1,1,19,1,0,1,24,6,67,0,1,93,70,2
1,2,1,1,14,1,0,2,23,6,67,0,0,77,62,2
0,1,1,1,1,1,2,1,22,13,75,1,1,65,70,0
0,1,1,1,3,1,2,3,20,13,75,1,1,100,44,2
1,3,1,1,12,1,2,3,21,6,88,1,1,96,54,1
0,0,0,1,5,1,2,3,22,26,87,0,1,53,48,2
1,3,1,1,8,1,1,1,25,35,84,2,0,93,83,2
0,0,1,0,1,1,1,1,21,29,65,1,1,68,83,1
0,2,1,0,8,1,1,3,22,29,65,1,0,60,47,1
1,0,1,1,7,0,0,0,18,12,91,0,1,59,85,2
0,3,1,1,9,1,0,2,28,33,95,0,1,70,65,0
0,2,1,1,1,1,0,0,19,33,95,0,0,52,99,2
0,3,1,1,17,1,0,3,18,33,95,0,1,99,41,2
0,0,1,1,18,0,0,3,19,33,95,0,0,77,47,2
0,2,1,1,17,0,0,0,26,33,95,0,1,77,90,0
0,0,1,1,10,0,0,3,27,30,62,1,1,67,40,2
0,2,1,1,12,1,0,1,22,30,62,1,1,100,71,2
0,3,1,1,4,1,0,2,23,30,62,1,1,72,55,1
0,3,0,1,0,0,2,2,23,22,90,1,1,80,56,0
0,2,0,1,8,1,2,2,29,22,90,1,0,50,62,2
0,2,1,1,19,1,2,1,18,10,86,2,1,66,77,2
